gene_id,base_expression,expression_rate,sigma,cell_type_specific,specific_for,inherited_by
Gene_0,1.5825836938748883,1.7345606508924174,1.0,True,Progenitor1,
Gene_1,1.4609078653363547,0.0,1.0,False,,
Gene_2,1.1337882947374798,0.0,1.0,False,,
Gene_3,4.9589861059645575,0.0,1.0,False,,
Gene_4,4.9474205260934525,1.3892984891436595,1.0,True,"StemCell,Progenitor2,TerminalCell_B",StemCell->Progenitor2;Progenitor2->TerminalCell_B
Gene_5,3.1751982031801913,0.0,1.0,False,,
Gene_6,2.761614725744087,0.0,1.0,False,,
Gene_7,1.7414498307044854,0.0,1.0,False,,
Gene_8,3.021340831457714,0.0,1.0,False,,
Gene_9,4.3505546532222255,1.2610164369345571,1.0,True,"StemCell,Progenitor1",StemCell->Progenitor1
Gene_10,1.5816552420624457,2.041143387173566,1.0,True,"StemCell,Progenitor1",StemCell->Progenitor1
Gene_11,3.148005357018639,0.0,1.0,False,,
Gene_12,2.5197373484272965,0.0,1.0,False,,
Gene_13,2.310477737268764,3.2805212841526097,1.0,True,TerminalCell_A,
Gene_14,4.0162615635390235,0.0,1.0,False,,
Gene_15,3.137250704538398,1.8492535403062131,1.0,True,TerminalCell_B,
Gene_16,1.4526635601478666,0.0,1.0,False,,
Gene_17,4.812720126629879,0.0,1.0,False,,
Gene_18,1.8143781761345896,0.0,1.0,False,,
Gene_19,3.473432428670933,2.8002967241976213,1.0,True,Progenitor2,
Gene_20,3.5257444343836712,0.0,1.0,False,,
Gene_21,4.8888778464324805,4.92821974510918,1.0,True,Progenitor1,
Gene_22,4.733484723127382,3.4656775385671343,1.0,True,TerminalCell_B,
Gene_23,1.4533474027943392,0.0,1.0,False,,
Gene_24,4.853586657340339,0.0,1.0,False,,
Gene_25,3.5970069520807715,0.0,1.0,False,,
Gene_26,4.2422480291388975,0.0,1.0,False,,
Gene_27,2.667885502510798,0.0,1.0,False,,
Gene_28,4.409210590078504,4.619013999666812,1.0,True,"StemCell,Progenitor2",StemCell->Progenitor2
Gene_29,1.1634322103958672,0.0,1.0,False,,
Gene_30,1.979274518067438,4.78529506339637,1.0,True,TerminalCell_B,
Gene_31,2.711965230091471,0.0,1.0,False,,
Gene_32,1.183032248817414,0.0,1.0,False,,
Gene_33,2.0896833365767553,0.0,1.0,False,,
Gene_34,1.3769086531750787,2.865722897026894,1.0,True,"StemCell,Progenitor1,TerminalCell_A",StemCell->Progenitor1;Progenitor1->TerminalCell_A
Gene_35,3.477097063337399,1.2860979792735523,1.0,True,Progenitor1,
Gene_36,4.996880220103273,3.1252850773305068,1.0,True,Progenitor2,
Gene_37,4.308012734763629,0.0,1.0,False,,
Gene_38,1.53627776043728,0.0,1.0,False,,
Gene_39,2.8992307935217925,0.0,1.0,False,,
Gene_40,4.384718783573523,0.0,1.0,False,,
Gene_41,4.9704609954484535,0.0,1.0,False,,
Gene_42,4.185636174412945,0.0,1.0,False,,
Gene_43,2.0747658884692997,0.0,1.0,False,,
Gene_44,4.9307736374886515,0.0,1.0,False,,
Gene_45,2.8890592466156777,0.0,1.0,False,,
Gene_46,4.820383254884551,0.0,1.0,False,,
Gene_47,1.5759121565923038,0.0,1.0,False,,
Gene_48,4.5957329711218335,3.5651425315309058,1.0,True,TerminalCell_B,
Gene_49,4.900171576826672,3.0272997272348228,1.0,True,Progenitor2,
Gene_50,1.2569389655868908,0.0,1.0,False,,
Gene_51,2.4319909617405586,0.0,1.0,False,,
Gene_52,4.984350660153586,0.0,1.0,False,,
Gene_53,2.6460423448953665,0.0,1.0,False,,
Gene_54,2.8563508982796475,0.0,1.0,False,,
Gene_55,4.473643979354387,0.0,1.0,False,,
Gene_56,4.682988006617863,2.2033840432543115,1.0,True,TerminalCell_A,
Gene_57,4.160621859936256,0.0,1.0,False,,
Gene_58,1.3782321916796927,0.0,1.0,False,,
Gene_59,3.4452472340765166,1.9755932379939538,1.0,True,TerminalCell_A,
Gene_60,4.074419245634568,0.0,1.0,False,,
Gene_61,2.9414128441403795,0.0,1.0,False,,
Gene_62,3.9494273628722665,3.6438816551833306,1.0,True,TerminalCell_B,
Gene_63,3.6198553940809743,1.1587103409009534,1.0,True,"StemCell,Progenitor1",StemCell->Progenitor1
Gene_64,1.7307307349086898,3.226128879789759,1.0,True,"StemCell,Progenitor1,TerminalCell_A",StemCell->Progenitor1;Progenitor1->TerminalCell_A
Gene_65,4.888738764812516,0.0,1.0,False,,
Gene_66,3.115749534263972,0.0,1.0,False,,
Gene_67,3.6035425004006583,2.6893430810783507,1.0,True,TerminalCell_A,
Gene_68,1.7764780864559273,0.0,1.0,False,,
Gene_69,4.696011280805374,0.0,1.0,False,,
Gene_70,1.4835497558360915,0.0,1.0,False,,
Gene_71,3.054306087198712,0.0,1.0,False,,
Gene_72,1.0704020647713945,0.0,1.0,False,,
Gene_73,4.721036980842627,0.0,1.0,False,,
Gene_74,2.9160272726736207,0.0,1.0,False,,
Gene_75,3.5867177116109903,0.0,1.0,False,,
Gene_76,2.58860002774443,2.6575233694966465,1.0,True,"StemCell,Progenitor1,TerminalCell_A",StemCell->Progenitor1;Progenitor1->TerminalCell_A
Gene_77,2.3069232918931384,0.0,1.0,False,,
Gene_78,3.5575811345505803,0.0,1.0,False,,
Gene_79,4.211521542417215,0.0,1.0,False,,
Gene_80,3.3822337505789943,0.0,1.0,False,,
Gene_81,3.2752406544004473,1.9311852393896696,1.0,True,TerminalCell_A,
Gene_82,1.2725938675614543,0.0,1.0,False,,
Gene_83,4.061196441519062,2.5341369590619904,1.0,True,Progenitor1,
Gene_84,4.275041751641631,0.0,1.0,False,,
Gene_85,1.0249112671732443,0.0,1.0,False,,
Gene_86,4.986423912580463,0.0,1.0,False,,
Gene_87,1.177436867547232,0.0,1.0,False,,
Gene_88,3.7766258219947013,0.0,1.0,False,,
Gene_89,3.9554091213556983,0.0,1.0,False,,
Gene_90,2.96456173272404,0.0,1.0,False,,
Gene_91,1.0333746295592365,1.751337476454443,1.0,True,Progenitor1,
Gene_92,1.4018610415122414,0.0,1.0,False,,
Gene_93,1.4750447386665018,2.8187598007004735,1.0,True,"Progenitor1,TerminalCell_A",Progenitor1->TerminalCell_A
Gene_94,2.17337760692455,2.857813398134659,1.0,True,"StemCell,Progenitor2",StemCell->Progenitor2
Gene_95,1.4688702144566723,0.0,1.0,False,,
Gene_96,3.8543393580859666,1.1006072935572733,1.0,True,TerminalCell_A,
Gene_97,3.258581480304363,2.475018710461994,1.0,True,Progenitor2,
Gene_98,4.35596698053685,0.0,1.0,False,,
Gene_99,3.766432133092823,1.57179698663729,1.0,True,TerminalCell_B,
Gene_100,4.249494682179957,0.0,1.0,False,,
Gene_101,4.860947819859794,0.0,1.0,False,,
Gene_102,3.9239391302017763,0.0,1.0,False,,
Gene_103,1.798071199121523,1.0688962030310774,1.0,True,Progenitor2,
Gene_104,1.6326518382792283,0.0,1.0,False,,
Gene_105,3.4835840029678744,0.0,1.0,False,,
Gene_106,4.049910146985196,0.0,1.0,False,,
Gene_107,3.1615163943581788,0.0,1.0,False,,
Gene_108,4.370393266063198,0.0,1.0,False,,
Gene_109,1.959625807264517,0.0,1.0,False,,
Gene_110,2.5968436521690683,0.0,1.0,False,,
Gene_111,4.204730375974318,0.0,1.0,False,,
Gene_112,3.367930247535132,0.0,1.0,False,,
Gene_113,2.427672551405985,0.0,1.0,False,,
Gene_114,3.41499110883152,0.0,1.0,False,,
Gene_115,4.553095313506763,1.9610454248091749,1.0,True,TerminalCell_B,
Gene_116,2.818670916328983,0.0,1.0,False,,
Gene_117,3.0088211550211907,4.063622275670918,1.0,True,"StemCell,Progenitor2,TerminalCell_B",StemCell->Progenitor2;Progenitor2->TerminalCell_B
Gene_118,3.9126529502493246,0.0,1.0,False,,
Gene_119,1.3098459424448503,0.0,1.0,False,,
Gene_120,3.452567632740099,0.0,1.0,False,,
Gene_121,3.33434084750856,0.0,1.0,False,,
Gene_122,4.67974732644209,0.0,1.0,False,,
Gene_123,1.7452272035662375,0.0,1.0,False,,
Gene_124,2.7377498856411266,0.0,1.0,False,,
Gene_125,3.382136571023472,0.0,1.0,False,,
Gene_126,2.899505533071309,3.537048698484945,1.0,True,"Progenitor2,TerminalCell_B",Progenitor2->TerminalCell_B
Gene_127,3.81735907903081,3.9677935041776133,1.0,True,TerminalCell_B,
Gene_128,3.201362985194312,0.0,1.0,False,,
Gene_129,4.747338435627405,3.8908685558165614,1.0,True,"StemCell,Progenitor1,TerminalCell_A",StemCell->Progenitor1;Progenitor1->TerminalCell_A
Gene_130,2.4641099090246037,0.0,1.0,False,,
Gene_131,4.815531564083436,4.028111748532718,1.0,True,"Progenitor2,TerminalCell_B",Progenitor2->TerminalCell_B
Gene_132,2.071406275085256,0.0,1.0,False,,
Gene_133,2.9538011947851563,0.0,1.0,False,,
Gene_134,2.199903207579539,2.263943330446254,1.0,True,"StemCell,Progenitor1,TerminalCell_A",StemCell->Progenitor1;Progenitor1->TerminalCell_A
Gene_135,3.6774920336486416,0.0,1.0,False,,
Gene_136,4.252531218187975,0.0,1.0,False,,
Gene_137,3.631171560161326,0.0,1.0,False,,
Gene_138,3.1678797894543984,0.0,1.0,False,,
Gene_139,4.212344830030613,0.0,1.0,False,,
Gene_140,3.360232532424611,0.0,1.0,False,,
Gene_141,4.411462002742338,0.0,1.0,False,,
Gene_142,2.9558299840508617,0.0,1.0,False,,
Gene_143,1.0234845739894847,0.0,1.0,False,,
Gene_144,2.5408883399637614,0.0,1.0,False,,
Gene_145,4.165828045554424,0.0,1.0,False,,
Gene_146,2.615355864248664,0.0,1.0,False,,
Gene_147,1.156609349205096,0.0,1.0,False,,
Gene_148,4.959647256937632,4.33149214894904,1.0,True,"StemCell,Progenitor1,TerminalCell_A",StemCell->Progenitor1;Progenitor1->TerminalCell_A
Gene_149,3.8586469541532478,0.0,1.0,False,,
Gene_150,2.2028252364770062,0.0,1.0,False,,
Gene_151,2.4749116852890136,0.0,1.0,False,,
Gene_152,3.369358634975991,0.0,1.0,False,,
Gene_153,3.751132644221341,0.0,1.0,False,,
Gene_154,2.446553200482859,0.0,1.0,False,,
Gene_155,4.732457111486315,0.0,1.0,False,,
Gene_156,1.3248943074900965,0.0,1.0,False,,
Gene_157,2.8641145392549814,0.0,1.0,False,,
Gene_158,3.910104038921454,0.0,1.0,False,,
Gene_159,2.9425664587532077,0.0,1.0,False,,
Gene_160,2.8601148088044184,2.018927497417523,1.0,True,Progenitor2,
Gene_161,1.9108642384763872,0.0,1.0,False,,
Gene_162,2.5677667777499926,0.0,1.0,False,,
Gene_163,1.9628454521524907,3.8813790110674704,1.0,True,TerminalCell_A,
Gene_164,4.0694353916171115,0.0,1.0,False,,
Gene_165,3.100014184376582,0.0,1.0,False,,
Gene_166,2.8207571582395254,0.0,1.0,False,,
Gene_167,4.574563381650426,0.0,1.0,False,,
Gene_168,1.792170737740947,0.0,1.0,False,,
Gene_169,2.9349007639951847,0.0,1.0,False,,
Gene_170,1.9677844054476314,2.9353266165204706,1.0,True,TerminalCell_A,
Gene_171,2.8000404877382787,0.0,1.0,False,,
Gene_172,4.443105886297568,4.613451173795276,1.0,True,"Progenitor1,TerminalCell_A",Progenitor1->TerminalCell_A
Gene_173,4.3563447176980095,0.0,1.0,False,,
Gene_174,3.365621258219853,0.0,1.0,False,,
Gene_175,4.039419448938975,0.0,1.0,False,,
Gene_176,3.531769040326666,2.1419578743376255,1.0,True,"StemCell,Progenitor2,TerminalCell_B",StemCell->Progenitor2;Progenitor2->TerminalCell_B
Gene_177,4.769962613425534,0.0,1.0,False,,
Gene_178,1.6066200441864789,0.0,1.0,False,,
Gene_179,3.7593199890507427,0.0,1.0,False,,
Gene_180,3.115432719064351,0.0,1.0,False,,
Gene_181,1.098678081845077,2.660390914843801,1.0,True,TerminalCell_B,
Gene_182,1.3457744735480301,0.0,1.0,False,,
Gene_183,4.789293093490072,0.0,1.0,False,,
Gene_184,4.894484974574738,2.9868743776961706,1.0,True,TerminalCell_B,
Gene_185,4.470902449408973,2.835239714848638,1.0,True,"Progenitor2,TerminalCell_B",Progenitor2->TerminalCell_B
Gene_186,3.1069933130377305,0.0,1.0,False,,
Gene_187,2.9142107107107007,2.052112070746871,1.0,True,TerminalCell_A,
Gene_188,1.4434942330019873,0.0,1.0,False,,
Gene_189,3.1040985583138543,0.0,1.0,False,,
Gene_190,2.952993517823723,0.0,1.0,False,,
Gene_191,2.8599904162684053,0.0,1.0,False,,
Gene_192,1.4386618879650128,0.0,1.0,False,,
Gene_193,4.657196221460588,1.7039415467730161,1.0,True,"Progenitor2,TerminalCell_B",Progenitor2->TerminalCell_B
Gene_194,1.825527865728989,0.0,1.0,False,,
Gene_195,4.460304994445113,4.385843174935936,1.0,True,Progenitor2,
Gene_196,4.073807534433354,0.0,1.0,False,,
Gene_197,2.8056853009598663,0.0,1.0,False,,
Gene_198,4.562729466601809,2.4533379058594824,1.0,True,TerminalCell_B,
Gene_199,4.366736607625052,0.0,1.0,False,,
Gene_200,1.627514163637727,0.0,1.0,False,,
Gene_201,4.43928474531501,0.0,1.0,False,,
Gene_202,4.4171236279947115,0.0,1.0,False,,
Gene_203,2.996503807978689,1.4367997125853584,1.0,True,Progenitor1,
Gene_204,2.1552043135178036,0.0,1.0,False,,
Gene_205,2.4330555715109927,0.0,1.0,False,,
Gene_206,4.07258893197117,0.0,1.0,False,,
Gene_207,1.9319903138097994,0.0,1.0,False,,
Gene_208,1.2549314310210047,0.0,1.0,False,,
Gene_209,2.6445604001730127,0.0,1.0,False,,
Gene_210,1.2907062465967178,0.0,1.0,False,,
Gene_211,2.5448818250373284,0.0,1.0,False,,
Gene_212,1.6965987427229852,0.0,1.0,False,,
Gene_213,2.348521260910204,0.0,1.0,False,,
Gene_214,4.140605217061832,1.2453938211341251,1.0,True,"Progenitor1,TerminalCell_A",Progenitor1->TerminalCell_A
Gene_215,1.7333377405759478,0.0,1.0,False,,
Gene_216,3.9962606452042966,0.0,1.0,False,,
Gene_217,3.2185876699734095,2.5266843547224678,1.0,True,Progenitor1,
Gene_218,4.762229643411054,0.0,1.0,False,,
Gene_219,4.261444339042363,0.0,1.0,False,,
Gene_220,4.800677145817666,0.0,1.0,False,,
Gene_221,1.4605428565284573,0.0,1.0,False,,
Gene_222,3.4731734408121953,0.0,1.0,False,,
Gene_223,1.2968887321641511,0.0,1.0,False,,
Gene_224,4.516864943668429,0.0,1.0,False,,
Gene_225,1.3711417168168696,0.0,1.0,False,,
Gene_226,3.3178794502346713,2.7518344599448596,1.0,True,Progenitor1,
Gene_227,4.943084248190079,0.0,1.0,False,,
Gene_228,3.6416697423302264,0.0,1.0,False,,
Gene_229,3.9154361908918363,0.0,1.0,False,,
Gene_230,1.3706890978946937,1.391408961708394,1.0,True,TerminalCell_B,
Gene_231,1.2081594951873447,4.398505375754652,1.0,True,"Progenitor1,TerminalCell_A",Progenitor1->TerminalCell_A
Gene_232,3.7264288638278797,0.0,1.0,False,,
Gene_233,3.641636178742626,0.0,1.0,False,,
Gene_234,4.184101428194332,0.0,1.0,False,,
Gene_235,1.697774505798102,0.0,1.0,False,,
Gene_236,2.3101611706997622,0.0,1.0,False,,
Gene_237,2.0017861221985993,0.0,1.0,False,,
Gene_238,1.0728182491018678,3.0861197472772512,1.0,True,"StemCell,Progenitor2,TerminalCell_B",StemCell->Progenitor2;Progenitor2->TerminalCell_B
Gene_239,1.5418789483574145,0.0,1.0,False,,
Gene_240,4.087688989829871,4.071459999760457,1.0,True,"StemCell,Progenitor1",StemCell->Progenitor1
Gene_241,2.6567762382596136,1.6741980297474361,1.0,True,"StemCell,Progenitor2",StemCell->Progenitor2
Gene_242,4.275436588066115,0.0,1.0,False,,
Gene_243,3.248214203171837,3.673756218456077,1.0,True,"StemCell,Progenitor2",StemCell->Progenitor2
Gene_244,3.3262163652788264,0.0,1.0,False,,
Gene_245,3.426021496251309,0.0,1.0,False,,
Gene_246,1.4603084023031903,0.0,1.0,False,,
Gene_247,2.505141979662604,0.0,1.0,False,,
Gene_248,1.668793848537312,0.0,1.0,False,,
Gene_249,4.643417536136678,0.0,1.0,False,,
Gene_250,2.7105805357363493,0.0,1.0,False,,
Gene_251,4.315415231794191,0.0,1.0,False,,
Gene_252,4.2337410219994105,0.0,1.0,False,,
Gene_253,3.2105255685386234,0.0,1.0,False,,
Gene_254,2.399980588818789,0.0,1.0,False,,
Gene_255,4.1906467543361074,0.0,1.0,False,,
Gene_256,2.282374013204962,0.0,1.0,False,,
Gene_257,1.2575677812378054,0.0,1.0,False,,
Gene_258,3.711566988488194,2.535025360439702,1.0,True,TerminalCell_B,
Gene_259,4.517663118358692,0.0,1.0,False,,
Gene_260,1.0402016665503027,0.0,1.0,False,,
Gene_261,1.5249253571419357,0.0,1.0,False,,
Gene_262,3.795472473916813,0.0,1.0,False,,
Gene_263,1.083057980410672,0.0,1.0,False,,
Gene_264,4.74983106434575,0.0,1.0,False,,
Gene_265,1.6336973188009605,2.5110579449245627,1.0,True,Progenitor1,
Gene_266,1.470046768305211,0.0,1.0,False,,
Gene_267,1.6319066914696516,0.0,1.0,False,,
Gene_268,1.0463133685379566,0.0,1.0,False,,
Gene_269,2.8026653100213736,0.0,1.0,False,,
Gene_270,1.6114244997132827,0.0,1.0,False,,
Gene_271,2.3975907318010434,0.0,1.0,False,,
Gene_272,3.825903765715606,0.0,1.0,False,,
Gene_273,1.5031583283570895,0.0,1.0,False,,
Gene_274,1.3393024280561039,3.732142323252125,1.0,True,"StemCell,Progenitor2",StemCell->Progenitor2
Gene_275,3.7601824384248004,0.0,1.0,False,,
Gene_276,2.4247688032144348,0.0,1.0,False,,
Gene_277,2.5021641737025577,0.0,1.0,False,,
Gene_278,1.3041219057593594,0.0,1.0,False,,
Gene_279,2.8449852748307185,0.0,1.0,False,,
Gene_280,4.414853954185347,4.130164720039922,1.0,True,TerminalCell_A,
Gene_281,3.742542402667553,4.672111713004442,1.0,True,TerminalCell_A,
Gene_282,1.572426020562824,2.9336891666267375,1.0,True,"Progenitor1,TerminalCell_A",Progenitor1->TerminalCell_A
Gene_283,1.627125588393195,0.0,1.0,False,,
Gene_284,3.6578061393424295,1.3803398215405758,1.0,True,Progenitor1,
Gene_285,3.8764186566612326,0.0,1.0,False,,
Gene_286,2.7700090236129475,1.4254383713834495,1.0,True,TerminalCell_B,
Gene_287,4.11054976209086,0.0,1.0,False,,
Gene_288,4.627851419952748,0.0,1.0,False,,
Gene_289,4.499410084017797,0.0,1.0,False,,
Gene_290,3.926950889334616,0.0,1.0,False,,
Gene_291,3.334805651923723,0.0,1.0,False,,
Gene_292,2.7162218122922868,0.0,1.0,False,,
Gene_293,1.0824242709354306,1.4005139418653232,1.0,True,TerminalCell_B,
Gene_294,4.1196283939148435,1.2661488976438187,1.0,True,TerminalCell_A,
Gene_295,2.563768929252323,2.260738311207484,1.0,True,"StemCell,Progenitor2",StemCell->Progenitor2
Gene_296,4.355151514440976,0.0,1.0,False,,
Gene_297,4.373664820911504,4.189148347804334,1.0,True,"StemCell,Progenitor1",StemCell->Progenitor1
Gene_298,4.757218301596012,0.0,1.0,False,,
Gene_299,2.3031414058069815,0.0,1.0,False,,
Gene_300,1.4141880040090316,2.8233201301600177,1.0,True,TerminalCell_A,
Gene_301,4.753732343415432,4.236822591753205,1.0,True,"Progenitor2,TerminalCell_B",Progenitor2->TerminalCell_B
Gene_302,4.16995194508744,0.0,1.0,False,,
Gene_303,4.054217322822639,0.0,1.0,False,,
Gene_304,2.759358750342297,2.9713857412022744,1.0,True,TerminalCell_B,
Gene_305,2.0767281345913142,0.0,1.0,False,,
Gene_306,3.536509217157843,0.0,1.0,False,,
Gene_307,1.9831448018703588,0.0,1.0,False,,
Gene_308,3.8881909891370627,0.0,1.0,False,,
Gene_309,3.1630250221669476,0.0,1.0,False,,
Gene_310,2.7605787950117757,0.0,1.0,False,,
Gene_311,4.690246414722862,0.0,1.0,False,,
Gene_312,1.1643744542259538,0.0,1.0,False,,
Gene_313,3.3137862791584634,0.0,1.0,False,,
Gene_314,2.073422512452806,0.0,1.0,False,,
Gene_315,4.839246517753681,0.0,1.0,False,,
Gene_316,4.795106388938718,0.0,1.0,False,,
Gene_317,1.646292246312135,0.0,1.0,False,,
Gene_318,3.043047496984109,4.189185899614157,1.0,True,"StemCell,Progenitor2,TerminalCell_B",StemCell->Progenitor2;Progenitor2->TerminalCell_B
Gene_319,3.4699467008834586,0.0,1.0,False,,
Gene_320,3.8784441602346273,1.392055050981868,1.0,True,TerminalCell_A,
Gene_321,1.847497119023671,0.0,1.0,False,,
Gene_322,1.7338921824007247,0.0,1.0,False,,
Gene_323,1.315218895811538,0.0,1.0,False,,
Gene_324,4.4575638118656835,0.0,1.0,False,,
Gene_325,4.937742031950834,1.2166347957381674,1.0,True,"StemCell,Progenitor1,TerminalCell_A",StemCell->Progenitor1;Progenitor1->TerminalCell_A
Gene_326,4.756291485334998,4.907036011525454,1.0,True,Progenitor2,
Gene_327,2.877500807507843,3.8783773125992576,1.0,True,Progenitor1,
Gene_328,3.5432294588502438,0.0,1.0,False,,
Gene_329,3.9791505959141666,0.0,1.0,False,,
Gene_330,3.312303035762797,0.0,1.0,False,,
Gene_331,1.6246534793581664,0.0,1.0,False,,
Gene_332,2.576055301083632,0.0,1.0,False,,
Gene_333,4.337182744957282,0.0,1.0,False,,
Gene_334,1.4632282830174432,0.0,1.0,False,,
Gene_335,3.7494926423464143,0.0,1.0,False,,
Gene_336,4.163275958789912,0.0,1.0,False,,
Gene_337,2.8466035800110014,2.1240962532970755,1.0,True,"StemCell,Progenitor2",StemCell->Progenitor2
Gene_338,3.871516363287446,0.0,1.0,False,,
Gene_339,2.439619993148957,1.224085402862431,1.0,True,TerminalCell_A,
Gene_340,1.018418211679009,0.0,1.0,False,,
Gene_341,3.8416247582604353,2.1517267819964494,1.0,True,TerminalCell_B,
Gene_342,1.7292015061995558,0.0,1.0,False,,
Gene_343,2.639293932432342,0.0,1.0,False,,
Gene_344,3.3010252771496598,0.0,1.0,False,,
Gene_345,2.967983911186215,0.0,1.0,False,,
Gene_346,1.5414451787619559,0.0,1.0,False,,
Gene_347,4.009234006914234,0.0,1.0,False,,
Gene_348,4.257495133128085,0.0,1.0,False,,
Gene_349,1.8708713949269309,0.0,1.0,False,,
Gene_350,1.746153771051664,0.0,1.0,False,,
Gene_351,2.2679352316448096,0.0,1.0,False,,
Gene_352,3.0659419806227515,1.1202660305288616,1.0,True,TerminalCell_A,
Gene_353,4.520157017039413,0.0,1.0,False,,
Gene_354,2.708882154951329,0.0,1.0,False,,
Gene_355,1.6413494416387207,3.120671197266666,1.0,True,"StemCell,Progenitor1",StemCell->Progenitor1
Gene_356,4.549907591598362,4.907672896172372,1.0,True,Progenitor2,
Gene_357,2.484414178089332,2.71109620783967,1.0,True,TerminalCell_B,
Gene_358,3.0928279023636622,0.0,1.0,False,,
Gene_359,2.8176125446530778,0.0,1.0,False,,
Gene_360,2.946654200681827,0.0,1.0,False,,
Gene_361,2.1251997691063576,0.0,1.0,False,,
Gene_362,3.349583649636656,0.0,1.0,False,,
Gene_363,2.0579529472487255,0.0,1.0,False,,
Gene_364,1.985753984899774,3.641169260830131,1.0,True,Progenitor2,
Gene_365,1.5926509653620937,0.0,1.0,False,,
Gene_366,1.1046417656949123,0.0,1.0,False,,
Gene_367,4.354231925343475,0.0,1.0,False,,
Gene_368,3.0265189319459807,0.0,1.0,False,,
Gene_369,2.980016835511317,0.0,1.0,False,,
Gene_370,4.908651052600433,0.0,1.0,False,,
Gene_371,2.6935512932553487,1.1881625256434396,1.0,True,"Progenitor2,TerminalCell_B",Progenitor2->TerminalCell_B
Gene_372,1.887593613329757,0.0,1.0,False,,
Gene_373,2.355721163224389,0.0,1.0,False,,
Gene_374,4.454181486492129,0.0,1.0,False,,
Gene_375,3.3029681938980464,0.0,1.0,False,,
Gene_376,4.978436042254842,0.0,1.0,False,,
Gene_377,2.4606435853351876,0.0,1.0,False,,
Gene_378,4.825103556281533,3.199960594294922,1.0,True,Progenitor2,
Gene_379,3.7437908408280123,0.0,1.0,False,,
Gene_380,1.6251427297351002,0.0,1.0,False,,
Gene_381,3.562955503502212,1.3759428908570954,1.0,True,"StemCell,Progenitor2,TerminalCell_B",StemCell->Progenitor2;Progenitor2->TerminalCell_B
Gene_382,3.341513480042478,0.0,1.0,False,,
Gene_383,4.500758756007533,0.0,1.0,False,,
Gene_384,4.218904140314546,3.837027321784862,1.0,True,"StemCell,Progenitor2,TerminalCell_B",StemCell->Progenitor2;Progenitor2->TerminalCell_B
Gene_385,4.480376210555027,0.0,1.0,False,,
Gene_386,2.701858944235932,3.7796040032276093,1.0,True,TerminalCell_B,
Gene_387,3.4724199919891965,0.0,1.0,False,,
Gene_388,3.3241699912746503,0.0,1.0,False,,
Gene_389,2.1621682722815354,0.0,1.0,False,,
Gene_390,4.9988770316239535,0.0,1.0,False,,
Gene_391,2.791435189003661,0.0,1.0,False,,
Gene_392,1.0084041799027346,1.9481677768472916,1.0,True,TerminalCell_A,
Gene_393,1.0411528250027793,0.0,1.0,False,,
Gene_394,1.6949672902944517,0.0,1.0,False,,
Gene_395,2.023822117778707,0.0,1.0,False,,
Gene_396,2.780444697627777,0.0,1.0,False,,
Gene_397,4.819308034833605,0.0,1.0,False,,
Gene_398,1.1027706041887613,0.0,1.0,False,,
Gene_399,4.212970369108099,0.0,1.0,False,,
Gene_400,4.922716570089128,0.0,1.0,False,,
Gene_401,3.6296690577807063,0.0,1.0,False,,
Gene_402,2.6718317094260917,2.7190504421656505,1.0,True,TerminalCell_B,
Gene_403,1.095183880499937,0.0,1.0,False,,
Gene_404,4.120653671636422,2.420744200101802,1.0,True,"Progenitor2,TerminalCell_B",Progenitor2->TerminalCell_B
Gene_405,3.4185095021118825,0.0,1.0,False,,
Gene_406,4.224641487375089,3.4219589550940346,1.0,True,Progenitor1,
Gene_407,4.5610913735224035,0.0,1.0,False,,
Gene_408,2.8577149888076567,1.888459920232258,1.0,True,"StemCell,Progenitor2,TerminalCell_B",StemCell->Progenitor2;Progenitor2->TerminalCell_B
Gene_409,3.052845131279205,0.0,1.0,False,,
Gene_410,4.39613387410628,0.0,1.0,False,,
Gene_411,4.418356661420161,0.0,1.0,False,,
Gene_412,1.4350862870623655,0.0,1.0,False,,
Gene_413,4.4936487195296575,0.0,1.0,False,,
Gene_414,3.9590758691305137,0.0,1.0,False,,
Gene_415,4.682513859821668,0.0,1.0,False,,
Gene_416,1.3391002741356846,0.0,1.0,False,,
Gene_417,1.2741911867992974,0.0,1.0,False,,
Gene_418,4.660141249602923,4.024439309665215,1.0,True,TerminalCell_A,
Gene_419,4.708329421527621,1.6778684716274843,1.0,True,"StemCell,Progenitor2,TerminalCell_B",StemCell->Progenitor2;Progenitor2->TerminalCell_B
Gene_420,4.056337227142257,0.0,1.0,False,,
Gene_421,2.445006744723355,0.0,1.0,False,,
Gene_422,3.9917460480294067,0.0,1.0,False,,
Gene_423,1.128826827624069,0.0,1.0,False,,
Gene_424,1.8833151973125677,2.114933141753647,1.0,True,TerminalCell_B,
Gene_425,4.381146237721638,0.0,1.0,False,,
Gene_426,4.725819244030767,0.0,1.0,False,,
Gene_427,2.349608046002248,0.0,1.0,False,,
Gene_428,1.3730721057667243,3.7922489117335263,1.0,True,TerminalCell_A,
Gene_429,3.427625126335465,0.0,1.0,False,,
Gene_430,4.243867354270594,0.0,1.0,False,,
Gene_431,1.5225399547140164,0.0,1.0,False,,
Gene_432,1.3510227022811825,4.371677870212233,1.0,True,Progenitor1,
Gene_433,2.594901005794677,0.0,1.0,False,,
Gene_434,1.0443168900234623,0.0,1.0,False,,
Gene_435,1.7524361977614835,2.1330637373998433,1.0,True,"Progenitor1,TerminalCell_A",Progenitor1->TerminalCell_A
Gene_436,4.722125066191692,0.0,1.0,False,,
Gene_437,2.75352120464613,0.0,1.0,False,,
Gene_438,4.576245711792303,0.0,1.0,False,,
Gene_439,4.929983504102566,0.0,1.0,False,,
Gene_440,3.42912909890605,0.0,1.0,False,,
Gene_441,4.518387770329789,0.0,1.0,False,,
Gene_442,1.0280275248560042,4.62359980627914,1.0,True,TerminalCell_B,
Gene_443,1.1441047848821735,0.0,1.0,False,,
Gene_444,4.208283756248992,4.1397420718963325,1.0,True,"StemCell,Progenitor1,TerminalCell_A",StemCell->Progenitor1;Progenitor1->TerminalCell_A
Gene_445,2.6258049559412657,0.0,1.0,False,,
Gene_446,2.064024296866048,0.0,1.0,False,,
Gene_447,1.6122465483649049,0.0,1.0,False,,
Gene_448,1.8949676100993926,0.0,1.0,False,,
Gene_449,1.4028205230721027,0.0,1.0,False,,
Gene_450,3.6548641285097725,0.0,1.0,False,,
Gene_451,1.1077394491276444,2.3584211774083337,1.0,True,"StemCell,Progenitor2",StemCell->Progenitor2
Gene_452,2.0338791447543922,3.7508369140573348,1.0,True,Progenitor1,
Gene_453,4.815079727415318,0.0,1.0,False,,
Gene_454,3.7494027644774937,3.929477969188526,1.0,True,"Progenitor2,TerminalCell_B",Progenitor2->TerminalCell_B
Gene_455,3.545748073675024,0.0,1.0,False,,
Gene_456,1.9835609362078204,0.0,1.0,False,,
Gene_457,2.5260308403433354,0.0,1.0,False,,
Gene_458,3.3593706763308,0.0,1.0,False,,
Gene_459,2.74638816108491,0.0,1.0,False,,
Gene_460,1.0389139018118985,0.0,1.0,False,,
Gene_461,4.613727615303379,0.0,1.0,False,,
Gene_462,3.599666931380135,0.0,1.0,False,,
Gene_463,2.5436465487184687,0.0,1.0,False,,
Gene_464,1.229219650448318,0.0,1.0,False,,
Gene_465,1.9849995206424338,0.0,1.0,False,,
Gene_466,1.0575360331907304,1.5793235289175804,1.0,True,"Progenitor2,TerminalCell_B",Progenitor2->TerminalCell_B
Gene_467,4.615172121576126,0.0,1.0,False,,
Gene_468,3.398051198724326,1.816794271205156,1.0,True,"StemCell,Progenitor1",StemCell->Progenitor1
Gene_469,4.281611739593224,4.410103833769288,1.0,True,"Progenitor2,TerminalCell_B",Progenitor2->TerminalCell_B
Gene_470,2.7691231005439216,1.6993638553771873,1.0,True,"StemCell,Progenitor1,TerminalCell_A",StemCell->Progenitor1;Progenitor1->TerminalCell_A
Gene_471,3.2719717907462367,0.0,1.0,False,,
Gene_472,1.3532683410972943,0.0,1.0,False,,
Gene_473,4.970397606583626,3.5904825490225076,1.0,True,"Progenitor2,TerminalCell_B",Progenitor2->TerminalCell_B
Gene_474,4.299730808169119,0.0,1.0,False,,
Gene_475,3.9690577716830675,0.0,1.0,False,,
Gene_476,3.8375247348791928,0.0,1.0,False,,
Gene_477,3.5091567670903054,0.0,1.0,False,,
Gene_478,3.5161782853869847,2.197933265254604,1.0,True,TerminalCell_B,
Gene_479,2.5871819586904277,0.0,1.0,False,,
Gene_480,3.215305732470802,0.0,1.0,False,,
Gene_481,1.9056482562747115,1.8501014834161147,1.0,True,TerminalCell_A,
Gene_482,3.428898259905991,0.0,1.0,False,,
Gene_483,2.8827859752151306,0.0,1.0,False,,
Gene_484,1.5971503617893528,3.8542632525436638,1.0,True,"StemCell,Progenitor2",StemCell->Progenitor2
Gene_485,2.0119348270072366,2.228408533743377,1.0,True,"StemCell,Progenitor1,TerminalCell_A",StemCell->Progenitor1;Progenitor1->TerminalCell_A
Gene_486,1.227200144741618,0.0,1.0,False,,
Gene_487,1.3001387458619025,0.0,1.0,False,,
Gene_488,2.07704465798559,0.0,1.0,False,,
Gene_489,4.584147939682498,4.5701856714630225,1.0,True,"StemCell,Progenitor2,TerminalCell_B",StemCell->Progenitor2;Progenitor2->TerminalCell_B
Gene_490,3.6677102796021774,4.325933101533353,1.0,True,"StemCell,Progenitor1,TerminalCell_A",StemCell->Progenitor1;Progenitor1->TerminalCell_A
Gene_491,1.3893878282256815,0.0,1.0,False,,
Gene_492,1.4607277025599679,0.0,1.0,False,,
Gene_493,2.2616996180728024,0.0,1.0,False,,
Gene_494,4.969080648619391,0.0,1.0,False,,
Gene_495,3.3911461940244028,0.0,1.0,False,,
Gene_496,2.7125111511353537,0.0,1.0,False,,
Gene_497,4.735095189177626,4.694009021195803,1.0,True,Progenitor2,
Gene_498,4.354910515000208,0.0,1.0,False,,
Gene_499,4.947655448160196,0.0,1.0,False,,
Gene_500,2.808282054238053,0.0,1.0,False,,
Gene_501,2.079371656600082,0.0,1.0,False,,
Gene_502,4.130818122829517,0.0,1.0,False,,
Gene_503,1.3033168096612453,0.0,1.0,False,,
Gene_504,1.518230275792543,0.0,1.0,False,,
Gene_505,2.620873602753887,0.0,1.0,False,,
Gene_506,1.7498205759138843,4.40499622661447,1.0,True,"StemCell,Progenitor1,TerminalCell_A",StemCell->Progenitor1;Progenitor1->TerminalCell_A
Gene_507,1.661748760173222,1.3907161850152785,1.0,True,TerminalCell_B,
Gene_508,2.866002754600627,0.0,1.0,False,,
Gene_509,4.129144967820913,4.753786096986082,1.0,True,"Progenitor2,TerminalCell_B",Progenitor2->TerminalCell_B
Gene_510,1.587587703499599,0.0,1.0,False,,
Gene_511,3.811346587054754,4.137061326848279,1.0,True,"StemCell,Progenitor1,TerminalCell_A",StemCell->Progenitor1;Progenitor1->TerminalCell_A
Gene_512,3.6042206936825556,0.0,1.0,False,,
Gene_513,4.162480586651919,3.9576103677518137,1.0,True,"StemCell,Progenitor1,TerminalCell_A",StemCell->Progenitor1;Progenitor1->TerminalCell_A
Gene_514,1.0463757732010897,0.0,1.0,False,,
Gene_515,1.9618627447323842,4.288539283822007,1.0,True,"Progenitor2,TerminalCell_B",Progenitor2->TerminalCell_B
Gene_516,4.222138401348456,4.971241119170749,1.0,True,TerminalCell_B,
Gene_517,3.767745487511287,2.3714694861752554,1.0,True,"StemCell,Progenitor1,TerminalCell_A",StemCell->Progenitor1;Progenitor1->TerminalCell_A
Gene_518,3.797670355159173,0.0,1.0,False,,
Gene_519,3.570094172437067,0.0,1.0,False,,
Gene_520,3.075252007622333,4.543139361187039,1.0,True,TerminalCell_A,
Gene_521,4.151173487158372,0.0,1.0,False,,
Gene_522,4.929895287797993,0.0,1.0,False,,
Gene_523,2.5507417228758316,0.0,1.0,False,,
Gene_524,2.0813449674763183,0.0,1.0,False,,
Gene_525,1.6142813956745719,0.0,1.0,False,,
Gene_526,3.179252129240258,0.0,1.0,False,,
Gene_527,3.4589635654488573,0.0,1.0,False,,
Gene_528,1.9166770292096333,0.0,1.0,False,,
Gene_529,1.549401423122975,4.906890528170628,1.0,True,"Progenitor1,TerminalCell_A",Progenitor1->TerminalCell_A
Gene_530,4.944070346814286,0.0,1.0,False,,
Gene_531,3.061122307641673,1.46860217730406,1.0,True,"Progenitor2,TerminalCell_B",Progenitor2->TerminalCell_B
Gene_532,3.563306930794374,0.0,1.0,False,,
Gene_533,3.767881483837493,0.0,1.0,False,,
Gene_534,1.0466180391488575,4.090182005487451,1.0,True,TerminalCell_A,
Gene_535,1.1027303049569328,0.0,1.0,False,,
Gene_536,1.8882710184381848,0.0,1.0,False,,
Gene_537,3.113369548656989,2.4460582770376824,1.0,True,TerminalCell_B,
Gene_538,4.410918170880257,0.0,1.0,False,,
Gene_539,3.5941453553782625,2.8487397215011008,1.0,True,TerminalCell_A,
Gene_540,1.6801035250091285,1.7911498529441552,1.0,True,"Progenitor2,TerminalCell_B",Progenitor2->TerminalCell_B
Gene_541,4.189525727147519,0.0,1.0,False,,
Gene_542,2.49377183391289,0.0,1.0,False,,
Gene_543,4.9998985355885335,4.741181756001241,1.0,True,"StemCell,Progenitor1",StemCell->Progenitor1
Gene_544,4.793260861163823,1.3709364813705056,1.0,True,"StemCell,Progenitor1,TerminalCell_A",StemCell->Progenitor1;Progenitor1->TerminalCell_A
Gene_545,2.778307849016812,1.9792813825846856,1.0,True,Progenitor2,
Gene_546,1.4549839880363495,0.0,1.0,False,,
Gene_547,1.3378725096266537,0.0,1.0,False,,
Gene_548,2.7983980088973848,0.0,1.0,False,,
Gene_549,4.189489097804591,0.0,1.0,False,,
Gene_550,3.0364676008559113,0.0,1.0,False,,
Gene_551,3.920163936000173,0.0,1.0,False,,
Gene_552,2.6512293991130913,0.0,1.0,False,,
Gene_553,3.691251412091656,3.3447783143726673,1.0,True,TerminalCell_A,
Gene_554,1.5789672514113184,0.0,1.0,False,,
Gene_555,4.103075367820068,1.2879976800153585,1.0,True,"StemCell,Progenitor2",StemCell->Progenitor2
Gene_556,3.428351498593487,0.0,1.0,False,,
Gene_557,1.7670935151553322,0.0,1.0,False,,
Gene_558,1.8450261507657824,4.749213965600807,1.0,True,"StemCell,Progenitor2,TerminalCell_B",StemCell->Progenitor2;Progenitor2->TerminalCell_B
Gene_559,3.7615805758846075,0.0,1.0,False,,
Gene_560,4.369401568104951,0.0,1.0,False,,
Gene_561,4.90380385737423,0.0,1.0,False,,
Gene_562,3.4899555535550353,0.0,1.0,False,,
Gene_563,3.814724387480859,0.0,1.0,False,,
Gene_564,3.5804287691970904,0.0,1.0,False,,
Gene_565,3.265375641229079,0.0,1.0,False,,
Gene_566,2.8690210634380433,0.0,1.0,False,,
Gene_567,1.105814363971246,0.0,1.0,False,,
Gene_568,1.8498976639649816,0.0,1.0,False,,
Gene_569,3.3702312615880974,0.0,1.0,False,,
Gene_570,2.1543364188191383,1.2372589123976652,1.0,True,Progenitor2,
Gene_571,4.685282307830124,0.0,1.0,False,,
Gene_572,1.3146079974786606,0.0,1.0,False,,
Gene_573,2.94221658768693,0.0,1.0,False,,
Gene_574,4.911843547007878,0.0,1.0,False,,
Gene_575,4.151229090276367,0.0,1.0,False,,
Gene_576,4.9135015636515185,0.0,1.0,False,,
Gene_577,3.018199151913228,0.0,1.0,False,,
Gene_578,3.990825005304872,2.779770569974397,1.0,True,"Progenitor1,TerminalCell_A",Progenitor1->TerminalCell_A
Gene_579,3.1599458474606172,4.9853445934837435,1.0,True,TerminalCell_B,
Gene_580,3.633346356051864,1.9758662228670856,1.0,True,TerminalCell_A,
Gene_581,4.782946618195839,0.0,1.0,False,,
Gene_582,4.16237952140936,3.1908454156206396,1.0,True,"StemCell,Progenitor1,TerminalCell_A",StemCell->Progenitor1;Progenitor1->TerminalCell_A
Gene_583,1.278642055055641,0.0,1.0,False,,
Gene_584,1.5080894475003204,0.0,1.0,False,,
Gene_585,4.112748902308373,0.0,1.0,False,,
Gene_586,2.9605782378817236,3.837759064632856,1.0,True,"Progenitor1,TerminalCell_A",Progenitor1->TerminalCell_A
Gene_587,2.562310518370112,3.1302507815178684,1.0,True,"StemCell,Progenitor2,TerminalCell_B",StemCell->Progenitor2;Progenitor2->TerminalCell_B
Gene_588,1.2045325974891812,0.0,1.0,False,,
Gene_589,2.5615794799195735,0.0,1.0,False,,
Gene_590,2.4395298403649317,0.0,1.0,False,,
Gene_591,3.8793818609737865,0.0,1.0,False,,
Gene_592,4.604133027940877,0.0,1.0,False,,
Gene_593,1.4406668339763091,0.0,1.0,False,,
Gene_594,4.627749242663075,1.2193236319476433,1.0,True,Progenitor2,
Gene_595,4.587084255308813,0.0,1.0,False,,
Gene_596,3.4122842420035786,0.0,1.0,False,,
Gene_597,1.6899789481184042,0.0,1.0,False,,
Gene_598,1.397844473563067,0.0,1.0,False,,
Gene_599,4.365387827997664,0.0,1.0,False,,
Gene_600,4.772570587456052,0.0,1.0,False,,
Gene_601,4.369203692789743,0.0,1.0,False,,
Gene_602,4.686255308824108,0.0,1.0,False,,
Gene_603,1.454128385938799,0.0,1.0,False,,
Gene_604,2.5878039178796537,2.7497326815177647,1.0,True,TerminalCell_A,
Gene_605,4.396157833529862,0.0,1.0,False,,
Gene_606,2.19096824286034,0.0,1.0,False,,
Gene_607,3.9783740556721128,3.42897939987587,1.0,True,TerminalCell_B,
Gene_608,3.1357253816638955,0.0,1.0,False,,
Gene_609,2.424778972772627,4.759194064875173,1.0,True,TerminalCell_A,
Gene_610,2.2084498241436177,0.0,1.0,False,,
Gene_611,3.7887420218547194,0.0,1.0,False,,
Gene_612,4.846364625253758,0.0,1.0,False,,
Gene_613,2.57407869220921,0.0,1.0,False,,
Gene_614,1.5358408964148489,0.0,1.0,False,,
Gene_615,4.477700069361382,3.131428452462647,1.0,True,TerminalCell_B,
Gene_616,3.70818197850044,1.7661349525343355,1.0,True,"Progenitor1,TerminalCell_A",Progenitor1->TerminalCell_A
Gene_617,1.2857633809721172,0.0,1.0,False,,
Gene_618,3.624460490884214,4.502713493555246,1.0,True,TerminalCell_A,
Gene_619,4.737766945351145,0.0,1.0,False,,
Gene_620,2.277710971616429,2.8591346637937414,1.0,True,"StemCell,Progenitor1",StemCell->Progenitor1
Gene_621,4.3535999340274865,3.7302097452821292,1.0,True,TerminalCell_A,
Gene_622,2.6461870055426613,0.0,1.0,False,,
Gene_623,2.647684668772332,0.0,1.0,False,,
Gene_624,4.169857545755019,0.0,1.0,False,,
Gene_625,2.649951116992657,1.0461830535720655,1.0,True,"Progenitor1,TerminalCell_A",Progenitor1->TerminalCell_A
Gene_626,4.501077814769089,0.0,1.0,False,,
Gene_627,4.344786519814324,0.0,1.0,False,,
Gene_628,2.131679796082598,3.6614834102887293,1.0,True,"StemCell,Progenitor1",StemCell->Progenitor1
Gene_629,3.4181393502378357,0.0,1.0,False,,
Gene_630,4.865931354667993,0.0,1.0,False,,
Gene_631,3.539976224087266,0.0,1.0,False,,
Gene_632,4.668919078906514,0.0,1.0,False,,
Gene_633,2.7875919622690977,0.0,1.0,False,,
Gene_634,3.202041486750699,0.0,1.0,False,,
Gene_635,1.5202960197151367,0.0,1.0,False,,
Gene_636,2.564136104137291,3.6797704005666594,1.0,True,"StemCell,Progenitor1",StemCell->Progenitor1
Gene_637,1.1015900243600312,0.0,1.0,False,,
Gene_638,2.529846448176691,0.0,1.0,False,,
Gene_639,4.0793390592531384,3.9520934609131517,1.0,True,"StemCell,Progenitor1",StemCell->Progenitor1
Gene_640,3.179723191158185,0.0,1.0,False,,
Gene_641,3.7487939823944747,0.0,1.0,False,,
Gene_642,3.6750855432434397,0.0,1.0,False,,
Gene_643,2.683102776854777,0.0,1.0,False,,
Gene_644,3.841223707242307,0.0,1.0,False,,
Gene_645,3.3846759482246753,1.8062867852348896,1.0,True,"StemCell,Progenitor1,TerminalCell_A",StemCell->Progenitor1;Progenitor1->TerminalCell_A
Gene_646,1.9186014752556009,0.0,1.0,False,,
Gene_647,4.404161278034827,0.0,1.0,False,,
Gene_648,3.4270729976248044,0.0,1.0,False,,
Gene_649,4.95728707661392,0.0,1.0,False,,
Gene_650,2.460902875370315,2.2110866395263575,1.0,True,"StemCell,Progenitor1",StemCell->Progenitor1
Gene_651,1.9073413470165805,0.0,1.0,False,,
Gene_652,4.714001666274996,0.0,1.0,False,,
Gene_653,1.2168392523571288,0.0,1.0,False,,
Gene_654,3.8460834610712813,2.753676609471807,1.0,True,"StemCell,Progenitor1",StemCell->Progenitor1
Gene_655,3.3442571535562418,4.155398222253066,1.0,True,TerminalCell_A,
Gene_656,4.899109792107053,0.0,1.0,False,,
Gene_657,4.512937837189377,0.0,1.0,False,,
Gene_658,4.186200870782508,0.0,1.0,False,,
Gene_659,3.4689339609369956,0.0,1.0,False,,
Gene_660,1.359007023555871,1.8526614817138318,1.0,True,"StemCell,Progenitor2,TerminalCell_B",StemCell->Progenitor2;Progenitor2->TerminalCell_B
Gene_661,1.8132287885295018,0.0,1.0,False,,
Gene_662,1.8117709370096828,0.0,1.0,False,,
Gene_663,2.4713762363545735,0.0,1.0,False,,
Gene_664,3.0707664991566817,4.590001142479866,1.0,True,"StemCell,Progenitor1,TerminalCell_A",StemCell->Progenitor1;Progenitor1->TerminalCell_A
Gene_665,4.987045149905871,0.0,1.0,False,,
Gene_666,3.625847054412066,0.0,1.0,False,,
Gene_667,2.6285500804583135,0.0,1.0,False,,
Gene_668,1.909888985483284,0.0,1.0,False,,
Gene_669,4.99799649027549,0.0,1.0,False,,
Gene_670,2.693709864052943,0.0,1.0,False,,
Gene_671,1.0122860851715245,4.095040409009909,1.0,True,"StemCell,Progenitor2,TerminalCell_B",StemCell->Progenitor2;Progenitor2->TerminalCell_B
Gene_672,2.089973877344379,0.0,1.0,False,,
Gene_673,2.5556967844048524,0.0,1.0,False,,
Gene_674,4.792582355582599,3.3841333937878,1.0,True,"StemCell,Progenitor2",StemCell->Progenitor2
Gene_675,4.338410276639928,0.0,1.0,False,,
Gene_676,1.0232633188280018,0.0,1.0,False,,
Gene_677,2.609293346720455,0.0,1.0,False,,
Gene_678,2.3922497568151413,2.1899653063388054,1.0,True,"StemCell,Progenitor2,TerminalCell_B",StemCell->Progenitor2;Progenitor2->TerminalCell_B
Gene_679,1.3076201998785346,2.8082168322394585,1.0,True,"StemCell,Progenitor2,TerminalCell_B",StemCell->Progenitor2;Progenitor2->TerminalCell_B
Gene_680,2.377479418128155,0.0,1.0,False,,
Gene_681,2.6295552906356554,4.690192584891072,1.0,True,TerminalCell_B,
Gene_682,2.7571405549193595,0.0,1.0,False,,
Gene_683,2.31965945047797,0.0,1.0,False,,
Gene_684,3.8953219466027384,0.0,1.0,False,,
Gene_685,4.252713124049166,0.0,1.0,False,,
Gene_686,2.442138187875116,0.0,1.0,False,,
Gene_687,1.5414132525298179,0.0,1.0,False,,
Gene_688,2.774268465094454,3.6443523514549354,1.0,True,"StemCell,Progenitor2",StemCell->Progenitor2
Gene_689,3.038078486958829,0.0,1.0,False,,
Gene_690,3.7192905091028354,0.0,1.0,False,,
Gene_691,3.4893060144414423,4.68646888675134,1.0,True,"StemCell,Progenitor2",StemCell->Progenitor2
Gene_692,1.2486531231726823,0.0,1.0,False,,
Gene_693,4.935645580870851,0.0,1.0,False,,
Gene_694,4.578501517747727,3.155149852160276,1.0,True,Progenitor1,
Gene_695,4.835664900648474,0.0,1.0,False,,
Gene_696,4.258276824045383,0.0,1.0,False,,
Gene_697,4.296235981045606,0.0,1.0,False,,
Gene_698,3.277970175412242,0.0,1.0,False,,
Gene_699,1.1123713330526468,0.0,1.0,False,,
Gene_700,4.141973791682448,0.0,1.0,False,,
Gene_701,3.832378811493482,0.0,1.0,False,,
Gene_702,4.687850637906215,0.0,1.0,False,,
Gene_703,3.9728686496535937,0.0,1.0,False,,
Gene_704,3.372374391449211,1.6867502293913779,1.0,True,"Progenitor1,TerminalCell_A",Progenitor1->TerminalCell_A
Gene_705,3.4285837338858043,0.0,1.0,False,,
Gene_706,2.952101514312469,0.0,1.0,False,,
Gene_707,4.354264001583923,1.2339397321233418,1.0,True,TerminalCell_A,
Gene_708,2.9637898806955376,0.0,1.0,False,,
Gene_709,3.5874430375065987,0.0,1.0,False,,
Gene_710,1.3392566376125603,0.0,1.0,False,,
Gene_711,2.9704231637003757,2.463552046610019,1.0,True,TerminalCell_A,
Gene_712,4.97499470056902,2.853912817348969,1.0,True,"StemCell,Progenitor1",StemCell->Progenitor1
Gene_713,1.1559448922638378,0.0,1.0,False,,
Gene_714,1.1470260920367754,4.9322448810661434,1.0,True,TerminalCell_A,
Gene_715,4.565830240419197,0.0,1.0,False,,
Gene_716,4.6035807514588765,0.0,1.0,False,,
Gene_717,4.001075505090991,0.0,1.0,False,,
Gene_718,1.339817390636365,1.228944464519231,1.0,True,"StemCell,Progenitor1,TerminalCell_A",StemCell->Progenitor1;Progenitor1->TerminalCell_A
Gene_719,2.707502641340985,0.0,1.0,False,,
Gene_720,2.4811154064738044,0.0,1.0,False,,
Gene_721,4.807849989432328,0.0,1.0,False,,
Gene_722,1.8110376210146728,0.0,1.0,False,,
Gene_723,4.178498525391424,0.0,1.0,False,,
Gene_724,3.9457482828679544,1.347114957762611,1.0,True,TerminalCell_B,
Gene_725,1.4761832242747484,0.0,1.0,False,,
Gene_726,1.7368105614996172,0.0,1.0,False,,
Gene_727,2.9155735578380675,4.543336620004046,1.0,True,"Progenitor1,TerminalCell_A",Progenitor1->TerminalCell_A
Gene_728,1.7576338261074516,0.0,1.0,False,,
Gene_729,4.882980584702294,3.382158183226062,1.0,True,Progenitor2,
Gene_730,4.482772057554408,2.70984098339878,1.0,True,TerminalCell_A,
Gene_731,1.9462190717153045,3.5342976493970326,1.0,True,"Progenitor1,TerminalCell_A",Progenitor1->TerminalCell_A
Gene_732,2.312321725886618,0.0,1.0,False,,
Gene_733,1.777101732899041,0.0,1.0,False,,
Gene_734,1.8329242558696168,0.0,1.0,False,,
Gene_735,3.1581093130196596,0.0,1.0,False,,
Gene_736,1.9304849255567058,4.939863004123593,1.0,True,TerminalCell_B,
Gene_737,1.412361911537507,0.0,1.0,False,,
Gene_738,1.6198752099359095,0.0,1.0,False,,
Gene_739,4.519772953115645,0.0,1.0,False,,
Gene_740,2.565715611084545,0.0,1.0,False,,
Gene_741,1.7459597680167214,1.9344970241752995,1.0,True,"Progenitor1,TerminalCell_A",Progenitor1->TerminalCell_A
Gene_742,3.3830296947558733,0.0,1.0,False,,
Gene_743,3.7059342147614696,0.0,1.0,False,,
Gene_744,4.374596547733226,0.0,1.0,False,,
Gene_745,2.1591757913953713,0.0,1.0,False,,
Gene_746,1.4280377581741077,0.0,1.0,False,,
Gene_747,4.514024604975949,0.0,1.0,False,,
Gene_748,1.8504291909035393,1.04080522965549,1.0,True,TerminalCell_A,
Gene_749,1.782668893141726,0.0,1.0,False,,
Gene_750,1.8611444916260949,3.4147025681229954,1.0,True,"Progenitor2,TerminalCell_B",Progenitor2->TerminalCell_B
Gene_751,2.4652034500481195,0.0,1.0,False,,
Gene_752,3.4998317387315536,0.0,1.0,False,,
Gene_753,1.336803323049598,0.0,1.0,False,,
Gene_754,1.9704189584017877,0.0,1.0,False,,
Gene_755,2.310283061428471,0.0,1.0,False,,
Gene_756,4.84251679633241,0.0,1.0,False,,
Gene_757,2.2916770104397517,1.984807243817333,1.0,True,TerminalCell_B,
Gene_758,4.017427821715067,0.0,1.0,False,,
Gene_759,2.6531846071422898,0.0,1.0,False,,
Gene_760,4.510293391262017,2.9033793086204027,1.0,True,Progenitor1,
Gene_761,4.623319264469599,4.266021770037062,1.0,True,"StemCell,Progenitor1",StemCell->Progenitor1
Gene_762,4.25406188964666,0.0,1.0,False,,
Gene_763,2.1268415357492714,0.0,1.0,False,,
Gene_764,4.782564278861832,1.8949075704451706,1.0,True,"StemCell,Progenitor1,TerminalCell_A",StemCell->Progenitor1;Progenitor1->TerminalCell_A
Gene_765,4.583950467033795,0.0,1.0,False,,
Gene_766,1.5943633026707151,0.0,1.0,False,,
Gene_767,2.350746529047443,0.0,1.0,False,,
Gene_768,4.5720687160205316,0.0,1.0,False,,
Gene_769,1.4445160016283491,0.0,1.0,False,,
Gene_770,2.2201933801849014,0.0,1.0,False,,
Gene_771,4.498692365913373,0.0,1.0,False,,
Gene_772,3.238844454711882,0.0,1.0,False,,
Gene_773,3.459374512349446,1.1409621474918525,1.0,True,TerminalCell_B,
Gene_774,1.4599981458288918,0.0,1.0,False,,
Gene_775,1.3205873595141564,0.0,1.0,False,,
Gene_776,1.260335141891272,0.0,1.0,False,,
Gene_777,2.216090144125904,1.8026624770017166,1.0,True,"StemCell,Progenitor2",StemCell->Progenitor2
Gene_778,3.232965418990206,3.7711573824119267,1.0,True,TerminalCell_A,
Gene_779,1.0735904269309553,0.0,1.0,False,,
Gene_780,1.2042693081240365,0.0,1.0,False,,
Gene_781,2.059144580772576,0.0,1.0,False,,
Gene_782,1.7736799132169363,0.0,1.0,False,,
Gene_783,3.7763348807214454,0.0,1.0,False,,
Gene_784,4.074382293600933,0.0,1.0,False,,
Gene_785,3.387288279523224,0.0,1.0,False,,
Gene_786,1.2526250787204067,0.0,1.0,False,,
Gene_787,4.6078618596325,2.171791402402138,1.0,True,"StemCell,Progenitor1,TerminalCell_A",StemCell->Progenitor1;Progenitor1->TerminalCell_A
Gene_788,1.8082267059077317,0.0,1.0,False,,
Gene_789,1.0861788489900213,0.0,1.0,False,,
Gene_790,1.3873595264230811,0.0,1.0,False,,
Gene_791,3.1965480390382193,0.0,1.0,False,,
Gene_792,1.5931313353722945,0.0,1.0,False,,
Gene_793,3.815186754643765,0.0,1.0,False,,
Gene_794,1.775829689215159,0.0,1.0,False,,
Gene_795,3.871682872130366,0.0,1.0,False,,
Gene_796,4.973733135862178,0.0,1.0,False,,
Gene_797,1.999218280915902,0.0,1.0,False,,
Gene_798,4.482773736706866,0.0,1.0,False,,
Gene_799,2.454840666247142,0.0,1.0,False,,
Gene_800,1.2355748960382789,0.0,1.0,False,,
Gene_801,1.3651312726475338,0.0,1.0,False,,
Gene_802,3.57520369301613,0.0,1.0,False,,
Gene_803,1.0425510988768383,0.0,1.0,False,,
Gene_804,1.8788312873612756,0.0,1.0,False,,
Gene_805,4.224101289890854,1.3632606407299157,1.0,True,"StemCell,Progenitor1",StemCell->Progenitor1
Gene_806,3.1604223821748016,0.0,1.0,False,,
Gene_807,1.1191834663305298,0.0,1.0,False,,
Gene_808,4.202061586687728,3.0680435925878125,1.0,True,Progenitor1,
Gene_809,4.307601303745342,0.0,1.0,False,,
Gene_810,2.5189295839645993,0.0,1.0,False,,
Gene_811,3.8776417827177383,1.9443820136423233,1.0,True,Progenitor1,
Gene_812,3.041504000027784,0.0,1.0,False,,
Gene_813,1.4833525054231056,4.170691933573293,1.0,True,"StemCell,Progenitor2",StemCell->Progenitor2
Gene_814,1.3478069641830288,2.419583231025896,1.0,True,"StemCell,Progenitor2,TerminalCell_B",StemCell->Progenitor2;Progenitor2->TerminalCell_B
Gene_815,3.078648632130502,3.803060947330416,1.0,True,"Progenitor1,TerminalCell_A",Progenitor1->TerminalCell_A
Gene_816,2.801270282807886,0.0,1.0,False,,
Gene_817,2.0838992459454526,1.8968590259546008,1.0,True,"StemCell,Progenitor2,TerminalCell_B",StemCell->Progenitor2;Progenitor2->TerminalCell_B
Gene_818,1.8573482466336593,0.0,1.0,False,,
Gene_819,4.705717713112328,2.7892931133457846,1.0,True,"StemCell,Progenitor1,TerminalCell_A",StemCell->Progenitor1;Progenitor1->TerminalCell_A
Gene_820,2.171438832057563,4.702678568138242,1.0,True,"StemCell,Progenitor1",StemCell->Progenitor1
Gene_821,1.2419338411049794,0.0,1.0,False,,
Gene_822,2.7955527763924883,0.0,1.0,False,,
Gene_823,4.048446746145178,0.0,1.0,False,,
Gene_824,2.9615249768367216,0.0,1.0,False,,
Gene_825,2.2519103853656683,0.0,1.0,False,,
Gene_826,3.9694429979319397,0.0,1.0,False,,
Gene_827,2.3204613841044295,0.0,1.0,False,,
Gene_828,4.026454454338332,1.2413373280378366,1.0,True,"StemCell,Progenitor2",StemCell->Progenitor2
Gene_829,2.520576739822929,1.0499290983606144,1.0,True,"StemCell,Progenitor1,TerminalCell_A",StemCell->Progenitor1;Progenitor1->TerminalCell_A
Gene_830,2.4185667206003383,0.0,1.0,False,,
Gene_831,3.333914248517316,0.0,1.0,False,,
Gene_832,3.2766700970514675,3.4523523263844864,1.0,True,TerminalCell_B,
Gene_833,2.100978211287499,0.0,1.0,False,,
Gene_834,3.5161899774477243,0.0,1.0,False,,
Gene_835,4.304738480056249,0.0,1.0,False,,
Gene_836,3.6119320759119407,0.0,1.0,False,,
Gene_837,1.8874320298011988,0.0,1.0,False,,
Gene_838,4.338413123402436,0.0,1.0,False,,
Gene_839,4.311633499343247,4.2006668728938745,1.0,True,"StemCell,Progenitor2",StemCell->Progenitor2
Gene_840,2.291393512367959,1.7636696001712013,1.0,True,Progenitor1,
Gene_841,4.766620048304331,0.0,1.0,False,,
Gene_842,1.4050584819439367,0.0,1.0,False,,
Gene_843,3.243883725912983,0.0,1.0,False,,
Gene_844,2.945324053798745,0.0,1.0,False,,
Gene_845,2.483983498198586,3.229708299722757,1.0,True,"StemCell,Progenitor1",StemCell->Progenitor1
Gene_846,1.8939677862083624,0.0,1.0,False,,
Gene_847,1.4407358367009504,4.434398887772092,1.0,True,"StemCell,Progenitor1",StemCell->Progenitor1
Gene_848,1.3640185044768907,0.0,1.0,False,,
Gene_849,4.515294186736092,0.0,1.0,False,,
Gene_850,2.9446243034406243,0.0,1.0,False,,
Gene_851,4.070959277605038,0.0,1.0,False,,
Gene_852,2.7507139481876224,2.9878704211508715,1.0,True,"StemCell,Progenitor2",StemCell->Progenitor2
Gene_853,2.7930735208519413,0.0,1.0,False,,
Gene_854,4.113481495384426,1.3483932830112306,1.0,True,TerminalCell_B,
Gene_855,4.206146122668532,0.0,1.0,False,,
Gene_856,1.4219434571928757,2.991579482133392,1.0,True,"StemCell,Progenitor1,TerminalCell_A",StemCell->Progenitor1;Progenitor1->TerminalCell_A
Gene_857,3.2510096195308122,0.0,1.0,False,,
Gene_858,3.8937981761610416,0.0,1.0,False,,
Gene_859,3.854596605168164,0.0,1.0,False,,
Gene_860,2.0209301817483474,1.327169401356473,1.0,True,Progenitor1,
Gene_861,3.512265127806332,0.0,1.0,False,,
Gene_862,4.714754178308491,0.0,1.0,False,,
Gene_863,4.991794985743709,0.0,1.0,False,,
Gene_864,4.974993646647073,0.0,1.0,False,,
Gene_865,4.995692217230509,0.0,1.0,False,,
Gene_866,1.6542725436962629,0.0,1.0,False,,
Gene_867,4.688038828283325,0.0,1.0,False,,
Gene_868,4.5236569567256275,0.0,1.0,False,,
Gene_869,2.670453185832787,0.0,1.0,False,,
Gene_870,3.6793557942574426,0.0,1.0,False,,
Gene_871,4.405237703066478,4.442344040009077,1.0,True,"StemCell,Progenitor2",StemCell->Progenitor2
Gene_872,1.6412456239926554,3.634568958884975,1.0,True,TerminalCell_B,
Gene_873,2.5785477294110977,0.0,1.0,False,,
Gene_874,3.1728235197189787,0.0,1.0,False,,
Gene_875,2.9177731418224826,0.0,1.0,False,,
Gene_876,1.7564395202995255,0.0,1.0,False,,
Gene_877,1.6166104655230282,0.0,1.0,False,,
Gene_878,3.069472728460633,0.0,1.0,False,,
Gene_879,2.2152191271465718,0.0,1.0,False,,
Gene_880,3.9359905074055623,0.0,1.0,False,,
Gene_881,1.1522999630670667,0.0,1.0,False,,
Gene_882,3.4100801813263995,0.0,1.0,False,,
Gene_883,2.555359594351474,1.9864921695080633,1.0,True,TerminalCell_A,
Gene_884,3.2857244476049376,0.0,1.0,False,,
Gene_885,2.4334946723785724,0.0,1.0,False,,
Gene_886,3.1261531902758497,3.5393379771276305,1.0,True,"Progenitor1,TerminalCell_A",Progenitor1->TerminalCell_A
Gene_887,4.329743738183909,0.0,1.0,False,,
Gene_888,1.4519145491529915,0.0,1.0,False,,
Gene_889,2.0742698245090665,2.822678251505908,1.0,True,"StemCell,Progenitor2",StemCell->Progenitor2
Gene_890,3.3962429587823633,3.4266156485018584,1.0,True,TerminalCell_B,
Gene_891,3.3732818484717773,0.0,1.0,False,,
Gene_892,1.4060172334931114,0.0,1.0,False,,
Gene_893,2.150065337737799,0.0,1.0,False,,
Gene_894,2.0870417512291324,0.0,1.0,False,,
Gene_895,1.0172371852681215,0.0,1.0,False,,
Gene_896,4.847488663029674,0.0,1.0,False,,
Gene_897,3.2812197290449445,0.0,1.0,False,,
Gene_898,3.709462882431311,0.0,1.0,False,,
Gene_899,2.5067653153055907,0.0,1.0,False,,
Gene_900,1.4988566375242485,0.0,1.0,False,,
Gene_901,1.0895253339193092,0.0,1.0,False,,
Gene_902,2.746011984231109,2.178791944578586,1.0,True,Progenitor1,
Gene_903,1.871275857069704,0.0,1.0,False,,
Gene_904,1.7196867836685037,0.0,1.0,False,,
Gene_905,1.710532319440773,0.0,1.0,False,,
Gene_906,4.618688818178335,0.0,1.0,False,,
Gene_907,4.86103107149407,0.0,1.0,False,,
Gene_908,3.7962728775175543,0.0,1.0,False,,
Gene_909,3.7483515533961747,0.0,1.0,False,,
Gene_910,2.9308307321232046,1.7801970893463217,1.0,True,TerminalCell_A,
Gene_911,2.1039050322849895,0.0,1.0,False,,
Gene_912,4.495682193287729,0.0,1.0,False,,
Gene_913,4.395021852449753,0.0,1.0,False,,
Gene_914,4.253618302202122,0.0,1.0,False,,
Gene_915,1.2625335687057238,0.0,1.0,False,,
Gene_916,3.6901845848098636,0.0,1.0,False,,
Gene_917,3.896993952662757,2.3266692566737834,1.0,True,"Progenitor2,TerminalCell_B",Progenitor2->TerminalCell_B
Gene_918,3.7365432808653027,0.0,1.0,False,,
Gene_919,2.261980633002134,0.0,1.0,False,,
Gene_920,1.4783122787415204,0.0,1.0,False,,
Gene_921,4.672958410250915,0.0,1.0,False,,
Gene_922,1.3210421574972098,0.0,1.0,False,,
Gene_923,3.2462334106093795,2.102610843713552,1.0,True,"Progenitor2,TerminalCell_B",Progenitor2->TerminalCell_B
Gene_924,3.8751322675426416,0.0,1.0,False,,
Gene_925,4.882397757962421,2.837791312439635,1.0,True,"Progenitor1,TerminalCell_A",Progenitor1->TerminalCell_A
Gene_926,1.3934369871195051,2.1821630899046194,1.0,True,Progenitor2,
Gene_927,4.070292292314132,0.0,1.0,False,,
Gene_928,4.554839689735083,0.0,1.0,False,,
Gene_929,4.308543182983774,0.0,1.0,False,,
Gene_930,3.6561203605389876,0.0,1.0,False,,
Gene_931,3.0738142512542215,0.0,1.0,False,,
Gene_932,3.4787336392177246,0.0,1.0,False,,
Gene_933,2.19552697448811,0.0,1.0,False,,
Gene_934,3.1672189988107218,0.0,1.0,False,,
Gene_935,2.383826309048412,0.0,1.0,False,,
Gene_936,1.472874295236402,1.5023804750230498,1.0,True,Progenitor1,
Gene_937,1.948223606297983,0.0,1.0,False,,
Gene_938,3.701548204084195,0.0,1.0,False,,
Gene_939,2.5065404131980684,0.0,1.0,False,,
Gene_940,1.8617358680480796,0.0,1.0,False,,
Gene_941,4.058364439009459,0.0,1.0,False,,
Gene_942,2.226878618166739,2.2793686382150065,1.0,True,"StemCell,Progenitor1",StemCell->Progenitor1
Gene_943,4.31281905361678,0.0,1.0,False,,
Gene_944,3.0340159622095078,0.0,1.0,False,,
Gene_945,3.9969083795080906,2.465455287096805,1.0,True,Progenitor2,
Gene_946,2.599817665210931,0.0,1.0,False,,
Gene_947,3.4173868215958643,2.600319785171491,1.0,True,Progenitor2,
Gene_948,3.868895778738008,0.0,1.0,False,,
Gene_949,4.980474152753063,0.0,1.0,False,,
Gene_950,3.260116937090023,0.0,1.0,False,,
Gene_951,3.6730913241469847,3.1155902004891978,1.0,True,TerminalCell_A,
Gene_952,3.0525866285018,1.722100936312295,1.0,True,"Progenitor1,TerminalCell_A",Progenitor1->TerminalCell_A
Gene_953,3.829480230440609,0.0,1.0,False,,
Gene_954,4.4166838782746956,1.8424141812448602,1.0,True,Progenitor2,
Gene_955,2.349879100384524,0.0,1.0,False,,
Gene_956,3.297594145995908,0.0,1.0,False,,
Gene_957,1.8866461623384292,0.0,1.0,False,,
Gene_958,2.42054367813641,0.0,1.0,False,,
Gene_959,2.9982937911290564,4.974259562163511,1.0,True,Progenitor2,
Gene_960,3.141438649007364,0.0,1.0,False,,
Gene_961,2.926745733663592,0.0,1.0,False,,
Gene_962,4.858648925733016,1.6794953468160458,1.0,True,Progenitor2,
Gene_963,1.3587923992082138,0.0,1.0,False,,
Gene_964,3.1072859306205673,0.0,1.0,False,,
Gene_965,2.134821539112818,0.0,1.0,False,,
Gene_966,4.692090613624172,0.0,1.0,False,,
Gene_967,1.305392213678779,0.0,1.0,False,,
Gene_968,1.5555501324620695,0.0,1.0,False,,
Gene_969,1.8849567684105315,0.0,1.0,False,,
Gene_970,3.3580528720483063,2.966521591253818,1.0,True,TerminalCell_A,
Gene_971,4.951383989905445,0.0,1.0,False,,
Gene_972,4.277318356780544,0.0,1.0,False,,
Gene_973,4.643957449846456,2.488472053833656,1.0,True,TerminalCell_B,
Gene_974,4.4344767435531445,2.2309598442201306,1.0,True,"StemCell,Progenitor1",StemCell->Progenitor1
Gene_975,3.3852716907536156,0.0,1.0,False,,
Gene_976,2.9790920522852247,0.0,1.0,False,,
Gene_977,1.1369613413583748,4.834699196851588,1.0,True,"StemCell,Progenitor1",StemCell->Progenitor1
Gene_978,2.6884571009588565,0.0,1.0,False,,
Gene_979,2.393403382654577,0.0,1.0,False,,
Gene_980,3.105808805427615,0.0,1.0,False,,
Gene_981,2.0789481615207697,0.0,1.0,False,,
Gene_982,4.487826590043956,2.9415912713281465,1.0,True,Progenitor1,
Gene_983,2.4734198823570024,0.0,1.0,False,,
Gene_984,1.2924483826546287,0.0,1.0,False,,
Gene_985,2.2830154169043166,0.0,1.0,False,,
Gene_986,3.381139717720714,0.0,1.0,False,,
Gene_987,4.822274352766932,4.6006775675056755,1.0,True,"StemCell,Progenitor1,TerminalCell_A",StemCell->Progenitor1;Progenitor1->TerminalCell_A
Gene_988,1.0138777317337624,0.0,1.0,False,,
Gene_989,1.0642565439761946,0.0,1.0,False,,
Gene_990,4.831830857977961,0.0,1.0,False,,
Gene_991,3.885128972217404,0.0,1.0,False,,
Gene_992,2.6392122324741893,3.1789545948023497,1.0,True,TerminalCell_A,
Gene_993,4.437685499022386,4.612713399629737,1.0,True,Progenitor1,
Gene_994,1.5422432175928908,0.0,1.0,False,,
Gene_995,4.524169980540115,0.0,1.0,False,,
Gene_996,1.870595985067156,4.836433156530421,1.0,True,Progenitor1,
Gene_997,1.739985328370703,0.0,1.0,False,,
Gene_998,2.1748726188337613,3.988678012778561,1.0,True,"Progenitor2,TerminalCell_B",Progenitor2->TerminalCell_B
Gene_999,1.014212009281101,3.499595086702089,1.0,True,Progenitor1,
Gene_1000,3.282790764565966,0.0,1.0,False,,
Gene_1001,4.828871465603477,0.0,1.0,False,,
Gene_1002,3.8328824645885615,0.0,1.0,False,,
Gene_1003,3.924491398316827,0.0,1.0,False,,
Gene_1004,3.3030256543109666,4.757608617171652,1.0,True,Progenitor1,
Gene_1005,4.784523322484773,0.0,1.0,False,,
Gene_1006,2.0282118620084484,0.0,1.0,False,,
Gene_1007,2.325902834725128,0.0,1.0,False,,
Gene_1008,1.157631968359833,0.0,1.0,False,,
Gene_1009,2.0229468556098467,3.819447094094434,1.0,True,TerminalCell_A,
Gene_1010,3.5466159407834468,0.0,1.0,False,,
Gene_1011,4.3058308773760015,2.032652997188249,1.0,True,"StemCell,Progenitor2,TerminalCell_B",StemCell->Progenitor2;Progenitor2->TerminalCell_B
Gene_1012,4.534318285107194,0.0,1.0,False,,
Gene_1013,2.4137195518230348,0.0,1.0,False,,
Gene_1014,3.73931849373949,0.0,1.0,False,,
Gene_1015,1.1105826441067,0.0,1.0,False,,
Gene_1016,1.912437474601289,0.0,1.0,False,,
Gene_1017,3.828705053651386,0.0,1.0,False,,
Gene_1018,4.397612324557827,1.3721373485989323,1.0,True,TerminalCell_B,
Gene_1019,1.3460024341010604,0.0,1.0,False,,
Gene_1020,1.456445433563768,0.0,1.0,False,,
Gene_1021,3.0620466099952486,1.0439759472660017,1.0,True,"Progenitor2,TerminalCell_B",Progenitor2->TerminalCell_B
Gene_1022,1.031235943286326,0.0,1.0,False,,
Gene_1023,4.000701865521435,1.8376209635951515,1.0,True,TerminalCell_B,
Gene_1024,1.628714250859141,0.0,1.0,False,,
Gene_1025,2.2605232834928666,0.0,1.0,False,,
Gene_1026,1.725463297661273,0.0,1.0,False,,
Gene_1027,2.7238048581915706,0.0,1.0,False,,
Gene_1028,2.359788618554339,0.0,1.0,False,,
Gene_1029,4.324857308199952,1.3509291258003913,1.0,True,TerminalCell_B,
Gene_1030,1.071392057457873,0.0,1.0,False,,
Gene_1031,2.6103804254205634,0.0,1.0,False,,
Gene_1032,3.78406233625456,3.837271867040148,1.0,True,TerminalCell_A,
Gene_1033,2.4829856551667318,0.0,1.0,False,,
Gene_1034,4.67570740878192,0.0,1.0,False,,
Gene_1035,2.099941052610919,0.0,1.0,False,,
Gene_1036,1.6788363724131687,0.0,1.0,False,,
Gene_1037,3.1246108798106045,0.0,1.0,False,,
Gene_1038,1.8851677323009772,4.11470775635287,1.0,True,"StemCell,Progenitor2,TerminalCell_B",StemCell->Progenitor2;Progenitor2->TerminalCell_B
Gene_1039,3.238370408644491,0.0,1.0,False,,
Gene_1040,3.656488416914606,3.6154642817863443,1.0,True,"StemCell,Progenitor2",StemCell->Progenitor2
Gene_1041,3.346656790192412,0.0,1.0,False,,
Gene_1042,3.914265189797854,0.0,1.0,False,,
Gene_1043,2.931267043757107,0.0,1.0,False,,
Gene_1044,1.2629947697758293,0.0,1.0,False,,
Gene_1045,2.6096748465102397,0.0,1.0,False,,
Gene_1046,3.6591229645563215,0.0,1.0,False,,
Gene_1047,1.1970952279384277,4.7147148961597605,1.0,True,TerminalCell_A,
Gene_1048,4.996078449488142,0.0,1.0,False,,
Gene_1049,3.573184377767691,0.0,1.0,False,,
Gene_1050,1.745242698685892,0.0,1.0,False,,
Gene_1051,4.202392157331529,0.0,1.0,False,,
Gene_1052,2.983188027181342,0.0,1.0,False,,
Gene_1053,4.52216068075481,0.0,1.0,False,,
Gene_1054,3.3223496560930035,0.0,1.0,False,,
Gene_1055,4.121968101827517,0.0,1.0,False,,
Gene_1056,3.4440698790224764,0.0,1.0,False,,
Gene_1057,2.914356753129409,0.0,1.0,False,,
Gene_1058,1.814553073010782,0.0,1.0,False,,
Gene_1059,4.49507197740672,0.0,1.0,False,,
Gene_1060,3.999673918347633,0.0,1.0,False,,
Gene_1061,1.854679759377147,0.0,1.0,False,,
Gene_1062,3.4089393193534154,1.9121134633748182,1.0,True,"Progenitor1,TerminalCell_A",Progenitor1->TerminalCell_A
Gene_1063,1.181206796659283,3.823750168744191,1.0,True,"Progenitor2,TerminalCell_B",Progenitor2->TerminalCell_B
Gene_1064,3.4252073116470023,0.0,1.0,False,,
Gene_1065,3.188221988228554,0.0,1.0,False,,
Gene_1066,2.8243446603768314,1.446157913140861,1.0,True,"StemCell,Progenitor2,TerminalCell_B",StemCell->Progenitor2;Progenitor2->TerminalCell_B
Gene_1067,2.6876989203947566,0.0,1.0,False,,
Gene_1068,1.7576761261934455,0.0,1.0,False,,
Gene_1069,1.4740971826086215,0.0,1.0,False,,
Gene_1070,4.3127771504991275,0.0,1.0,False,,
Gene_1071,4.108048490808045,0.0,1.0,False,,
Gene_1072,2.789588664866574,3.9188190056601244,1.0,True,Progenitor1,
Gene_1073,4.7576379457122515,0.0,1.0,False,,
Gene_1074,2.1254850843576865,0.0,1.0,False,,
Gene_1075,4.1022482457649225,2.4428349963460727,1.0,True,"StemCell,Progenitor2,TerminalCell_B",StemCell->Progenitor2;Progenitor2->TerminalCell_B
Gene_1076,4.016541370852467,0.0,1.0,False,,
Gene_1077,2.100982947950422,0.0,1.0,False,,
Gene_1078,2.8351773817549613,3.5869819513322434,1.0,True,TerminalCell_A,
Gene_1079,3.068722568653826,0.0,1.0,False,,
Gene_1080,3.208977060695558,0.0,1.0,False,,
Gene_1081,4.588285690240496,0.0,1.0,False,,
Gene_1082,4.679237905645891,0.0,1.0,False,,
Gene_1083,3.3789030440501815,0.0,1.0,False,,
Gene_1084,3.6034872203328665,0.0,1.0,False,,
Gene_1085,4.666822447579193,0.0,1.0,False,,
Gene_1086,4.021419149068178,0.0,1.0,False,,
Gene_1087,2.823019119147026,0.0,1.0,False,,
Gene_1088,2.5969066071125146,0.0,1.0,False,,
Gene_1089,2.269676793373843,0.0,1.0,False,,
Gene_1090,2.9474873413347162,0.0,1.0,False,,
Gene_1091,4.490485821518476,0.0,1.0,False,,
Gene_1092,2.4734694349728334,3.9568098989026024,1.0,True,"Progenitor2,TerminalCell_B",Progenitor2->TerminalCell_B
Gene_1093,4.77516124153228,0.0,1.0,False,,
Gene_1094,4.509155093042532,0.0,1.0,False,,
Gene_1095,4.45312879819817,0.0,1.0,False,,
Gene_1096,3.6729268153702006,0.0,1.0,False,,
Gene_1097,3.2649451184155915,0.0,1.0,False,,
Gene_1098,1.0308190235124752,3.904112673126511,1.0,True,"StemCell,Progenitor2,TerminalCell_B",StemCell->Progenitor2;Progenitor2->TerminalCell_B
Gene_1099,4.373982816230484,0.0,1.0,False,,
Gene_1100,2.357567728462181,0.0,1.0,False,,
Gene_1101,2.5577185656100876,4.898002839938863,1.0,True,"Progenitor2,TerminalCell_B",Progenitor2->TerminalCell_B
Gene_1102,3.8172546682071866,0.0,1.0,False,,
Gene_1103,1.0300789648205741,0.0,1.0,False,,
Gene_1104,3.255308401902465,0.0,1.0,False,,
Gene_1105,1.8718834061271235,2.4771288777170812,1.0,True,TerminalCell_B,
Gene_1106,3.3361741790759867,0.0,1.0,False,,
Gene_1107,3.66625498446746,0.0,1.0,False,,
Gene_1108,1.4161313543568448,4.6270625375279115,1.0,True,"Progenitor1,TerminalCell_A",Progenitor1->TerminalCell_A
Gene_1109,1.1649341067558843,0.0,1.0,False,,
Gene_1110,4.4631216650996475,0.0,1.0,False,,
Gene_1111,2.509408533129586,0.0,1.0,False,,
Gene_1112,3.19307202995129,1.8538056841113404,1.0,True,"StemCell,Progenitor2",StemCell->Progenitor2
Gene_1113,1.732309118704333,0.0,1.0,False,,
Gene_1114,3.2727392475447896,0.0,1.0,False,,
Gene_1115,3.8863345479810705,0.0,1.0,False,,
Gene_1116,4.828508572977506,0.0,1.0,False,,
Gene_1117,2.732847538258662,0.0,1.0,False,,
Gene_1118,4.195091750556273,0.0,1.0,False,,
Gene_1119,3.23716757772912,0.0,1.0,False,,
Gene_1120,1.09183107590251,3.2736253140237284,1.0,True,"StemCell,Progenitor1",StemCell->Progenitor1
Gene_1121,1.4604754638678648,4.519846316397026,1.0,True,"StemCell,Progenitor1",StemCell->Progenitor1
Gene_1122,3.4591666033856314,3.9803663818438353,1.0,True,TerminalCell_A,
Gene_1123,3.5687243317829886,0.0,1.0,False,,
Gene_1124,1.7267083930159934,0.0,1.0,False,,
Gene_1125,3.0602980269908544,0.0,1.0,False,,
Gene_1126,4.136912189180579,0.0,1.0,False,,
Gene_1127,2.445945624783729,3.738919511678233,1.0,True,TerminalCell_A,
Gene_1128,1.126418798162919,0.0,1.0,False,,
Gene_1129,3.5985716418134435,0.0,1.0,False,,
Gene_1130,2.5526871768968347,0.0,1.0,False,,
Gene_1131,4.287180512146752,0.0,1.0,False,,
Gene_1132,3.382990882376493,0.0,1.0,False,,
Gene_1133,3.220212560076565,0.0,1.0,False,,
Gene_1134,2.163470360378581,0.0,1.0,False,,
Gene_1135,3.141295932415925,0.0,1.0,False,,
Gene_1136,4.052593342582292,0.0,1.0,False,,
Gene_1137,2.4873573295426206,0.0,1.0,False,,
Gene_1138,4.443522448157363,4.2534633261683625,1.0,True,TerminalCell_B,
Gene_1139,1.2007104920326128,0.0,1.0,False,,
Gene_1140,1.158676090226185,0.0,1.0,False,,
Gene_1141,2.4440720843259665,3.6709810844319746,1.0,True,"StemCell,Progenitor2,TerminalCell_B",StemCell->Progenitor2;Progenitor2->TerminalCell_B
Gene_1142,4.715804703913431,0.0,1.0,False,,
Gene_1143,1.647207430646937,3.8032613843075493,1.0,True,Progenitor2,
Gene_1144,3.3599786941569945,0.0,1.0,False,,
Gene_1145,2.9329184809737288,0.0,1.0,False,,
Gene_1146,2.843870183760082,2.173467063542997,1.0,True,"Progenitor1,TerminalCell_A",Progenitor1->TerminalCell_A
Gene_1147,3.5695375726751744,1.7249801386122834,1.0,True,"StemCell,Progenitor2",StemCell->Progenitor2
Gene_1148,2.8072190122933343,0.0,1.0,False,,
Gene_1149,2.3385730969546863,0.0,1.0,False,,
Gene_1150,3.0009786574092105,0.0,1.0,False,,
Gene_1151,4.338071128833808,0.0,1.0,False,,
Gene_1152,1.2482235817698624,3.3954046453731213,1.0,True,TerminalCell_B,
Gene_1153,3.1059790455465257,0.0,1.0,False,,
Gene_1154,2.9007490380260137,2.06317489500133,1.0,True,"StemCell,Progenitor1,TerminalCell_A",StemCell->Progenitor1;Progenitor1->TerminalCell_A
Gene_1155,1.1467441136433942,1.8644346729883936,1.0,True,Progenitor2,
Gene_1156,4.200870436484916,0.0,1.0,False,,
Gene_1157,1.2848831540227414,0.0,1.0,False,,
Gene_1158,2.3000545990002927,1.2299789603254383,1.0,True,Progenitor2,
Gene_1159,3.8781835333987535,0.0,1.0,False,,
Gene_1160,3.6804626307110038,0.0,1.0,False,,
Gene_1161,2.8069470642547345,0.0,1.0,False,,
Gene_1162,4.860454331793655,0.0,1.0,False,,
Gene_1163,3.826336078613623,0.0,1.0,False,,
Gene_1164,1.0428523955107494,0.0,1.0,False,,
Gene_1165,4.91047887319359,0.0,1.0,False,,
Gene_1166,3.0864633682731615,1.6188521937036917,1.0,True,"StemCell,Progenitor2",StemCell->Progenitor2
Gene_1167,2.507824254650691,0.0,1.0,False,,
Gene_1168,4.222114992984936,0.0,1.0,False,,
Gene_1169,3.493859278474691,4.521898174781928,1.0,True,TerminalCell_A,
Gene_1170,1.2449897070784313,2.1267834816400164,1.0,True,TerminalCell_B,
Gene_1171,1.8727040305005245,4.416639151296543,1.0,True,TerminalCell_A,
Gene_1172,2.494742040848823,3.877816471485746,1.0,True,"StemCell,Progenitor2",StemCell->Progenitor2
Gene_1173,2.73165307996037,0.0,1.0,False,,
Gene_1174,4.629075043015786,0.0,1.0,False,,
Gene_1175,3.961742863991259,0.0,1.0,False,,
Gene_1176,2.914381434111092,3.040721898246176,1.0,True,TerminalCell_A,
Gene_1177,4.294614803305316,0.0,1.0,False,,
Gene_1178,4.991182601884861,0.0,1.0,False,,
Gene_1179,3.86767779854477,1.4667044044309474,1.0,True,"StemCell,Progenitor2,TerminalCell_B",StemCell->Progenitor2;Progenitor2->TerminalCell_B
Gene_1180,4.125476084753606,0.0,1.0,False,,
Gene_1181,1.2132758939220292,3.0991702260550764,1.0,True,"StemCell,Progenitor1,TerminalCell_A",StemCell->Progenitor1;Progenitor1->TerminalCell_A
Gene_1182,2.1998579893250874,3.8634187755822604,1.0,True,TerminalCell_A,
Gene_1183,2.3560498446974294,0.0,1.0,False,,
Gene_1184,4.596789306508661,0.0,1.0,False,,
Gene_1185,2.8487237667124785,0.0,1.0,False,,
Gene_1186,2.6581776679672697,0.0,1.0,False,,
Gene_1187,2.630368463687917,4.9817970140863945,1.0,True,"Progenitor1,TerminalCell_A",Progenitor1->TerminalCell_A
Gene_1188,4.660463910653377,3.1953757829436302,1.0,True,TerminalCell_A,
Gene_1189,3.9049180284472804,3.426386981178918,1.0,True,TerminalCell_B,
Gene_1190,2.222151770476907,0.0,1.0,False,,
Gene_1191,4.901364358675545,0.0,1.0,False,,
Gene_1192,4.714188756973111,3.090094745016533,1.0,True,"StemCell,Progenitor1",StemCell->Progenitor1
Gene_1193,2.7369459556917066,0.0,1.0,False,,
Gene_1194,3.9207390624778307,0.0,1.0,False,,
Gene_1195,4.3822247894053366,0.0,1.0,False,,
Gene_1196,4.3585681907045455,4.687851370533512,1.0,True,"StemCell,Progenitor1,TerminalCell_A",StemCell->Progenitor1;Progenitor1->TerminalCell_A
Gene_1197,4.31137819755675,0.0,1.0,False,,
Gene_1198,2.405870669034794,0.0,1.0,False,,
Gene_1199,3.680971840324781,0.0,1.0,False,,
Gene_1200,1.9181374429216511,0.0,1.0,False,,
Gene_1201,1.1800646693242123,0.0,1.0,False,,
Gene_1202,2.988452115548027,0.0,1.0,False,,
Gene_1203,3.578554478609025,0.0,1.0,False,,
Gene_1204,1.6371257515549469,0.0,1.0,False,,
Gene_1205,4.622909090208799,0.0,1.0,False,,
Gene_1206,2.569474357636592,0.0,1.0,False,,
Gene_1207,4.538011589630939,0.0,1.0,False,,
Gene_1208,3.9591501278395547,0.0,1.0,False,,
Gene_1209,3.601696465397137,0.0,1.0,False,,
Gene_1210,4.403701235952917,0.0,1.0,False,,
Gene_1211,4.726985193505719,2.3483824010892733,1.0,True,TerminalCell_A,
Gene_1212,2.593906384990899,0.0,1.0,False,,
Gene_1213,4.053096160097505,0.0,1.0,False,,
Gene_1214,2.50344656699763,0.0,1.0,False,,
Gene_1215,4.802897783157091,0.0,1.0,False,,
Gene_1216,4.945081562292195,0.0,1.0,False,,
Gene_1217,3.475641345709337,2.323821030342512,1.0,True,TerminalCell_B,
Gene_1218,4.787652023476033,0.0,1.0,False,,
Gene_1219,3.8538115574644047,0.0,1.0,False,,
Gene_1220,1.591046617932815,0.0,1.0,False,,
Gene_1221,4.993473046858274,0.0,1.0,False,,
Gene_1222,1.4324961401636545,0.0,1.0,False,,
Gene_1223,4.968310279983504,3.858131758835966,1.0,True,"StemCell,Progenitor1,TerminalCell_A",StemCell->Progenitor1;Progenitor1->TerminalCell_A
Gene_1224,3.724593323000488,3.9989328280295773,1.0,True,"Progenitor1,TerminalCell_A",Progenitor1->TerminalCell_A
Gene_1225,3.124954497810485,0.0,1.0,False,,
Gene_1226,4.813140145288315,1.1201076298535537,1.0,True,"StemCell,Progenitor2",StemCell->Progenitor2
Gene_1227,4.827634146471571,0.0,1.0,False,,
Gene_1228,3.246051590892833,0.0,1.0,False,,
Gene_1229,3.0420573368870185,0.0,1.0,False,,
Gene_1230,3.975178258645315,0.0,1.0,False,,
Gene_1231,1.733402727885355,0.0,1.0,False,,
Gene_1232,4.184628847603179,0.0,1.0,False,,
Gene_1233,2.564260828090978,0.0,1.0,False,,
Gene_1234,2.788186986373587,3.978491246494017,1.0,True,"StemCell,Progenitor1,TerminalCell_A",StemCell->Progenitor1;Progenitor1->TerminalCell_A
Gene_1235,1.383965821394809,0.0,1.0,False,,
Gene_1236,1.3967162557261577,0.0,1.0,False,,
Gene_1237,2.0869633212374397,2.463623873661125,1.0,True,"Progenitor2,TerminalCell_B",Progenitor2->TerminalCell_B
Gene_1238,3.5625081630303645,0.0,1.0,False,,
Gene_1239,2.992586890998285,0.0,1.0,False,,
Gene_1240,2.697463289309177,1.3377889499378641,1.0,True,Progenitor2,
Gene_1241,2.2277007445826826,0.0,1.0,False,,
Gene_1242,1.7359472743655697,0.0,1.0,False,,
Gene_1243,2.336650788906919,0.0,1.0,False,,
Gene_1244,3.8005329721748464,0.0,1.0,False,,
Gene_1245,2.519323982503381,0.0,1.0,False,,
Gene_1246,4.14652171045385,0.0,1.0,False,,
Gene_1247,1.5955906009274998,0.0,1.0,False,,
Gene_1248,1.3761062663539438,0.0,1.0,False,,
Gene_1249,2.2423366727549863,0.0,1.0,False,,
Gene_1250,2.28367002248155,0.0,1.0,False,,
Gene_1251,4.090742178586746,0.0,1.0,False,,
Gene_1252,4.354356624595457,0.0,1.0,False,,
Gene_1253,3.1221352405450298,4.037061355223154,1.0,True,"StemCell,Progenitor2",StemCell->Progenitor2
Gene_1254,1.0003540958731034,2.561824980474408,1.0,True,"StemCell,Progenitor2,TerminalCell_B",StemCell->Progenitor2;Progenitor2->TerminalCell_B
Gene_1255,3.7254782961784834,2.2347232008177933,1.0,True,"StemCell,Progenitor1,TerminalCell_A",StemCell->Progenitor1;Progenitor1->TerminalCell_A
Gene_1256,4.148483146885042,0.0,1.0,False,,
Gene_1257,2.5885388599220596,0.0,1.0,False,,
Gene_1258,2.604864911631684,0.0,1.0,False,,
Gene_1259,2.087808379482943,0.0,1.0,False,,
Gene_1260,3.272148946471491,0.0,1.0,False,,
Gene_1261,4.408628441319968,2.0936669084467225,1.0,True,TerminalCell_B,
Gene_1262,4.870823886227301,2.5015241906291847,1.0,True,TerminalCell_B,
Gene_1263,4.217097851258446,0.0,1.0,False,,
Gene_1264,2.5334904840161347,0.0,1.0,False,,
Gene_1265,1.6188212904708785,0.0,1.0,False,,
Gene_1266,4.4473854066526695,4.093999966921508,1.0,True,TerminalCell_A,
Gene_1267,4.29789029449445,3.0965467148457297,1.0,True,"Progenitor1,TerminalCell_A",Progenitor1->TerminalCell_A
Gene_1268,2.0050963536063153,1.8650684198975513,1.0,True,TerminalCell_B,
Gene_1269,2.7559992220176874,0.0,1.0,False,,
Gene_1270,2.1223242138124454,2.5965901231815613,1.0,True,"StemCell,Progenitor1,TerminalCell_A",StemCell->Progenitor1;Progenitor1->TerminalCell_A
Gene_1271,2.6209531477700154,0.0,1.0,False,,
Gene_1272,3.717233353110965,1.042780387341236,1.0,True,TerminalCell_A,
Gene_1273,2.9587533248454947,2.598789321818175,1.0,True,TerminalCell_B,
Gene_1274,3.108712324933263,0.0,1.0,False,,
Gene_1275,3.982206564338855,0.0,1.0,False,,
Gene_1276,3.8111441942373494,0.0,1.0,False,,
Gene_1277,3.2965965421151195,0.0,1.0,False,,
Gene_1278,4.193674621896598,0.0,1.0,False,,
Gene_1279,1.16423911177653,0.0,1.0,False,,
Gene_1280,3.272359578123504,0.0,1.0,False,,
Gene_1281,1.9625195751148268,0.0,1.0,False,,
Gene_1282,2.764670693829773,3.6297601779605975,1.0,True,"StemCell,Progenitor1",StemCell->Progenitor1
Gene_1283,2.9541810061149802,0.0,1.0,False,,
Gene_1284,3.936804384609556,0.0,1.0,False,,
Gene_1285,3.6010058309097155,0.0,1.0,False,,
Gene_1286,3.485017422233974,1.0067255398575194,1.0,True,TerminalCell_A,
Gene_1287,2.766701589821307,0.0,1.0,False,,
Gene_1288,1.1905267562463226,0.0,1.0,False,,
Gene_1289,2.1571882522611716,0.0,1.0,False,,
Gene_1290,4.16925149254633,2.2838053361038098,1.0,True,"StemCell,Progenitor1",StemCell->Progenitor1
Gene_1291,2.2822633554367395,0.0,1.0,False,,
Gene_1292,3.9484441453867234,2.5562504521888396,1.0,True,"StemCell,Progenitor1,TerminalCell_A",StemCell->Progenitor1;Progenitor1->TerminalCell_A
Gene_1293,3.432214714700117,0.0,1.0,False,,
Gene_1294,4.570599448097264,0.0,1.0,False,,
Gene_1295,2.3137400861101516,0.0,1.0,False,,
Gene_1296,1.8295768751594301,4.58866461757677,1.0,True,Progenitor2,
Gene_1297,1.2478965584396327,3.1360201011965034,1.0,True,"StemCell,Progenitor1,TerminalCell_A",StemCell->Progenitor1;Progenitor1->TerminalCell_A
Gene_1298,4.368895669069133,0.0,1.0,False,,
Gene_1299,1.0621075066322523,2.969562870259508,1.0,True,Progenitor2,
Gene_1300,3.106024342153549,1.0428058202573918,1.0,True,"StemCell,Progenitor2,TerminalCell_B",StemCell->Progenitor2;Progenitor2->TerminalCell_B
Gene_1301,3.5107502595010245,0.0,1.0,False,,
Gene_1302,1.7927660958829779,0.0,1.0,False,,
Gene_1303,2.2235512231546064,0.0,1.0,False,,
Gene_1304,3.6207897924564283,2.9779845531835742,1.0,True,TerminalCell_B,
Gene_1305,1.5484789029793262,0.0,1.0,False,,
Gene_1306,2.7070083875012867,3.887317176390199,1.0,True,TerminalCell_A,
Gene_1307,3.5740914701329034,4.378095442554058,1.0,True,"StemCell,Progenitor1,TerminalCell_A",StemCell->Progenitor1;Progenitor1->TerminalCell_A
Gene_1308,1.4698176821537072,0.0,1.0,False,,
Gene_1309,2.5598040758714133,0.0,1.0,False,,
Gene_1310,4.936141717621494,0.0,1.0,False,,
Gene_1311,1.5763788066880924,0.0,1.0,False,,
Gene_1312,1.2163908837766333,1.1016750612791921,1.0,True,Progenitor2,
Gene_1313,3.4723791447035466,0.0,1.0,False,,
Gene_1314,4.056917288024597,3.3052022727942996,1.0,True,TerminalCell_B,
Gene_1315,2.1396278604036962,3.692658378165854,1.0,True,"Progenitor2,TerminalCell_B",Progenitor2->TerminalCell_B
Gene_1316,1.7804387501532797,0.0,1.0,False,,
Gene_1317,1.227258953677735,0.0,1.0,False,,
Gene_1318,2.1400243476847423,0.0,1.0,False,,
Gene_1319,1.1356466975892037,0.0,1.0,False,,
Gene_1320,4.5437728586823045,0.0,1.0,False,,
Gene_1321,3.9316447012762463,0.0,1.0,False,,
Gene_1322,1.4928413598404862,0.0,1.0,False,,
Gene_1323,1.2477139648385824,0.0,1.0,False,,
Gene_1324,3.5455219547433643,0.0,1.0,False,,
Gene_1325,3.3014718786593678,0.0,1.0,False,,
Gene_1326,2.2236293946337997,2.355429056113474,1.0,True,TerminalCell_B,
Gene_1327,4.898596706924644,0.0,1.0,False,,
Gene_1328,1.1662461460799936,1.7715812857656887,1.0,True,TerminalCell_A,
Gene_1329,4.908268435110028,0.0,1.0,False,,
Gene_1330,3.606215826055909,0.0,1.0,False,,
Gene_1331,3.9987911827189766,1.460325410362917,1.0,True,TerminalCell_B,
Gene_1332,1.1260392201780407,0.0,1.0,False,,
Gene_1333,1.3827804631598233,0.0,1.0,False,,
Gene_1334,3.361605845818128,0.0,1.0,False,,
Gene_1335,4.344688950722382,0.0,1.0,False,,
Gene_1336,1.6971072095544204,0.0,1.0,False,,
Gene_1337,4.984727759853085,0.0,1.0,False,,
Gene_1338,1.8675146758496561,0.0,1.0,False,,
Gene_1339,2.1789367270957274,0.0,1.0,False,,
Gene_1340,2.217582037993652,0.0,1.0,False,,
Gene_1341,3.4462240834462103,3.9518100519689034,1.0,True,TerminalCell_A,
Gene_1342,1.979103404207295,0.0,1.0,False,,
Gene_1343,2.0075194798056515,3.0340551854147138,1.0,True,"StemCell,Progenitor2,TerminalCell_B",StemCell->Progenitor2;Progenitor2->TerminalCell_B
Gene_1344,2.476848489235453,0.0,1.0,False,,
Gene_1345,2.2206626703454164,1.7679537488132588,1.0,True,"StemCell,Progenitor1,TerminalCell_A",StemCell->Progenitor1;Progenitor1->TerminalCell_A
Gene_1346,4.093342109317269,1.4304879354615956,1.0,True,"StemCell,Progenitor2,TerminalCell_B",StemCell->Progenitor2;Progenitor2->TerminalCell_B
Gene_1347,3.8577542887509284,0.0,1.0,False,,
Gene_1348,3.691775812974683,0.0,1.0,False,,
Gene_1349,1.0162019394362387,1.6654875115127101,1.0,True,"Progenitor1,TerminalCell_A",Progenitor1->TerminalCell_A
Gene_1350,3.9461187476230575,0.0,1.0,False,,
Gene_1351,1.8274181825648603,0.0,1.0,False,,
Gene_1352,2.1032485581780533,4.446047911453336,1.0,True,Progenitor2,
Gene_1353,3.3771307525158236,0.0,1.0,False,,
Gene_1354,1.6153166494488205,0.0,1.0,False,,
Gene_1355,4.498245219477988,0.0,1.0,False,,
Gene_1356,4.408568642508543,4.699398779406664,1.0,True,"StemCell,Progenitor1",StemCell->Progenitor1
Gene_1357,4.4090095922120955,0.0,1.0,False,,
Gene_1358,3.5683070417477025,4.078475540020149,1.0,True,TerminalCell_B,
Gene_1359,3.0884548132970067,1.2131089548994773,1.0,True,"Progenitor2,TerminalCell_B",Progenitor2->TerminalCell_B
Gene_1360,4.906426693335769,0.0,1.0,False,,
Gene_1361,1.1599366166158318,0.0,1.0,False,,
Gene_1362,3.8172847189327515,1.6727569206445212,1.0,True,"StemCell,Progenitor2,TerminalCell_B",StemCell->Progenitor2;Progenitor2->TerminalCell_B
Gene_1363,4.280786590260433,0.0,1.0,False,,
Gene_1364,3.0252184221541714,0.0,1.0,False,,
Gene_1365,2.5882893933208178,0.0,1.0,False,,
Gene_1366,3.6049530959065748,0.0,1.0,False,,
Gene_1367,4.122339804597739,3.493418070994408,1.0,True,TerminalCell_A,
Gene_1368,4.282713334638195,0.0,1.0,False,,
Gene_1369,3.1620543848708706,0.0,1.0,False,,
Gene_1370,3.8047314641443943,4.193687515381182,1.0,True,TerminalCell_A,
Gene_1371,3.2566732456980394,0.0,1.0,False,,
Gene_1372,3.716788817897239,0.0,1.0,False,,
Gene_1373,2.911707553291788,0.0,1.0,False,,
Gene_1374,4.642609691562787,0.0,1.0,False,,
Gene_1375,4.974403103655179,2.539290418635099,1.0,True,Progenitor1,
Gene_1376,3.849616235393209,0.0,1.0,False,,
Gene_1377,4.116702734368518,0.0,1.0,False,,
Gene_1378,1.549270229485574,0.0,1.0,False,,
Gene_1379,4.979267271421922,0.0,1.0,False,,
Gene_1380,2.286392382812554,0.0,1.0,False,,
Gene_1381,4.94444018943944,0.0,1.0,False,,
Gene_1382,1.8847057581511444,1.0166570414620244,1.0,True,TerminalCell_A,
Gene_1383,2.0852533005071097,1.7678588081204145,1.0,True,TerminalCell_B,
Gene_1384,1.553005459707006,0.0,1.0,False,,
Gene_1385,3.084710377901856,4.196994056364469,1.0,True,"StemCell,Progenitor2",StemCell->Progenitor2
Gene_1386,4.883468905292823,0.0,1.0,False,,
Gene_1387,2.3598589242977015,2.2547131305248946,1.0,True,Progenitor1,
Gene_1388,4.3499537070721175,4.509649513516427,1.0,True,Progenitor2,
Gene_1389,3.9163011804881878,2.051510760632603,1.0,True,"StemCell,Progenitor1,TerminalCell_A",StemCell->Progenitor1;Progenitor1->TerminalCell_A
Gene_1390,2.631618777922064,1.3071189812207908,1.0,True,TerminalCell_A,
Gene_1391,2.6694194192437903,0.0,1.0,False,,
Gene_1392,4.014020172900677,0.0,1.0,False,,
Gene_1393,3.8343809852967037,0.0,1.0,False,,
Gene_1394,1.155940652391671,0.0,1.0,False,,
Gene_1395,1.5866167927497923,0.0,1.0,False,,
Gene_1396,3.530885377558778,0.0,1.0,False,,
Gene_1397,3.3318121790731685,0.0,1.0,False,,
Gene_1398,2.9104439344097575,1.4425938705604882,1.0,True,"Progenitor2,TerminalCell_B",Progenitor2->TerminalCell_B
Gene_1399,3.6774668189458533,0.0,1.0,False,,
Gene_1400,3.846853940244876,0.0,1.0,False,,
Gene_1401,4.381431362334986,1.8656002218555545,1.0,True,"StemCell,Progenitor2",StemCell->Progenitor2
Gene_1402,3.533584961419519,3.955633021314969,1.0,True,TerminalCell_B,
Gene_1403,4.624223029353926,0.0,1.0,False,,
Gene_1404,3.5997696846152447,2.7676756843408135,1.0,True,"StemCell,Progenitor2",StemCell->Progenitor2
Gene_1405,2.361748140943257,0.0,1.0,False,,
Gene_1406,2.489862246504978,1.3901184235234858,1.0,True,"StemCell,Progenitor2",StemCell->Progenitor2
Gene_1407,1.9239118431740274,0.0,1.0,False,,
Gene_1408,1.8178449427098053,0.0,1.0,False,,
Gene_1409,2.7882680966571045,3.5393117360168356,1.0,True,TerminalCell_A,
Gene_1410,1.7545549244902978,0.0,1.0,False,,
Gene_1411,2.020982212830475,2.4494134703163923,1.0,True,Progenitor1,
Gene_1412,2.21269769486187,3.986365282129776,1.0,True,Progenitor1,
Gene_1413,3.427866308928388,0.0,1.0,False,,
Gene_1414,4.868042530172349,0.0,1.0,False,,
Gene_1415,2.877271676734094,0.0,1.0,False,,
Gene_1416,1.2292325604109764,0.0,1.0,False,,
Gene_1417,1.2125692757513233,4.748446412512658,1.0,True,TerminalCell_B,
Gene_1418,4.459012993212648,0.0,1.0,False,,
Gene_1419,2.959043605691252,3.8602540588938408,1.0,True,"Progenitor1,TerminalCell_A",Progenitor1->TerminalCell_A
Gene_1420,1.4803589279404168,0.0,1.0,False,,
Gene_1421,4.235833730367778,0.0,1.0,False,,
Gene_1422,4.2904654584462065,0.0,1.0,False,,
Gene_1423,3.3102921971372523,0.0,1.0,False,,
Gene_1424,2.304187201215379,0.0,1.0,False,,
Gene_1425,1.8766499358903426,0.0,1.0,False,,
Gene_1426,4.300899080752142,0.0,1.0,False,,
Gene_1427,3.0786760719219988,0.0,1.0,False,,
Gene_1428,3.702548969167751,0.0,1.0,False,,
Gene_1429,3.27950591819444,0.0,1.0,False,,
Gene_1430,1.5284190161392774,0.0,1.0,False,,
Gene_1431,3.073685314803496,1.1733726263244395,1.0,True,"Progenitor2,TerminalCell_B",Progenitor2->TerminalCell_B
Gene_1432,2.905003786349726,0.0,1.0,False,,
Gene_1433,1.057065437415353,0.0,1.0,False,,
Gene_1434,1.0776167300300874,4.728288869840461,1.0,True,"Progenitor1,TerminalCell_A",Progenitor1->TerminalCell_A
Gene_1435,2.5715357494071784,0.0,1.0,False,,
Gene_1436,4.095516645312161,1.022133572342979,1.0,True,"StemCell,Progenitor1,TerminalCell_A",StemCell->Progenitor1;Progenitor1->TerminalCell_A
Gene_1437,2.829001384613127,0.0,1.0,False,,
Gene_1438,1.0919357812384902,3.0668375920186244,1.0,True,"Progenitor2,TerminalCell_B",Progenitor2->TerminalCell_B
Gene_1439,2.1141223208166595,1.6922161724539597,1.0,True,Progenitor2,
Gene_1440,4.084279854750905,1.2227061693118824,1.0,True,TerminalCell_A,
Gene_1441,1.2231912751067164,0.0,1.0,False,,
Gene_1442,3.143110796614797,0.0,1.0,False,,
Gene_1443,3.2079832309221823,0.0,1.0,False,,
Gene_1444,4.761676791367172,0.0,1.0,False,,
Gene_1445,2.799714757352409,0.0,1.0,False,,
Gene_1446,1.4779502027311846,0.0,1.0,False,,
Gene_1447,4.590159529286677,0.0,1.0,False,,
Gene_1448,2.053486565489301,0.0,1.0,False,,
Gene_1449,1.7683271370201568,0.0,1.0,False,,
Gene_1450,3.137155938197914,0.0,1.0,False,,
Gene_1451,3.072997916328884,4.769747633172246,1.0,True,Progenitor2,
Gene_1452,2.639296283954156,0.0,1.0,False,,
Gene_1453,4.493997479281065,0.0,1.0,False,,
Gene_1454,4.110211358404312,2.690692527239115,1.0,True,"Progenitor2,TerminalCell_B",Progenitor2->TerminalCell_B
Gene_1455,3.562044829566256,0.0,1.0,False,,
Gene_1456,1.1329195913208263,0.0,1.0,False,,
Gene_1457,2.5502117161854176,0.0,1.0,False,,
Gene_1458,1.7695191657909004,0.0,1.0,False,,
Gene_1459,2.4367498884208305,0.0,1.0,False,,
Gene_1460,1.66466931094695,1.8508663187514083,1.0,True,"StemCell,Progenitor2,TerminalCell_B",StemCell->Progenitor2;Progenitor2->TerminalCell_B
Gene_1461,1.6681754860779292,1.1509770243135726,1.0,True,Progenitor1,
Gene_1462,4.7642674619249625,1.0588903203495583,1.0,True,Progenitor2,
Gene_1463,4.872613577782229,0.0,1.0,False,,
Gene_1464,1.2961263976576012,3.320013828108252,1.0,True,Progenitor2,
Gene_1465,1.326840080025515,0.0,1.0,False,,
Gene_1466,1.0654393280454282,0.0,1.0,False,,
Gene_1467,3.5406821084797566,2.4945167342076107,1.0,True,TerminalCell_B,
Gene_1468,3.6928557374424757,0.0,1.0,False,,
Gene_1469,1.4056196531048903,0.0,1.0,False,,
Gene_1470,1.220820163853522,0.0,1.0,False,,
Gene_1471,1.129667230040082,0.0,1.0,False,,
Gene_1472,1.3471537286155506,0.0,1.0,False,,
Gene_1473,1.8985282728026944,0.0,1.0,False,,
Gene_1474,3.510681084666436,0.0,1.0,False,,
Gene_1475,4.2186559401319315,1.9782835897707725,1.0,True,Progenitor1,
Gene_1476,3.414540232390168,0.0,1.0,False,,
Gene_1477,1.1126421875680683,0.0,1.0,False,,
Gene_1478,4.634028834897938,0.0,1.0,False,,
Gene_1479,2.30601482336204,3.22388164080128,1.0,True,TerminalCell_A,
Gene_1480,1.0882601638178349,0.0,1.0,False,,
Gene_1481,4.498200073863939,0.0,1.0,False,,
Gene_1482,2.196832076718334,0.0,1.0,False,,
Gene_1483,3.9634487121790634,0.0,1.0,False,,
Gene_1484,1.1550680850638337,3.250031478542081,1.0,True,Progenitor1,
Gene_1485,3.3385763159642474,0.0,1.0,False,,
Gene_1486,3.443965474702371,0.0,1.0,False,,
Gene_1487,1.6197217134238113,0.0,1.0,False,,
Gene_1488,3.125811512898609,0.0,1.0,False,,
Gene_1489,1.8899838935655962,0.0,1.0,False,,
Gene_1490,4.493532943969117,0.0,1.0,False,,
Gene_1491,1.0360723265162646,0.0,1.0,False,,
Gene_1492,1.2006977507906824,0.0,1.0,False,,
Gene_1493,1.8725298969598154,0.0,1.0,False,,
Gene_1494,4.563257849782127,3.1242332479914388,1.0,True,"StemCell,Progenitor1",StemCell->Progenitor1
Gene_1495,1.036516179606238,4.57685238487327,1.0,True,TerminalCell_B,
Gene_1496,4.436886651560002,0.0,1.0,False,,
Gene_1497,2.305710840535171,0.0,1.0,False,,
Gene_1498,2.539007972494125,3.0747859662324304,1.0,True,"StemCell,Progenitor1",StemCell->Progenitor1
Gene_1499,2.0266160844777863,0.0,1.0,False,,
Gene_1500,2.1528333644710833,4.125973419490235,1.0,True,"StemCell,Progenitor1",StemCell->Progenitor1
Gene_1501,3.829422359327945,0.0,1.0,False,,
Gene_1502,3.997577169888679,0.0,1.0,False,,
Gene_1503,3.3830668609336456,0.0,1.0,False,,
Gene_1504,2.2285884559689975,4.93414114878373,1.0,True,TerminalCell_A,
Gene_1505,2.8119976297773324,3.5067310459726553,1.0,True,TerminalCell_B,
Gene_1506,3.144199053553773,3.0021470394109153,1.0,True,TerminalCell_A,
Gene_1507,4.983455366331456,3.8244650782751957,1.0,True,"StemCell,Progenitor2",StemCell->Progenitor2
Gene_1508,2.823113977629612,4.665050247711229,1.0,True,TerminalCell_B,
Gene_1509,2.9748537527985914,0.0,1.0,False,,
Gene_1510,3.0864847628873697,4.095482454296661,1.0,True,"StemCell,Progenitor2",StemCell->Progenitor2
Gene_1511,3.035542563630718,0.0,1.0,False,,
Gene_1512,4.98307157211779,0.0,1.0,False,,
Gene_1513,3.7723254974856046,0.0,1.0,False,,
Gene_1514,2.4843313143031494,0.0,1.0,False,,
Gene_1515,4.242367164566967,0.0,1.0,False,,
Gene_1516,1.0783256212422763,1.7881175042593718,1.0,True,Progenitor2,
Gene_1517,3.5782640480190935,0.0,1.0,False,,
Gene_1518,4.618198642595175,3.388567569358717,1.0,True,"StemCell,Progenitor1,TerminalCell_A",StemCell->Progenitor1;Progenitor1->TerminalCell_A
Gene_1519,4.6499496145158865,0.0,1.0,False,,
Gene_1520,4.303523090601695,0.0,1.0,False,,
Gene_1521,2.81073245461356,0.0,1.0,False,,
Gene_1522,3.6770039454234946,0.0,1.0,False,,
Gene_1523,3.0622809772316955,0.0,1.0,False,,
Gene_1524,4.807956987048646,0.0,1.0,False,,
Gene_1525,1.1475555143342482,0.0,1.0,False,,
Gene_1526,2.227083406771434,0.0,1.0,False,,
Gene_1527,3.211136335468759,0.0,1.0,False,,
Gene_1528,4.344517034869318,0.0,1.0,False,,
Gene_1529,1.224954872764962,0.0,1.0,False,,
Gene_1530,2.1740683853805973,4.193084584520551,1.0,True,Progenitor2,
Gene_1531,4.295339154021523,0.0,1.0,False,,
Gene_1532,4.25165154629455,0.0,1.0,False,,
Gene_1533,4.852224951531228,0.0,1.0,False,,
Gene_1534,4.459633647718223,0.0,1.0,False,,
Gene_1535,3.1595395239690354,1.0338714707915906,1.0,True,"StemCell,Progenitor1",StemCell->Progenitor1
Gene_1536,1.456096723971359,0.0,1.0,False,,
Gene_1537,1.986412652376916,0.0,1.0,False,,
Gene_1538,3.1780640145916887,0.0,1.0,False,,
Gene_1539,3.9572244519078676,0.0,1.0,False,,
Gene_1540,4.83287513375976,0.0,1.0,False,,
Gene_1541,3.557020773244704,0.0,1.0,False,,
Gene_1542,4.008724354692857,0.0,1.0,False,,
Gene_1543,2.0561174842805667,0.0,1.0,False,,
Gene_1544,2.6877368319960246,0.0,1.0,False,,
Gene_1545,2.1467857326437376,0.0,1.0,False,,
Gene_1546,4.67337167645338,2.329066067771202,1.0,True,"StemCell,Progenitor1,TerminalCell_A",StemCell->Progenitor1;Progenitor1->TerminalCell_A
Gene_1547,4.76363277704011,0.0,1.0,False,,
Gene_1548,4.946914147418983,3.946365477207026,1.0,True,"Progenitor1,TerminalCell_A",Progenitor1->TerminalCell_A
Gene_1549,4.284440063945307,0.0,1.0,False,,
Gene_1550,1.7103313513809604,0.0,1.0,False,,
Gene_1551,3.3209401156785505,0.0,1.0,False,,
Gene_1552,4.1774595254467695,0.0,1.0,False,,
Gene_1553,1.5744070155360022,0.0,1.0,False,,
Gene_1554,1.6188285718092277,3.1933698135733333,1.0,True,"StemCell,Progenitor1,TerminalCell_A",StemCell->Progenitor1;Progenitor1->TerminalCell_A
Gene_1555,4.310385347981904,0.0,1.0,False,,
Gene_1556,3.6969123464606697,0.0,1.0,False,,
Gene_1557,4.251039894987789,0.0,1.0,False,,
Gene_1558,3.1325446333004416,3.3621826152548357,1.0,True,TerminalCell_B,
Gene_1559,1.5511351095680594,0.0,1.0,False,,
Gene_1560,1.326383666867354,0.0,1.0,False,,
Gene_1561,4.908610893248267,3.14416367976351,1.0,True,"StemCell,Progenitor1",StemCell->Progenitor1
Gene_1562,2.895987138130828,0.0,1.0,False,,
Gene_1563,4.204884127891425,2.180646760029955,1.0,True,TerminalCell_B,
Gene_1564,3.2521897829633417,3.0264122165335037,1.0,True,"StemCell,Progenitor1,TerminalCell_A",StemCell->Progenitor1;Progenitor1->TerminalCell_A
Gene_1565,1.1688711739044346,2.5583402710224945,1.0,True,"Progenitor2,TerminalCell_B",Progenitor2->TerminalCell_B
Gene_1566,1.544309864688668,0.0,1.0,False,,
Gene_1567,4.674227679853825,0.0,1.0,False,,
Gene_1568,3.4139706987295613,0.0,1.0,False,,
Gene_1569,4.840137144487969,0.0,1.0,False,,
Gene_1570,4.2753512324662575,0.0,1.0,False,,
Gene_1571,3.9673758368455863,0.0,1.0,False,,
Gene_1572,3.413971381351043,3.761539840328535,1.0,True,TerminalCell_A,
Gene_1573,1.2331241058419637,0.0,1.0,False,,
Gene_1574,4.046269782833463,0.0,1.0,False,,
Gene_1575,4.958698998282234,0.0,1.0,False,,
Gene_1576,4.342916264639774,0.0,1.0,False,,
Gene_1577,2.789123041098465,0.0,1.0,False,,
Gene_1578,3.819384467893133,0.0,1.0,False,,
Gene_1579,1.9934517091976676,0.0,1.0,False,,
Gene_1580,1.799732166422039,0.0,1.0,False,,
Gene_1581,4.866017818965089,0.0,1.0,False,,
Gene_1582,2.58544236745535,0.0,1.0,False,,
Gene_1583,3.296796883541951,0.0,1.0,False,,
Gene_1584,2.357254760282608,0.0,1.0,False,,
Gene_1585,4.637499390315247,3.09833914456017,1.0,True,"Progenitor1,TerminalCell_A",Progenitor1->TerminalCell_A
Gene_1586,1.5027726478335923,0.0,1.0,False,,
Gene_1587,2.959610693305166,0.0,1.0,False,,
Gene_1588,3.7627236952749654,0.0,1.0,False,,
Gene_1589,1.2936399704711081,0.0,1.0,False,,
Gene_1590,3.447848636160061,0.0,1.0,False,,
Gene_1591,4.449318386033115,0.0,1.0,False,,
Gene_1592,4.590938221347698,0.0,1.0,False,,
Gene_1593,3.2834031466892974,0.0,1.0,False,,
Gene_1594,1.6229638428373372,1.0964256096363205,1.0,True,TerminalCell_A,
Gene_1595,3.371170115827821,4.956340444427402,1.0,True,"Progenitor2,TerminalCell_B",Progenitor2->TerminalCell_B
Gene_1596,4.0503223712103456,0.0,1.0,False,,
Gene_1597,3.470486369656358,0.0,1.0,False,,
Gene_1598,2.206830378636225,0.0,1.0,False,,
Gene_1599,1.5779251080429808,0.0,1.0,False,,
Gene_1600,3.722821227518877,0.0,1.0,False,,
Gene_1601,3.210103975537788,0.0,1.0,False,,
Gene_1602,1.8514833004876041,0.0,1.0,False,,
Gene_1603,4.9564968980787345,4.152872919539277,1.0,True,Progenitor2,
Gene_1604,2.9787972873451882,2.5451107799935535,1.0,True,Progenitor1,
Gene_1605,4.674409690779399,1.0114900507353468,1.0,True,TerminalCell_A,
Gene_1606,1.587053460609983,0.0,1.0,False,,
Gene_1607,2.423478904527907,3.713087422257576,1.0,True,"StemCell,Progenitor2",StemCell->Progenitor2
Gene_1608,2.776068668978489,0.0,1.0,False,,
Gene_1609,3.083649455680424,0.0,1.0,False,,
Gene_1610,4.965093844445329,0.0,1.0,False,,
Gene_1611,3.407985908282012,3.6009810406270977,1.0,True,"StemCell,Progenitor1",StemCell->Progenitor1
Gene_1612,3.3265636332369874,0.0,1.0,False,,
Gene_1613,4.215224383542725,0.0,1.0,False,,
Gene_1614,1.2114551082954161,0.0,1.0,False,,
Gene_1615,4.350714496732721,0.0,1.0,False,,
Gene_1616,3.699370038275403,0.0,1.0,False,,
Gene_1617,2.472384615444542,0.0,1.0,False,,
Gene_1618,1.6975766874029552,1.5335090765547315,1.0,True,"StemCell,Progenitor1",StemCell->Progenitor1
Gene_1619,1.89974969441338,2.263994038671292,1.0,True,"StemCell,Progenitor1",StemCell->Progenitor1
Gene_1620,4.28382355031505,4.029557737613773,1.0,True,TerminalCell_A,
Gene_1621,4.544695798316424,2.3975374844077284,1.0,True,"StemCell,Progenitor2,TerminalCell_B",StemCell->Progenitor2;Progenitor2->TerminalCell_B
Gene_1622,2.349575427619356,0.0,1.0,False,,
Gene_1623,4.825893647641449,0.0,1.0,False,,
Gene_1624,3.744544265363845,2.1125504778279787,1.0,True,"StemCell,Progenitor1",StemCell->Progenitor1
Gene_1625,3.574249720572173,1.61714106075302,1.0,True,TerminalCell_B,
Gene_1626,4.976973858286556,0.0,1.0,False,,
Gene_1627,3.597217705237102,0.0,1.0,False,,
Gene_1628,2.836097836778932,0.0,1.0,False,,
Gene_1629,3.1125643383264503,0.0,1.0,False,,
Gene_1630,3.1036448387471247,0.0,1.0,False,,
Gene_1631,2.021946918224898,0.0,1.0,False,,
Gene_1632,3.4712699496459862,1.900338216009097,1.0,True,TerminalCell_B,
Gene_1633,2.4423412469540886,0.0,1.0,False,,
Gene_1634,3.6992155625271352,0.0,1.0,False,,
Gene_1635,3.388562652471069,0.0,1.0,False,,
Gene_1636,4.715514933998739,2.1838799789690597,1.0,True,"Progenitor1,TerminalCell_A",Progenitor1->TerminalCell_A
Gene_1637,2.4555910168050206,0.0,1.0,False,,
Gene_1638,1.2269478909086913,0.0,1.0,False,,
Gene_1639,1.1645525789533573,0.0,1.0,False,,
Gene_1640,1.5582841182028595,1.1465675684853167,1.0,True,TerminalCell_B,
Gene_1641,1.6211583802389997,0.0,1.0,False,,
Gene_1642,1.1309409050878378,2.9587001047699903,1.0,True,Progenitor2,
Gene_1643,2.547612352914912,4.311633087961221,1.0,True,TerminalCell_A,
Gene_1644,4.862001381318317,0.0,1.0,False,,
Gene_1645,2.1081413229390256,0.0,1.0,False,,
Gene_1646,1.9985314662922717,0.0,1.0,False,,
Gene_1647,4.533306055379533,4.092756801756291,1.0,True,"StemCell,Progenitor2",StemCell->Progenitor2
Gene_1648,3.9419897732323457,0.0,1.0,False,,
Gene_1649,1.9497265968082833,0.0,1.0,False,,
Gene_1650,2.224335606299265,0.0,1.0,False,,
Gene_1651,4.206486008676843,0.0,1.0,False,,
Gene_1652,1.842294713913831,0.0,1.0,False,,
Gene_1653,3.9475188240236214,0.0,1.0,False,,
Gene_1654,4.370977561836225,0.0,1.0,False,,
Gene_1655,3.3833042274332836,0.0,1.0,False,,
Gene_1656,1.4483449139455145,0.0,1.0,False,,
Gene_1657,2.2543600423998535,0.0,1.0,False,,
Gene_1658,3.1851256133474695,0.0,1.0,False,,
Gene_1659,2.1188570255512813,2.224421675773374,1.0,True,TerminalCell_A,
Gene_1660,3.6342679992461715,0.0,1.0,False,,
Gene_1661,2.1168456380429257,0.0,1.0,False,,
Gene_1662,1.9987728398655333,0.0,1.0,False,,
Gene_1663,2.210533756185653,0.0,1.0,False,,
Gene_1664,3.365188956162634,0.0,1.0,False,,
Gene_1665,4.107217026632316,0.0,1.0,False,,
Gene_1666,1.4910616458254693,3.910688871676109,1.0,True,"StemCell,Progenitor1",StemCell->Progenitor1
Gene_1667,4.161112030485949,0.0,1.0,False,,
Gene_1668,1.6844829513378685,0.0,1.0,False,,
Gene_1669,3.6267609776201115,0.0,1.0,False,,
Gene_1670,2.80570951393942,0.0,1.0,False,,
Gene_1671,4.437463014059775,0.0,1.0,False,,
Gene_1672,1.6637100076662503,0.0,1.0,False,,
Gene_1673,2.2059096315318656,0.0,1.0,False,,
Gene_1674,3.9621396158719153,0.0,1.0,False,,
Gene_1675,2.3925312167670056,1.4892322082592737,1.0,True,TerminalCell_A,
Gene_1676,1.1438684597403297,2.756039777305376,1.0,True,Progenitor1,
Gene_1677,4.106498566124083,2.519289075820435,1.0,True,TerminalCell_B,
Gene_1678,2.0073439185411868,3.497706004488225,1.0,True,"Progenitor1,TerminalCell_A",Progenitor1->TerminalCell_A
Gene_1679,1.5179764447224833,1.3927259847673437,1.0,True,"Progenitor1,TerminalCell_A",Progenitor1->TerminalCell_A
Gene_1680,1.3557517398404006,0.0,1.0,False,,
Gene_1681,4.614100332489225,0.0,1.0,False,,
Gene_1682,3.22876278270969,0.0,1.0,False,,
Gene_1683,3.705098035682511,0.0,1.0,False,,
Gene_1684,2.9249428424903963,0.0,1.0,False,,
Gene_1685,2.5714064540518913,0.0,1.0,False,,
Gene_1686,3.0682710375755105,0.0,1.0,False,,
Gene_1687,4.747866402093688,0.0,1.0,False,,
Gene_1688,4.111552244982068,0.0,1.0,False,,
Gene_1689,3.9584917798048034,0.0,1.0,False,,
Gene_1690,3.615227240506983,0.0,1.0,False,,
Gene_1691,4.654333917348966,0.0,1.0,False,,
Gene_1692,1.8639450510767865,0.0,1.0,False,,
Gene_1693,3.600814275608558,0.0,1.0,False,,
Gene_1694,1.1126014162751825,0.0,1.0,False,,
Gene_1695,2.86154092920685,0.0,1.0,False,,
Gene_1696,2.2290128120516237,0.0,1.0,False,,
Gene_1697,4.6462190663897935,0.0,1.0,False,,
Gene_1698,2.735034976289915,0.0,1.0,False,,
Gene_1699,4.849782578901156,0.0,1.0,False,,
Gene_1700,1.3039035239274797,0.0,1.0,False,,
Gene_1701,2.7412427541780233,0.0,1.0,False,,
Gene_1702,1.4229219451261281,0.0,1.0,False,,
Gene_1703,2.8716522265978845,0.0,1.0,False,,
Gene_1704,4.010531204064433,1.2316162135786821,1.0,True,"Progenitor1,TerminalCell_A",Progenitor1->TerminalCell_A
Gene_1705,4.499744584815598,0.0,1.0,False,,
Gene_1706,2.0776274201960865,1.599602446223872,1.0,True,"StemCell,Progenitor1,TerminalCell_A",StemCell->Progenitor1;Progenitor1->TerminalCell_A
Gene_1707,3.353704306737868,0.0,1.0,False,,
Gene_1708,2.0509995128802525,0.0,1.0,False,,
Gene_1709,3.557717711850175,1.880473829214972,1.0,True,"StemCell,Progenitor2,TerminalCell_B",StemCell->Progenitor2;Progenitor2->TerminalCell_B
Gene_1710,4.842086245060861,1.0680759467015917,1.0,True,TerminalCell_A,
Gene_1711,4.755004457832692,0.0,1.0,False,,
Gene_1712,1.758287990859761,0.0,1.0,False,,
Gene_1713,2.019293652082223,0.0,1.0,False,,
Gene_1714,3.23369952949341,0.0,1.0,False,,
Gene_1715,2.3463629352533064,0.0,1.0,False,,
Gene_1716,1.478413100084048,0.0,1.0,False,,
Gene_1717,3.8469861995718126,0.0,1.0,False,,
Gene_1718,4.764902445876343,0.0,1.0,False,,
Gene_1719,1.913060461082953,0.0,1.0,False,,
Gene_1720,1.089755094587538,0.0,1.0,False,,
Gene_1721,4.499386773849533,0.0,1.0,False,,
Gene_1722,3.885101510031949,0.0,1.0,False,,
Gene_1723,4.640672869937223,0.0,1.0,False,,
Gene_1724,2.64456426334387,0.0,1.0,False,,
Gene_1725,3.580726398876421,0.0,1.0,False,,
Gene_1726,4.754501487586507,0.0,1.0,False,,
Gene_1727,2.032930041875315,0.0,1.0,False,,
Gene_1728,2.6305844386690462,0.0,1.0,False,,
Gene_1729,3.3674955401366704,0.0,1.0,False,,
Gene_1730,2.8607788715243445,0.0,1.0,False,,
Gene_1731,1.2226960908452815,4.743321414009624,1.0,True,"Progenitor2,TerminalCell_B",Progenitor2->TerminalCell_B
Gene_1732,2.540622562357659,0.0,1.0,False,,
Gene_1733,4.0772882599680305,4.257390849533494,1.0,True,"StemCell,Progenitor2,TerminalCell_B",StemCell->Progenitor2;Progenitor2->TerminalCell_B
Gene_1734,1.7460882173524634,0.0,1.0,False,,
Gene_1735,2.227484027831549,0.0,1.0,False,,
Gene_1736,1.8428206608672064,1.8062988550287948,1.0,True,"StemCell,Progenitor1,TerminalCell_A",StemCell->Progenitor1;Progenitor1->TerminalCell_A
Gene_1737,1.3568745805990279,0.0,1.0,False,,
Gene_1738,1.8716580510373237,0.0,1.0,False,,
Gene_1739,4.6936477679933635,3.4376876487823593,1.0,True,"StemCell,Progenitor1",StemCell->Progenitor1
Gene_1740,3.819424593966298,4.4123664827852185,1.0,True,TerminalCell_A,
Gene_1741,4.421800247346319,0.0,1.0,False,,
Gene_1742,2.784519970222444,0.0,1.0,False,,
Gene_1743,4.157517331008858,4.218395525885036,1.0,True,TerminalCell_B,
Gene_1744,4.605990700832403,0.0,1.0,False,,
Gene_1745,4.445962207445478,2.2100903254220494,1.0,True,"StemCell,Progenitor2,TerminalCell_B",StemCell->Progenitor2;Progenitor2->TerminalCell_B
Gene_1746,1.3718681065741034,0.0,1.0,False,,
Gene_1747,2.518337861269235,2.790148074951642,1.0,True,Progenitor1,
Gene_1748,2.2027261790233688,0.0,1.0,False,,
Gene_1749,4.887756451820777,4.211448224588395,1.0,True,Progenitor1,
Gene_1750,2.552073642174871,3.879624255498743,1.0,True,TerminalCell_A,
Gene_1751,3.002623034409064,0.0,1.0,False,,
Gene_1752,2.653994483809398,0.0,1.0,False,,
Gene_1753,4.66950107287081,3.57738940147539,1.0,True,Progenitor2,
Gene_1754,4.187345007155486,0.0,1.0,False,,
Gene_1755,4.567798416002121,3.2969534192913796,1.0,True,"StemCell,Progenitor1",StemCell->Progenitor1
Gene_1756,1.482932712205507,0.0,1.0,False,,
Gene_1757,2.5501954268142457,0.0,1.0,False,,
Gene_1758,3.9713297390888913,0.0,1.0,False,,
Gene_1759,3.420629609184588,0.0,1.0,False,,
Gene_1760,1.3739410611690683,0.0,1.0,False,,
Gene_1761,1.196361350235167,0.0,1.0,False,,
Gene_1762,4.086514399716918,3.447354641161741,1.0,True,TerminalCell_B,
Gene_1763,2.875129304421746,0.0,1.0,False,,
Gene_1764,2.927567459388235,0.0,1.0,False,,
Gene_1765,4.352054754806186,0.0,1.0,False,,
Gene_1766,2.2003742720614055,1.544407367550805,1.0,True,"Progenitor2,TerminalCell_B",Progenitor2->TerminalCell_B
Gene_1767,2.289590372250695,0.0,1.0,False,,
Gene_1768,4.998387650711583,0.0,1.0,False,,
Gene_1769,1.6892680850121016,0.0,1.0,False,,
Gene_1770,4.8566586012605235,4.154512308828302,1.0,True,TerminalCell_A,
Gene_1771,3.636551140842631,0.0,1.0,False,,
Gene_1772,4.60375894498414,0.0,1.0,False,,
Gene_1773,1.3424711915758372,0.0,1.0,False,,
Gene_1774,3.743288513233942,0.0,1.0,False,,
Gene_1775,3.680335293642627,4.747323122920452,1.0,True,Progenitor2,
Gene_1776,1.9534269085416,3.270123110788143,1.0,True,TerminalCell_B,
Gene_1777,1.4061342530686227,0.0,1.0,False,,
Gene_1778,4.730119833539246,0.0,1.0,False,,
Gene_1779,3.243487228130867,1.0568060148412153,1.0,True,"StemCell,Progenitor2,TerminalCell_B",StemCell->Progenitor2;Progenitor2->TerminalCell_B
Gene_1780,4.998677654327848,0.0,1.0,False,,
Gene_1781,4.472952990371349,0.0,1.0,False,,
Gene_1782,1.3962778603105228,0.0,1.0,False,,
Gene_1783,1.2679878103065385,0.0,1.0,False,,
Gene_1784,1.4186491771991054,3.3433822253163106,1.0,True,"StemCell,Progenitor1",StemCell->Progenitor1
Gene_1785,1.3171353644438972,0.0,1.0,False,,
Gene_1786,3.7361733133323467,0.0,1.0,False,,
Gene_1787,1.6194944314877904,0.0,1.0,False,,
Gene_1788,3.1535259549824204,0.0,1.0,False,,
Gene_1789,2.847424338772375,0.0,1.0,False,,
Gene_1790,2.8898570045774425,0.0,1.0,False,,
Gene_1791,4.3272461437807515,0.0,1.0,False,,
Gene_1792,2.745903199760873,2.626092745570615,1.0,True,"StemCell,Progenitor1,TerminalCell_A",StemCell->Progenitor1;Progenitor1->TerminalCell_A
Gene_1793,2.60256871915096,0.0,1.0,False,,
Gene_1794,2.6474924040499777,0.0,1.0,False,,
Gene_1795,2.0790920993696034,0.0,1.0,False,,
Gene_1796,2.345455896440432,0.0,1.0,False,,
Gene_1797,1.951271564948553,0.0,1.0,False,,
Gene_1798,3.5629458528862252,0.0,1.0,False,,
Gene_1799,1.7418311668921014,0.0,1.0,False,,
Gene_1800,4.52567612340467,0.0,1.0,False,,
Gene_1801,3.464866199586333,2.7840841241451653,1.0,True,"StemCell,Progenitor1",StemCell->Progenitor1
Gene_1802,3.599488441221962,0.0,1.0,False,,
Gene_1803,3.1968635190072012,0.0,1.0,False,,
Gene_1804,1.151477431251449,0.0,1.0,False,,
Gene_1805,4.195771989934796,0.0,1.0,False,,
Gene_1806,1.7822421011789586,2.9838518088463037,1.0,True,"Progenitor1,TerminalCell_A",Progenitor1->TerminalCell_A
Gene_1807,3.9274979960386562,0.0,1.0,False,,
Gene_1808,4.680095999545545,0.0,1.0,False,,
Gene_1809,1.1805627003782897,0.0,1.0,False,,
Gene_1810,2.292913270412226,0.0,1.0,False,,
Gene_1811,1.2331095887686816,0.0,1.0,False,,
Gene_1812,1.8897772899450698,0.0,1.0,False,,
Gene_1813,4.933159602779431,0.0,1.0,False,,
Gene_1814,4.871278545512473,4.887269585824198,1.0,True,TerminalCell_B,
Gene_1815,2.667266730909661,0.0,1.0,False,,
Gene_1816,3.4909687515105876,2.6143788062721782,1.0,True,"StemCell,Progenitor2",StemCell->Progenitor2
Gene_1817,4.8907149915291095,1.5090067986526763,1.0,True,"StemCell,Progenitor2,TerminalCell_B",StemCell->Progenitor2;Progenitor2->TerminalCell_B
Gene_1818,3.2284639930472068,0.0,1.0,False,,
Gene_1819,2.0456935438744277,0.0,1.0,False,,
Gene_1820,4.921537064914916,0.0,1.0,False,,
Gene_1821,3.6268956365695355,4.755630306645607,1.0,True,TerminalCell_A,
Gene_1822,3.8694103474630515,0.0,1.0,False,,
Gene_1823,2.0878213704693382,0.0,1.0,False,,
Gene_1824,1.01208327561646,0.0,1.0,False,,
Gene_1825,1.9175140766861616,0.0,1.0,False,,
Gene_1826,2.927565651126643,0.0,1.0,False,,
Gene_1827,2.502475176321255,0.0,1.0,False,,
Gene_1828,1.6178710142150812,2.567935940879547,1.0,True,TerminalCell_A,
Gene_1829,1.1327702941734885,3.9445715704381046,1.0,True,TerminalCell_B,
Gene_1830,2.085841600300539,0.0,1.0,False,,
Gene_1831,4.891102075394858,0.0,1.0,False,,
Gene_1832,3.2830402443475886,0.0,1.0,False,,
Gene_1833,1.9764550766222984,3.2142053777898743,1.0,True,"StemCell,Progenitor1,TerminalCell_A",StemCell->Progenitor1;Progenitor1->TerminalCell_A
Gene_1834,4.5217623818857735,0.0,1.0,False,,
Gene_1835,2.4070661255119483,0.0,1.0,False,,
Gene_1836,4.371917264035577,0.0,1.0,False,,
Gene_1837,3.811773993987897,0.0,1.0,False,,
Gene_1838,2.431548365064195,0.0,1.0,False,,
Gene_1839,4.663436174261529,0.0,1.0,False,,
Gene_1840,1.7807245346511533,1.0039006165356192,1.0,True,"StemCell,Progenitor2",StemCell->Progenitor2
Gene_1841,2.98972795885376,0.0,1.0,False,,
Gene_1842,1.2935597295759202,0.0,1.0,False,,
Gene_1843,1.0771123827341604,0.0,1.0,False,,
Gene_1844,3.449983481158807,0.0,1.0,False,,
Gene_1845,3.770123591249783,0.0,1.0,False,,
Gene_1846,1.706567584836792,0.0,1.0,False,,
Gene_1847,1.3434585976578908,0.0,1.0,False,,
Gene_1848,4.244082489186567,0.0,1.0,False,,
Gene_1849,3.6286011752238982,0.0,1.0,False,,
Gene_1850,3.9209129397739875,4.868408425288688,1.0,True,"Progenitor1,TerminalCell_A",Progenitor1->TerminalCell_A
Gene_1851,1.9069148591212106,1.7958553491190279,1.0,True,TerminalCell_B,
Gene_1852,1.7791349891047785,4.753787148944504,1.0,True,"StemCell,Progenitor2,TerminalCell_B",StemCell->Progenitor2;Progenitor2->TerminalCell_B
Gene_1853,4.60022108203021,0.0,1.0,False,,
Gene_1854,3.0140086287026038,3.4295524058098747,1.0,True,TerminalCell_B,
Gene_1855,1.2541640477209852,0.0,1.0,False,,
Gene_1856,1.3265684333241583,0.0,1.0,False,,
Gene_1857,4.400789718687093,0.0,1.0,False,,
Gene_1858,1.2674642370990874,0.0,1.0,False,,
Gene_1859,3.114196901900411,3.9566631537563253,1.0,True,"StemCell,Progenitor2,TerminalCell_B",StemCell->Progenitor2;Progenitor2->TerminalCell_B
Gene_1860,2.579983742600056,0.0,1.0,False,,
Gene_1861,4.062933667916031,0.0,1.0,False,,
Gene_1862,1.6431667403394892,0.0,1.0,False,,
Gene_1863,2.079101260139255,0.0,1.0,False,,
Gene_1864,3.611603590651439,0.0,1.0,False,,
Gene_1865,1.3674187267928581,0.0,1.0,False,,
Gene_1866,4.956140718656373,0.0,1.0,False,,
Gene_1867,3.7211574386279485,0.0,1.0,False,,
Gene_1868,2.4681054186800124,0.0,1.0,False,,
Gene_1869,1.3888797253699963,0.0,1.0,False,,
Gene_1870,2.5779954879989107,0.0,1.0,False,,
Gene_1871,1.8810979593497605,0.0,1.0,False,,
Gene_1872,3.2267156626717406,0.0,1.0,False,,
Gene_1873,1.1650481916792805,0.0,1.0,False,,
Gene_1874,1.6807122538606314,0.0,1.0,False,,
Gene_1875,3.920118147130462,0.0,1.0,False,,
Gene_1876,2.6565505522382136,1.7986174980340084,1.0,True,"Progenitor1,TerminalCell_A",Progenitor1->TerminalCell_A
Gene_1877,4.711602386601294,0.0,1.0,False,,
Gene_1878,1.2026647017069507,0.0,1.0,False,,
Gene_1879,1.8512704561551918,0.0,1.0,False,,
Gene_1880,3.940150988817032,0.0,1.0,False,,
Gene_1881,3.5337864281752225,0.0,1.0,False,,
Gene_1882,3.0618138453564936,0.0,1.0,False,,
Gene_1883,2.8293789164033516,0.0,1.0,False,,
Gene_1884,2.710076982687896,0.0,1.0,False,,
Gene_1885,3.952398027439821,0.0,1.0,False,,
Gene_1886,1.8161287745062107,0.0,1.0,False,,
Gene_1887,3.66456449219529,0.0,1.0,False,,
Gene_1888,3.9425683267132032,0.0,1.0,False,,
Gene_1889,1.7384036984102829,0.0,1.0,False,,
Gene_1890,2.1889408104076353,3.446462420999979,1.0,True,"StemCell,Progenitor1,TerminalCell_A",StemCell->Progenitor1;Progenitor1->TerminalCell_A
Gene_1891,2.9099841942113582,2.895366686547611,1.0,True,"StemCell,Progenitor2",StemCell->Progenitor2
Gene_1892,2.9934797766868324,0.0,1.0,False,,
Gene_1893,3.416865576120894,0.0,1.0,False,,
Gene_1894,3.674243058183715,1.1752732277875975,1.0,True,TerminalCell_A,
Gene_1895,1.7836886333803887,0.0,1.0,False,,
Gene_1896,1.843801523341904,0.0,1.0,False,,
Gene_1897,2.6089843697055555,0.0,1.0,False,,
Gene_1898,4.530386525449471,1.1343863557723481,1.0,True,Progenitor1,
Gene_1899,3.6640926690713527,0.0,1.0,False,,
Gene_1900,1.0388242100666019,0.0,1.0,False,,
Gene_1901,1.79013999466251,2.51463720887647,1.0,True,"StemCell,Progenitor1",StemCell->Progenitor1
Gene_1902,2.0029540405734183,0.0,1.0,False,,
Gene_1903,3.103743550600731,0.0,1.0,False,,
Gene_1904,1.4806559999985067,0.0,1.0,False,,
Gene_1905,3.299286489182687,0.0,1.0,False,,
Gene_1906,4.882107485538504,0.0,1.0,False,,
Gene_1907,2.272767232514017,0.0,1.0,False,,
Gene_1908,2.352370871370887,0.0,1.0,False,,
Gene_1909,1.9133632394468907,0.0,1.0,False,,
Gene_1910,4.162038264842139,0.0,1.0,False,,
Gene_1911,4.086266031782281,0.0,1.0,False,,
Gene_1912,1.756366665705201,0.0,1.0,False,,
Gene_1913,3.065448327837757,1.5265940177203898,1.0,True,TerminalCell_A,
Gene_1914,2.184527067884837,2.9468671292540907,1.0,True,TerminalCell_B,
Gene_1915,4.167236451842854,2.8469553684967734,1.0,True,"StemCell,Progenitor2,TerminalCell_B",StemCell->Progenitor2;Progenitor2->TerminalCell_B
Gene_1916,2.2428376828951944,2.6331936757195233,1.0,True,"Progenitor2,TerminalCell_B",Progenitor2->TerminalCell_B
Gene_1917,1.4632006414505647,0.0,1.0,False,,
Gene_1918,4.229425625328805,0.0,1.0,False,,
Gene_1919,4.463500303962216,0.0,1.0,False,,
Gene_1920,4.502867842769997,0.0,1.0,False,,
Gene_1921,3.855896435876912,0.0,1.0,False,,
Gene_1922,3.546235271684109,0.0,1.0,False,,
Gene_1923,1.4607746898577347,0.0,1.0,False,,
Gene_1924,3.919617200061722,0.0,1.0,False,,
Gene_1925,2.7987601364421786,0.0,1.0,False,,
Gene_1926,3.438710785068439,1.9817214378169101,1.0,True,TerminalCell_B,
Gene_1927,1.6003378856604327,0.0,1.0,False,,
Gene_1928,3.16603714764355,0.0,1.0,False,,
Gene_1929,4.830550522892581,0.0,1.0,False,,
Gene_1930,1.710340852537771,0.0,1.0,False,,
Gene_1931,4.031762610695596,0.0,1.0,False,,
Gene_1932,4.318429868594224,0.0,1.0,False,,
Gene_1933,2.8711668909976353,0.0,1.0,False,,
Gene_1934,1.2897336415189047,3.8747788701452546,1.0,True,TerminalCell_B,
Gene_1935,2.5479193391108796,0.0,1.0,False,,
Gene_1936,4.296122556688681,0.0,1.0,False,,
Gene_1937,1.153864242957678,0.0,1.0,False,,
Gene_1938,4.199731420730242,0.0,1.0,False,,
Gene_1939,4.935250486822198,0.0,1.0,False,,
Gene_1940,2.699358935855466,0.0,1.0,False,,
Gene_1941,1.4374648683323734,4.8280737319418074,1.0,True,TerminalCell_A,
Gene_1942,3.6015478217522525,0.0,1.0,False,,
Gene_1943,1.4579089339160913,0.0,1.0,False,,
Gene_1944,1.909813454290397,0.0,1.0,False,,
Gene_1945,2.252176379257583,3.689041749343114,1.0,True,Progenitor2,
Gene_1946,4.849024672674874,0.0,1.0,False,,
Gene_1947,1.8352528217144464,0.0,1.0,False,,
Gene_1948,4.39973815954143,3.3104539590994637,1.0,True,"Progenitor2,TerminalCell_B",Progenitor2->TerminalCell_B
Gene_1949,4.021539078132352,0.0,1.0,False,,
Gene_1950,3.762100069861641,4.347981091359184,1.0,True,TerminalCell_A,
Gene_1951,1.4793684592322234,4.782114003183986,1.0,True,"StemCell,Progenitor2",StemCell->Progenitor2
Gene_1952,4.294650358865858,0.0,1.0,False,,
Gene_1953,1.7661638173589775,0.0,1.0,False,,
Gene_1954,2.8972414792969885,0.0,1.0,False,,
Gene_1955,4.470865173798207,0.0,1.0,False,,
Gene_1956,3.454088467131922,0.0,1.0,False,,
Gene_1957,4.0322760867875935,0.0,1.0,False,,
Gene_1958,4.866209759685454,0.0,1.0,False,,
Gene_1959,2.338727028596561,0.0,1.0,False,,
Gene_1960,1.3902255083319295,0.0,1.0,False,,
Gene_1961,2.3798988127784986,0.0,1.0,False,,
Gene_1962,1.4470190519737103,2.1049958049201534,1.0,True,TerminalCell_A,
Gene_1963,3.8117492347382824,0.0,1.0,False,,
Gene_1964,3.465223688235672,0.0,1.0,False,,
Gene_1965,1.538157853312116,0.0,1.0,False,,
Gene_1966,3.811201427518885,0.0,1.0,False,,
Gene_1967,2.061400040797613,0.0,1.0,False,,
Gene_1968,1.7254301002127699,0.0,1.0,False,,
Gene_1969,4.093322733717331,0.0,1.0,False,,
Gene_1970,3.0108227664450875,0.0,1.0,False,,
Gene_1971,4.608239432512032,0.0,1.0,False,,
Gene_1972,3.813245381705905,4.046521356543661,1.0,True,TerminalCell_A,
Gene_1973,2.5250939094300997,0.0,1.0,False,,
Gene_1974,2.8616029885869083,2.1724363716525366,1.0,True,"StemCell,Progenitor1",StemCell->Progenitor1
Gene_1975,4.927980531603216,0.0,1.0,False,,
Gene_1976,3.5606586212957256,0.0,1.0,False,,
Gene_1977,3.3932065106931346,0.0,1.0,False,,
Gene_1978,4.086563076125373,0.0,1.0,False,,
Gene_1979,3.756924808307874,0.0,1.0,False,,
Gene_1980,1.9786250539646781,2.4745032333249948,1.0,True,Progenitor2,
Gene_1981,2.5439856461206465,0.0,1.0,False,,
Gene_1982,3.935343512993696,0.0,1.0,False,,
Gene_1983,1.025327416843083,0.0,1.0,False,,
Gene_1984,4.638396855319055,0.0,1.0,False,,
Gene_1985,3.004846597034937,1.2848087530841878,1.0,True,"Progenitor2,TerminalCell_B",Progenitor2->TerminalCell_B
Gene_1986,4.0894109382501185,0.0,1.0,False,,
Gene_1987,2.2674743212008335,0.0,1.0,False,,
Gene_1988,3.0873054093124517,0.0,1.0,False,,
Gene_1989,3.5730273100582677,2.69851758712845,1.0,True,TerminalCell_A,
Gene_1990,2.4903094551670595,0.0,1.0,False,,
Gene_1991,3.9526491038789557,0.0,1.0,False,,
Gene_1992,4.474999745925182,0.0,1.0,False,,
Gene_1993,2.3412361943738746,0.0,1.0,False,,
Gene_1994,1.7761625808732444,0.0,1.0,False,,
Gene_1995,4.544048546592991,0.0,1.0,False,,
Gene_1996,2.6703058273518936,0.0,1.0,False,,
Gene_1997,2.7547165646307654,0.0,1.0,False,,
Gene_1998,1.9143914834114861,0.0,1.0,False,,
Gene_1999,2.7789339129663584,0.0,1.0,False,,
Gene_2000,4.18676630934775,0.0,1.0,False,,
Gene_2001,1.9324252540667097,0.0,1.0,False,,
Gene_2002,4.245097726419187,4.528023769615296,1.0,True,"StemCell,Progenitor2,TerminalCell_B",StemCell->Progenitor2;Progenitor2->TerminalCell_B
Gene_2003,2.883131413766165,1.8525987480711437,1.0,True,"StemCell,Progenitor2,TerminalCell_B",StemCell->Progenitor2;Progenitor2->TerminalCell_B
Gene_2004,4.929949323831636,0.0,1.0,False,,
Gene_2005,1.7715996116682957,0.0,1.0,False,,
Gene_2006,1.2335327363098432,0.0,1.0,False,,
Gene_2007,2.891052494266712,4.890625456326296,1.0,True,"StemCell,Progenitor2",StemCell->Progenitor2
Gene_2008,2.815080884905405,0.0,1.0,False,,
Gene_2009,3.7978028248344775,0.0,1.0,False,,
Gene_2010,2.0321295088245317,0.0,1.0,False,,
Gene_2011,2.2914307534703884,0.0,1.0,False,,
Gene_2012,4.111459551185148,0.0,1.0,False,,
Gene_2013,2.7009920464601604,0.0,1.0,False,,
Gene_2014,4.036754264645257,0.0,1.0,False,,
Gene_2015,1.934103236775738,3.266342225819894,1.0,True,"StemCell,Progenitor2,TerminalCell_B",StemCell->Progenitor2;Progenitor2->TerminalCell_B
Gene_2016,4.596778339459579,0.0,1.0,False,,
Gene_2017,1.3079600072093451,0.0,1.0,False,,
Gene_2018,2.9872446123546412,0.0,1.0,False,,
Gene_2019,3.97032083344223,0.0,1.0,False,,
Gene_2020,4.166468539612654,0.0,1.0,False,,
Gene_2021,3.7924352686940677,0.0,1.0,False,,
Gene_2022,2.809643691118127,4.702583687978903,1.0,True,"StemCell,Progenitor1,TerminalCell_A",StemCell->Progenitor1;Progenitor1->TerminalCell_A
Gene_2023,2.8270999284748948,0.0,1.0,False,,
Gene_2024,1.2202593239375066,0.0,1.0,False,,
Gene_2025,3.4859849639317275,0.0,1.0,False,,
Gene_2026,2.4448640992879658,0.0,1.0,False,,
Gene_2027,3.0706371248212574,0.0,1.0,False,,
Gene_2028,1.9174022525446905,0.0,1.0,False,,
Gene_2029,1.0917597035948479,0.0,1.0,False,,
Gene_2030,4.170351896197568,1.6943551113594921,1.0,True,"StemCell,Progenitor1",StemCell->Progenitor1
Gene_2031,1.1850184500500407,0.0,1.0,False,,
Gene_2032,3.7245011676649287,2.7878554282226626,1.0,True,"StemCell,Progenitor2,TerminalCell_B",StemCell->Progenitor2;Progenitor2->TerminalCell_B
Gene_2033,2.374299452687801,0.0,1.0,False,,
Gene_2034,3.4647064803153222,0.0,1.0,False,,
Gene_2035,4.38921956872427,0.0,1.0,False,,
Gene_2036,2.0970484459500986,0.0,1.0,False,,
Gene_2037,3.395399775091194,0.0,1.0,False,,
Gene_2038,1.0638883332795492,0.0,1.0,False,,
Gene_2039,4.784977078014119,0.0,1.0,False,,
Gene_2040,3.853162668229893,0.0,1.0,False,,
Gene_2041,2.3917764978996248,0.0,1.0,False,,
Gene_2042,2.107586492429991,3.864600902032932,1.0,True,"StemCell,Progenitor1,TerminalCell_A",StemCell->Progenitor1;Progenitor1->TerminalCell_A
Gene_2043,2.6982020643264324,0.0,1.0,False,,
Gene_2044,2.4116014723878973,0.0,1.0,False,,
Gene_2045,2.3750406057754514,0.0,1.0,False,,
Gene_2046,4.8573020921752335,0.0,1.0,False,,
Gene_2047,1.3091436615146672,0.0,1.0,False,,
Gene_2048,1.1103176205085954,0.0,1.0,False,,
Gene_2049,3.8624402430634577,0.0,1.0,False,,
Gene_2050,4.07467606227282,2.905294140654643,1.0,True,"Progenitor1,TerminalCell_A",Progenitor1->TerminalCell_A
Gene_2051,2.7707746057792795,4.7591512555439435,1.0,True,TerminalCell_B,
Gene_2052,3.879613204592734,0.0,1.0,False,,
Gene_2053,4.629969389377867,0.0,1.0,False,,
Gene_2054,2.2147946271758037,0.0,1.0,False,,
Gene_2055,4.792250523059771,0.0,1.0,False,,
Gene_2056,1.6174754429179967,0.0,1.0,False,,
Gene_2057,3.9588721752577642,0.0,1.0,False,,
Gene_2058,1.336696774751919,0.0,1.0,False,,
Gene_2059,4.054295807524901,0.0,1.0,False,,
Gene_2060,3.1676523054061354,1.287317674156602,1.0,True,TerminalCell_B,
Gene_2061,1.6523077495813379,0.0,1.0,False,,
Gene_2062,3.030185682758291,0.0,1.0,False,,
Gene_2063,3.592134919555157,0.0,1.0,False,,
Gene_2064,4.399721669735177,0.0,1.0,False,,
Gene_2065,4.674379496720096,0.0,1.0,False,,
Gene_2066,2.9676934736427985,0.0,1.0,False,,
Gene_2067,4.770427865067798,0.0,1.0,False,,
Gene_2068,3.4238390934222114,0.0,1.0,False,,
Gene_2069,2.6441285175271636,0.0,1.0,False,,
Gene_2070,4.269581912353567,0.0,1.0,False,,
Gene_2071,4.676522280404661,0.0,1.0,False,,
Gene_2072,3.956090206046814,0.0,1.0,False,,
Gene_2073,4.486012432067131,0.0,1.0,False,,
Gene_2074,1.6530331615491303,0.0,1.0,False,,
Gene_2075,2.9740042882039996,4.633620079433233,1.0,True,"Progenitor2,TerminalCell_B",Progenitor2->TerminalCell_B
Gene_2076,4.194387232400863,3.4137138561314666,1.0,True,"StemCell,Progenitor2,TerminalCell_B",StemCell->Progenitor2;Progenitor2->TerminalCell_B
Gene_2077,4.51703886929972,4.087035531333232,1.0,True,"StemCell,Progenitor1",StemCell->Progenitor1
Gene_2078,2.7701837628570294,3.789657446232179,1.0,True,TerminalCell_A,
Gene_2079,3.5837751791124117,0.0,1.0,False,,
Gene_2080,4.665042651692658,0.0,1.0,False,,
Gene_2081,4.6404555773937535,0.0,1.0,False,,
Gene_2082,2.799120312491239,2.539521432957818,1.0,True,"StemCell,Progenitor2",StemCell->Progenitor2
Gene_2083,1.9362383018302527,0.0,1.0,False,,
Gene_2084,4.488212196172267,0.0,1.0,False,,
Gene_2085,3.887501039019124,0.0,1.0,False,,
Gene_2086,2.03261431262859,0.0,1.0,False,,
Gene_2087,3.454658487474181,1.6779861427537308,1.0,True,"StemCell,Progenitor2",StemCell->Progenitor2
Gene_2088,4.182434534507103,0.0,1.0,False,,
Gene_2089,2.5514346380404156,1.326225309427436,1.0,True,"StemCell,Progenitor1,TerminalCell_A",StemCell->Progenitor1;Progenitor1->TerminalCell_A
Gene_2090,1.2783723294304856,2.3034396231141203,1.0,True,"Progenitor1,TerminalCell_A",Progenitor1->TerminalCell_A
Gene_2091,4.4417034621096185,0.0,1.0,False,,
Gene_2092,2.8610617812972183,0.0,1.0,False,,
Gene_2093,2.5079100662383076,0.0,1.0,False,,
Gene_2094,3.8081268946874234,0.0,1.0,False,,
Gene_2095,3.1340047678278107,0.0,1.0,False,,
Gene_2096,2.7485114670748114,0.0,1.0,False,,
Gene_2097,2.9872103787821933,3.7050819707083353,1.0,True,TerminalCell_B,
Gene_2098,2.6807826122689167,0.0,1.0,False,,
Gene_2099,2.370659545951914,4.065406053798876,1.0,True,"StemCell,Progenitor1,TerminalCell_A",StemCell->Progenitor1;Progenitor1->TerminalCell_A
Gene_2100,3.044082451403983,0.0,1.0,False,,
Gene_2101,3.4923215100328076,0.0,1.0,False,,
Gene_2102,4.454437537117827,0.0,1.0,False,,
Gene_2103,2.262882033642475,0.0,1.0,False,,
Gene_2104,4.8547370244937955,0.0,1.0,False,,
Gene_2105,4.17542458951472,0.0,1.0,False,,
Gene_2106,1.4965106193674633,0.0,1.0,False,,
Gene_2107,4.195321591091594,0.0,1.0,False,,
Gene_2108,1.3581120047052302,0.0,1.0,False,,
Gene_2109,4.5034301205920855,0.0,1.0,False,,
Gene_2110,3.0422454903567338,2.070432730459453,1.0,True,"StemCell,Progenitor1,TerminalCell_A",StemCell->Progenitor1;Progenitor1->TerminalCell_A
Gene_2111,4.872292582186498,0.0,1.0,False,,
Gene_2112,3.1831967016232503,0.0,1.0,False,,
Gene_2113,3.7165820157404688,0.0,1.0,False,,
Gene_2114,4.843973774580073,1.7254178083396052,1.0,True,Progenitor1,
Gene_2115,3.5631446455298437,0.0,1.0,False,,
Gene_2116,4.975685735104379,0.0,1.0,False,,
Gene_2117,3.553975224346122,0.0,1.0,False,,
Gene_2118,4.657608040262652,3.3142930511376973,1.0,True,"StemCell,Progenitor2",StemCell->Progenitor2
Gene_2119,3.968704451978157,0.0,1.0,False,,
Gene_2120,3.6222303892089247,0.0,1.0,False,,
Gene_2121,3.626899354832102,3.526959994086296,1.0,True,"StemCell,Progenitor1",StemCell->Progenitor1
Gene_2122,4.46677866167243,0.0,1.0,False,,
Gene_2123,3.3663332324842186,0.0,1.0,False,,
Gene_2124,1.5989939799817265,0.0,1.0,False,,
Gene_2125,1.7924035037423374,0.0,1.0,False,,
Gene_2126,4.617516478450713,0.0,1.0,False,,
Gene_2127,4.194223999357019,1.53844795272227,1.0,True,"StemCell,Progenitor1",StemCell->Progenitor1
Gene_2128,2.316135622947102,0.0,1.0,False,,
Gene_2129,1.4722030132195618,3.5075954652624715,1.0,True,Progenitor1,
Gene_2130,2.14177902395932,0.0,1.0,False,,
Gene_2131,2.932838283502482,0.0,1.0,False,,
Gene_2132,2.1415910334966854,0.0,1.0,False,,
Gene_2133,2.0276480025323074,3.231373822749556,1.0,True,"Progenitor2,TerminalCell_B",Progenitor2->TerminalCell_B
Gene_2134,2.8297270280241564,0.0,1.0,False,,
Gene_2135,3.2491020769833256,0.0,1.0,False,,
Gene_2136,2.3316675197655967,0.0,1.0,False,,
Gene_2137,1.9572353149674067,0.0,1.0,False,,
Gene_2138,4.67644478293427,0.0,1.0,False,,
Gene_2139,4.503051249855643,0.0,1.0,False,,
Gene_2140,4.078547023251151,0.0,1.0,False,,
Gene_2141,1.7001869735564288,0.0,1.0,False,,
Gene_2142,1.8095900070038762,2.538340667899816,1.0,True,"StemCell,Progenitor1,TerminalCell_A",StemCell->Progenitor1;Progenitor1->TerminalCell_A
Gene_2143,4.030766576367015,0.0,1.0,False,,
Gene_2144,3.556841148261803,0.0,1.0,False,,
Gene_2145,2.441445520731261,0.0,1.0,False,,
Gene_2146,3.1381649562534726,2.425485994882758,1.0,True,"StemCell,Progenitor1",StemCell->Progenitor1
Gene_2147,2.207470504132258,0.0,1.0,False,,
Gene_2148,2.645074553797235,0.0,1.0,False,,
Gene_2149,3.9178208404917356,0.0,1.0,False,,
Gene_2150,4.9295730535417155,0.0,1.0,False,,
Gene_2151,2.4199967539426206,0.0,1.0,False,,
Gene_2152,4.23159355160878,0.0,1.0,False,,
Gene_2153,2.7150435974313316,0.0,1.0,False,,
Gene_2154,3.389123781911769,0.0,1.0,False,,
Gene_2155,4.421605565870761,0.0,1.0,False,,
Gene_2156,4.955542890894423,0.0,1.0,False,,
Gene_2157,2.7216770424844903,0.0,1.0,False,,
Gene_2158,4.041176955598966,0.0,1.0,False,,
Gene_2159,4.588139467893103,0.0,1.0,False,,
Gene_2160,1.3860489509781484,2.036745689099383,1.0,True,TerminalCell_A,
Gene_2161,1.1036621439840117,0.0,1.0,False,,
Gene_2162,3.6846876673533675,0.0,1.0,False,,
Gene_2163,3.311704852571289,0.0,1.0,False,,
Gene_2164,4.590786159466884,0.0,1.0,False,,
Gene_2165,2.7292395600518127,0.0,1.0,False,,
Gene_2166,4.843101819422264,0.0,1.0,False,,
Gene_2167,4.282418201079557,1.1904951763721443,1.0,True,Progenitor2,
Gene_2168,3.426614412869264,1.234625516191243,1.0,True,TerminalCell_B,
Gene_2169,2.868660148923187,0.0,1.0,False,,
Gene_2170,1.2009129928411029,4.374163695654156,1.0,True,Progenitor2,
Gene_2171,2.740211429854762,3.887970100573877,1.0,True,Progenitor1,
Gene_2172,4.35343919365552,0.0,1.0,False,,
Gene_2173,2.305872457329169,1.0925658426447802,1.0,True,Progenitor1,
Gene_2174,4.960700306326475,0.0,1.0,False,,
Gene_2175,2.426428110784653,1.975301526008154,1.0,True,"StemCell,Progenitor2,TerminalCell_B",StemCell->Progenitor2;Progenitor2->TerminalCell_B
Gene_2176,2.6687796761378326,0.0,1.0,False,,
Gene_2177,4.602997514786216,0.0,1.0,False,,
Gene_2178,3.9752249244795923,0.0,1.0,False,,
Gene_2179,1.7413844698931351,0.0,1.0,False,,
Gene_2180,2.2146070643903957,0.0,1.0,False,,
Gene_2181,4.596049889618058,2.3973859304833964,1.0,True,TerminalCell_B,
Gene_2182,4.909013534747429,0.0,1.0,False,,
Gene_2183,1.7598751806846282,0.0,1.0,False,,
Gene_2184,1.4705599988119138,0.0,1.0,False,,
Gene_2185,2.936502031303742,0.0,1.0,False,,
Gene_2186,3.8808667447460947,0.0,1.0,False,,
Gene_2187,4.885918331144433,0.0,1.0,False,,
Gene_2188,3.727846195737833,1.1063860864862582,1.0,True,Progenitor1,
Gene_2189,1.179459547085437,0.0,1.0,False,,
Gene_2190,1.0309841947758618,0.0,1.0,False,,
Gene_2191,2.0621484806592196,1.8832938454367452,1.0,True,"StemCell,Progenitor1",StemCell->Progenitor1
Gene_2192,2.1008942257398133,0.0,1.0,False,,
Gene_2193,2.483362432396837,0.0,1.0,False,,
Gene_2194,3.953499688561112,0.0,1.0,False,,
Gene_2195,3.9471834383027504,0.0,1.0,False,,
Gene_2196,4.545622164169211,0.0,1.0,False,,
Gene_2197,4.76675581984994,0.0,1.0,False,,
Gene_2198,1.7264927919992905,4.393510629318233,1.0,True,Progenitor1,
Gene_2199,4.985430554812911,2.173094623333564,1.0,True,"Progenitor1,TerminalCell_A",Progenitor1->TerminalCell_A
Gene_2200,1.0151100009887002,3.6829183992319585,1.0,True,"StemCell,Progenitor1",StemCell->Progenitor1
Gene_2201,2.5724038558064435,0.0,1.0,False,,
Gene_2202,1.5197307191829004,0.0,1.0,False,,
Gene_2203,3.0230520631824747,0.0,1.0,False,,
Gene_2204,3.5969964400385757,0.0,1.0,False,,
Gene_2205,2.47967614471713,2.4006492111758706,1.0,True,"StemCell,Progenitor2,TerminalCell_B",StemCell->Progenitor2;Progenitor2->TerminalCell_B
Gene_2206,2.614663050410942,0.0,1.0,False,,
Gene_2207,4.527361721712367,0.0,1.0,False,,
Gene_2208,4.313044407217372,0.0,1.0,False,,
Gene_2209,3.9721975111784156,0.0,1.0,False,,
Gene_2210,2.975432345274086,0.0,1.0,False,,
Gene_2211,2.369160635257906,0.0,1.0,False,,
Gene_2212,3.39883885028299,0.0,1.0,False,,
Gene_2213,1.7680067159230295,0.0,1.0,False,,
Gene_2214,1.6329817571464242,0.0,1.0,False,,
Gene_2215,4.294627229680406,0.0,1.0,False,,
Gene_2216,3.3847759303062093,3.9942843259886183,1.0,True,"StemCell,Progenitor2",StemCell->Progenitor2
Gene_2217,1.5536247118720223,0.0,1.0,False,,
Gene_2218,4.324630697756101,0.0,1.0,False,,
Gene_2219,1.8591058579841877,3.2702973777870077,1.0,True,"StemCell,Progenitor2,TerminalCell_B",StemCell->Progenitor2;Progenitor2->TerminalCell_B
Gene_2220,4.721736642163862,0.0,1.0,False,,
Gene_2221,3.5932346106426545,0.0,1.0,False,,
Gene_2222,3.435497743961178,0.0,1.0,False,,
Gene_2223,1.9959400272637162,3.0674572528072788,1.0,True,"Progenitor2,TerminalCell_B",Progenitor2->TerminalCell_B
Gene_2224,1.7903229020155238,0.0,1.0,False,,
Gene_2225,2.9213723824517905,0.0,1.0,False,,
Gene_2226,4.265969946908184,3.3226951312998865,1.0,True,"StemCell,Progenitor1,TerminalCell_A",StemCell->Progenitor1;Progenitor1->TerminalCell_A
Gene_2227,4.356212637412049,0.0,1.0,False,,
Gene_2228,3.996119221191145,0.0,1.0,False,,
Gene_2229,2.917314334477233,0.0,1.0,False,,
Gene_2230,1.2346684176726659,4.101775113630197,1.0,True,"StemCell,Progenitor1",StemCell->Progenitor1
Gene_2231,3.3355844982589566,0.0,1.0,False,,
Gene_2232,4.4381926390251305,0.0,1.0,False,,
Gene_2233,2.101045945460222,0.0,1.0,False,,
Gene_2234,3.827866301331278,0.0,1.0,False,,
Gene_2235,1.458369271622836,4.2872624419726915,1.0,True,Progenitor1,
Gene_2236,3.9314331986381696,0.0,1.0,False,,
Gene_2237,4.29571689956682,0.0,1.0,False,,
Gene_2238,3.189245654001864,0.0,1.0,False,,
Gene_2239,2.9350745633256916,4.337663839046422,1.0,True,"StemCell,Progenitor2",StemCell->Progenitor2
Gene_2240,2.5717942078772182,0.0,1.0,False,,
Gene_2241,2.2746252432903886,0.0,1.0,False,,
Gene_2242,3.5908669524749137,0.0,1.0,False,,
Gene_2243,2.840746622080413,0.0,1.0,False,,
Gene_2244,3.6901903737669066,0.0,1.0,False,,
Gene_2245,4.174600955486527,0.0,1.0,False,,
Gene_2246,3.7920032294066677,0.0,1.0,False,,
Gene_2247,3.6784011631377744,0.0,1.0,False,,
Gene_2248,3.78793721786041,0.0,1.0,False,,
Gene_2249,4.665040497497767,0.0,1.0,False,,
Gene_2250,1.3855911664543012,2.3638709048054296,1.0,True,TerminalCell_B,
Gene_2251,3.4405917178291308,0.0,1.0,False,,
Gene_2252,3.6217264323590963,0.0,1.0,False,,
Gene_2253,3.1982862382286217,1.470688515321915,1.0,True,Progenitor1,
Gene_2254,2.959233566351421,0.0,1.0,False,,
Gene_2255,3.796896515654738,0.0,1.0,False,,
Gene_2256,3.5067828301030444,2.313362125731217,1.0,True,"StemCell,Progenitor2,TerminalCell_B",StemCell->Progenitor2;Progenitor2->TerminalCell_B
Gene_2257,4.3286213510228375,0.0,1.0,False,,
Gene_2258,2.021972611236188,0.0,1.0,False,,
Gene_2259,1.2606901469703558,1.5681348777913797,1.0,True,"Progenitor2,TerminalCell_B",Progenitor2->TerminalCell_B
Gene_2260,1.2589147475614504,0.0,1.0,False,,
Gene_2261,2.3518851635745386,0.0,1.0,False,,
Gene_2262,2.9203860412283524,0.0,1.0,False,,
Gene_2263,4.374650035325789,4.493107943920088,1.0,True,TerminalCell_A,
Gene_2264,2.672818130815603,3.1465214241647863,1.0,True,"StemCell,Progenitor2,TerminalCell_B",StemCell->Progenitor2;Progenitor2->TerminalCell_B
Gene_2265,4.2233144440303185,0.0,1.0,False,,
Gene_2266,3.0746132227858607,0.0,1.0,False,,
Gene_2267,4.416130369356105,0.0,1.0,False,,
Gene_2268,4.14883980296902,0.0,1.0,False,,
Gene_2269,1.3119167558544977,0.0,1.0,False,,
Gene_2270,4.0499431986858365,0.0,1.0,False,,
Gene_2271,1.5770109309292888,0.0,1.0,False,,
Gene_2272,1.11205519614796,0.0,1.0,False,,
Gene_2273,1.9763149216642653,0.0,1.0,False,,
Gene_2274,3.2004593335260916,0.0,1.0,False,,
Gene_2275,4.2269040632283,0.0,1.0,False,,
Gene_2276,3.285296388150252,1.3261535555977138,1.0,True,"Progenitor2,TerminalCell_B",Progenitor2->TerminalCell_B
Gene_2277,4.8939162954654005,0.0,1.0,False,,
Gene_2278,3.2660698550266596,0.0,1.0,False,,
Gene_2279,3.7078960533011998,0.0,1.0,False,,
Gene_2280,3.4559547693239923,0.0,1.0,False,,
Gene_2281,1.2900093637931125,0.0,1.0,False,,
Gene_2282,4.517273706467735,0.0,1.0,False,,
Gene_2283,3.8702155731020205,2.226501829658344,1.0,True,"StemCell,Progenitor1",StemCell->Progenitor1
Gene_2284,4.737265160807173,0.0,1.0,False,,
Gene_2285,2.1312003657712726,1.45604199483757,1.0,True,TerminalCell_B,
Gene_2286,2.244861745084378,0.0,1.0,False,,
Gene_2287,2.50889991964807,0.0,1.0,False,,
Gene_2288,2.811059375465699,0.0,1.0,False,,
Gene_2289,3.8635347762260297,0.0,1.0,False,,
Gene_2290,4.519969667496312,4.991253119571077,1.0,True,TerminalCell_B,
Gene_2291,1.9308476194918849,0.0,1.0,False,,
Gene_2292,1.3979228151263872,0.0,1.0,False,,
Gene_2293,4.4542474281444715,0.0,1.0,False,,
Gene_2294,3.090320332143359,1.3136917167870035,1.0,True,Progenitor2,
Gene_2295,4.229834766419547,3.5859080996144543,1.0,True,TerminalCell_A,
Gene_2296,3.226095363754076,1.340352845215031,1.0,True,TerminalCell_A,
Gene_2297,4.206124178542786,0.0,1.0,False,,
Gene_2298,1.460854170766002,0.0,1.0,False,,
Gene_2299,3.77837949139485,0.0,1.0,False,,
Gene_2300,4.314131153804263,0.0,1.0,False,,
Gene_2301,4.99776873099705,3.2682045911100746,1.0,True,Progenitor2,
Gene_2302,4.643041317990898,3.0277206859554355,1.0,True,"StemCell,Progenitor2,TerminalCell_B",StemCell->Progenitor2;Progenitor2->TerminalCell_B
Gene_2303,1.3867791553727384,0.0,1.0,False,,
Gene_2304,1.4709423145559763,0.0,1.0,False,,
Gene_2305,2.2495153477554455,0.0,1.0,False,,
Gene_2306,1.8862146395138155,0.0,1.0,False,,
Gene_2307,4.86771835319065,1.7554070455086364,1.0,True,TerminalCell_A,
Gene_2308,3.0679452226395805,0.0,1.0,False,,
Gene_2309,3.249215966597706,0.0,1.0,False,,
Gene_2310,3.727889198524351,0.0,1.0,False,,
Gene_2311,2.317967998820508,0.0,1.0,False,,
Gene_2312,3.6752687616978603,2.212895083454824,1.0,True,"StemCell,Progenitor2,TerminalCell_B",StemCell->Progenitor2;Progenitor2->TerminalCell_B
Gene_2313,4.505421452217293,0.0,1.0,False,,
Gene_2314,2.805799384117716,0.0,1.0,False,,
Gene_2315,3.460763733115567,0.0,1.0,False,,
Gene_2316,2.9727307516061754,0.0,1.0,False,,
Gene_2317,1.1507994568200148,0.0,1.0,False,,
Gene_2318,4.5624842413950315,0.0,1.0,False,,
Gene_2319,4.515429425837496,0.0,1.0,False,,
Gene_2320,2.0472949834002505,0.0,1.0,False,,
Gene_2321,1.922479630755376,4.680937329842234,1.0,True,"StemCell,Progenitor2",StemCell->Progenitor2
Gene_2322,1.1047483820854316,1.2724368079511619,1.0,True,"StemCell,Progenitor1,TerminalCell_A",StemCell->Progenitor1;Progenitor1->TerminalCell_A
Gene_2323,3.1809905792460875,3.4781447574248228,1.0,True,TerminalCell_B,
Gene_2324,4.124302273650727,0.0,1.0,False,,
Gene_2325,2.019303607866761,0.0,1.0,False,,
Gene_2326,4.1882148913362505,1.5929083070839622,1.0,True,"Progenitor1,TerminalCell_A",Progenitor1->TerminalCell_A
Gene_2327,1.1846290026483026,0.0,1.0,False,,
Gene_2328,2.4534941598592197,0.0,1.0,False,,
Gene_2329,1.1751984198759589,0.0,1.0,False,,
Gene_2330,2.2594522249672155,0.0,1.0,False,,
Gene_2331,3.616321290867705,3.083375230875793,1.0,True,"StemCell,Progenitor1,TerminalCell_A",StemCell->Progenitor1;Progenitor1->TerminalCell_A
Gene_2332,3.049188610132054,0.0,1.0,False,,
Gene_2333,1.3436077957438353,0.0,1.0,False,,
Gene_2334,3.5035220539611807,3.034473230190165,1.0,True,TerminalCell_B,
Gene_2335,3.710788325416939,0.0,1.0,False,,
Gene_2336,1.3660199105446478,0.0,1.0,False,,
Gene_2337,2.463914138522699,0.0,1.0,False,,
Gene_2338,1.5464111717286193,0.0,1.0,False,,
Gene_2339,2.21426275398342,0.0,1.0,False,,
Gene_2340,3.7649485380192926,0.0,1.0,False,,
Gene_2341,3.0417963698145103,0.0,1.0,False,,
Gene_2342,1.7862740781421707,0.0,1.0,False,,
Gene_2343,4.996574543305044,0.0,1.0,False,,
Gene_2344,1.3071271727582237,0.0,1.0,False,,
Gene_2345,2.7255500809449273,0.0,1.0,False,,
Gene_2346,1.255287092830824,0.0,1.0,False,,
Gene_2347,4.798535067610107,1.9696158261350862,1.0,True,TerminalCell_B,
Gene_2348,1.9655643699959446,0.0,1.0,False,,
Gene_2349,4.867376909856241,0.0,1.0,False,,
Gene_2350,4.818111080409035,2.4224565806674514,1.0,True,"StemCell,Progenitor2",StemCell->Progenitor2
Gene_2351,2.2464835883214396,0.0,1.0,False,,
Gene_2352,4.273457992776329,0.0,1.0,False,,
Gene_2353,3.061829395419478,2.438819663919451,1.0,True,Progenitor2,
Gene_2354,1.0099141593041625,0.0,1.0,False,,
Gene_2355,2.7041208660290352,0.0,1.0,False,,
Gene_2356,4.048336098923379,0.0,1.0,False,,
Gene_2357,4.52431742518201,0.0,1.0,False,,
Gene_2358,4.928371275154872,0.0,1.0,False,,
Gene_2359,1.587751689577657,4.832667681392695,1.0,True,"StemCell,Progenitor1",StemCell->Progenitor1
Gene_2360,2.0700876652478812,0.0,1.0,False,,
Gene_2361,2.6106255521272588,0.0,1.0,False,,
Gene_2362,4.0301560857762935,0.0,1.0,False,,
Gene_2363,2.6697218107293703,0.0,1.0,False,,
Gene_2364,2.2148892617633393,2.3677072798965524,1.0,True,TerminalCell_B,
Gene_2365,4.0680362184599215,1.8447799184460325,1.0,True,TerminalCell_B,
Gene_2366,2.39386684351718,0.0,1.0,False,,
Gene_2367,2.915332810075653,2.058412585478786,1.0,True,Progenitor2,
Gene_2368,4.383505751524787,2.012130546832104,1.0,True,"Progenitor1,TerminalCell_A",Progenitor1->TerminalCell_A
Gene_2369,2.859386118787046,0.0,1.0,False,,
Gene_2370,2.687239045934516,0.0,1.0,False,,
Gene_2371,4.176828532089569,0.0,1.0,False,,
Gene_2372,2.935015758202371,3.2949914504144036,1.0,True,TerminalCell_B,
Gene_2373,2.6703686787431766,0.0,1.0,False,,
Gene_2374,3.912360463148803,0.0,1.0,False,,
Gene_2375,2.0714851908965257,0.0,1.0,False,,
Gene_2376,4.157913229638586,0.0,1.0,False,,
Gene_2377,3.770433770590631,0.0,1.0,False,,
Gene_2378,1.8201186483445606,2.179880832559521,1.0,True,"Progenitor2,TerminalCell_B",Progenitor2->TerminalCell_B
Gene_2379,1.4763791342778116,4.067253575604157,1.0,True,TerminalCell_B,
Gene_2380,1.2738902102330676,0.0,1.0,False,,
Gene_2381,1.5608356229241838,2.6685459909886315,1.0,True,"StemCell,Progenitor2,TerminalCell_B",StemCell->Progenitor2;Progenitor2->TerminalCell_B
Gene_2382,2.2880184348803296,0.0,1.0,False,,
Gene_2383,2.443972629235259,0.0,1.0,False,,
Gene_2384,4.472997939612909,0.0,1.0,False,,
Gene_2385,2.005563288510539,0.0,1.0,False,,
Gene_2386,3.4816291618473585,0.0,1.0,False,,
Gene_2387,1.9675180052048398,3.3859411784031446,1.0,True,TerminalCell_A,
Gene_2388,4.319381388630866,0.0,1.0,False,,
Gene_2389,2.343817040040185,0.0,1.0,False,,
Gene_2390,3.5516757864644735,0.0,1.0,False,,
Gene_2391,4.959241206766932,0.0,1.0,False,,
Gene_2392,2.857637682700182,0.0,1.0,False,,
Gene_2393,4.267101213063798,0.0,1.0,False,,
Gene_2394,1.7260704809141858,4.753348352767791,1.0,True,"StemCell,Progenitor2",StemCell->Progenitor2
Gene_2395,3.0694110206114553,0.0,1.0,False,,
Gene_2396,3.5837885591163876,2.313256866824093,1.0,True,"StemCell,Progenitor2,TerminalCell_B",StemCell->Progenitor2;Progenitor2->TerminalCell_B
Gene_2397,4.921231206734298,4.462503798114311,1.0,True,"StemCell,Progenitor1,TerminalCell_A",StemCell->Progenitor1;Progenitor1->TerminalCell_A
Gene_2398,4.8244377192641235,0.0,1.0,False,,
Gene_2399,1.3121071127244597,0.0,1.0,False,,
Gene_2400,1.6426429035768768,2.705501424203189,1.0,True,Progenitor2,
Gene_2401,4.7478867488826655,0.0,1.0,False,,
Gene_2402,4.971252006055769,0.0,1.0,False,,
Gene_2403,3.6195060017839182,0.0,1.0,False,,
Gene_2404,3.3433327548454472,4.543590612532795,1.0,True,TerminalCell_A,
Gene_2405,2.869531274916861,0.0,1.0,False,,
Gene_2406,3.591018674963364,2.755320332688402,1.0,True,"Progenitor2,TerminalCell_B",Progenitor2->TerminalCell_B
Gene_2407,3.8408854978723768,0.0,1.0,False,,
Gene_2408,3.4050596388062626,0.0,1.0,False,,
Gene_2409,3.5643971252889757,0.0,1.0,False,,
Gene_2410,1.730783385295506,0.0,1.0,False,,
Gene_2411,4.496119534926999,0.0,1.0,False,,
Gene_2412,2.0031437010502335,0.0,1.0,False,,
Gene_2413,3.7593432376782325,0.0,1.0,False,,
Gene_2414,2.3543173813771268,2.277262039402581,1.0,True,Progenitor2,
Gene_2415,3.111162028793539,0.0,1.0,False,,
Gene_2416,1.044612900321944,0.0,1.0,False,,
Gene_2417,3.853544504459583,2.8273577648807438,1.0,True,"StemCell,Progenitor1,TerminalCell_A",StemCell->Progenitor1;Progenitor1->TerminalCell_A
Gene_2418,3.366089760482166,3.3940017421227235,1.0,True,"Progenitor2,TerminalCell_B",Progenitor2->TerminalCell_B
Gene_2419,3.490275189493602,0.0,1.0,False,,
Gene_2420,4.8944892803728415,0.0,1.0,False,,
Gene_2421,2.965405663328798,0.0,1.0,False,,
Gene_2422,3.381952391407311,0.0,1.0,False,,
Gene_2423,4.953463450024719,3.0847590058575536,1.0,True,"Progenitor1,TerminalCell_A",Progenitor1->TerminalCell_A
Gene_2424,2.470631616230126,0.0,1.0,False,,
Gene_2425,4.468599642607604,0.0,1.0,False,,
Gene_2426,2.2787988376988713,0.0,1.0,False,,
Gene_2427,4.523871874232086,0.0,1.0,False,,
Gene_2428,2.7228788600250864,0.0,1.0,False,,
Gene_2429,3.318287045146187,0.0,1.0,False,,
Gene_2430,4.218569544141509,0.0,1.0,False,,
Gene_2431,1.48293754780671,0.0,1.0,False,,
Gene_2432,4.510249793415806,0.0,1.0,False,,
Gene_2433,3.0968638225581557,1.8491484588434357,1.0,True,Progenitor1,
Gene_2434,2.1706016934336243,0.0,1.0,False,,
Gene_2435,1.7871625626806216,0.0,1.0,False,,
Gene_2436,4.082300410770991,4.442351665703984,1.0,True,"StemCell,Progenitor1,TerminalCell_A",StemCell->Progenitor1;Progenitor1->TerminalCell_A
Gene_2437,3.9365727217642843,0.0,1.0,False,,
Gene_2438,4.36678649786373,0.0,1.0,False,,
Gene_2439,1.9710521585292007,0.0,1.0,False,,
Gene_2440,4.925252847663204,0.0,1.0,False,,
Gene_2441,4.405055567451103,0.0,1.0,False,,
Gene_2442,1.9097802123247867,3.808348890305215,1.0,True,Progenitor2,
Gene_2443,2.3939579417948256,0.0,1.0,False,,
Gene_2444,4.1829770970287585,0.0,1.0,False,,
Gene_2445,1.195456279025795,0.0,1.0,False,,
Gene_2446,4.609565670210728,0.0,1.0,False,,
Gene_2447,3.0313887775215567,0.0,1.0,False,,
Gene_2448,1.5017608958108886,0.0,1.0,False,,
Gene_2449,4.650403274371855,3.9156910057401446,1.0,True,TerminalCell_B,
Gene_2450,1.487569013527768,0.0,1.0,False,,
Gene_2451,4.105978337159633,0.0,1.0,False,,
Gene_2452,4.670644399951716,0.0,1.0,False,,
Gene_2453,4.094090584359291,1.81357150710459,1.0,True,"Progenitor2,TerminalCell_B",Progenitor2->TerminalCell_B
Gene_2454,4.647631082636131,0.0,1.0,False,,
Gene_2455,1.093655118403556,0.0,1.0,False,,
Gene_2456,4.852001018079942,0.0,1.0,False,,
Gene_2457,3.5281251579202246,0.0,1.0,False,,
Gene_2458,2.9338188917889774,3.692620028269375,1.0,True,"StemCell,Progenitor1,TerminalCell_A",StemCell->Progenitor1;Progenitor1->TerminalCell_A
Gene_2459,3.8073074595768635,1.5476632183299168,1.0,True,Progenitor2,
Gene_2460,2.775112556151646,0.0,1.0,False,,
Gene_2461,3.4679320400501013,0.0,1.0,False,,
Gene_2462,2.29559716405539,0.0,1.0,False,,
Gene_2463,1.1860117795519822,0.0,1.0,False,,
Gene_2464,4.0646384151250965,2.3577052332600803,1.0,True,TerminalCell_A,
Gene_2465,2.6774932944014727,0.0,1.0,False,,
Gene_2466,1.061401428901576,2.5214231878140367,1.0,True,"StemCell,Progenitor2",StemCell->Progenitor2
Gene_2467,3.6029980748674397,0.0,1.0,False,,
Gene_2468,2.131267877395898,0.0,1.0,False,,
Gene_2469,2.4360668454596093,0.0,1.0,False,,
Gene_2470,1.785642510040316,0.0,1.0,False,,
Gene_2471,2.545325285366791,0.0,1.0,False,,
Gene_2472,2.706347584727222,0.0,1.0,False,,
Gene_2473,4.206348028654968,4.031992702648035,1.0,True,"Progenitor2,TerminalCell_B",Progenitor2->TerminalCell_B
Gene_2474,3.606521878888198,0.0,1.0,False,,
Gene_2475,1.6441776811632764,0.0,1.0,False,,
Gene_2476,2.4548363822118264,0.0,1.0,False,,
Gene_2477,3.2847401423572666,0.0,1.0,False,,
Gene_2478,1.8357150874032935,1.3144365856948133,1.0,True,"Progenitor2,TerminalCell_B",Progenitor2->TerminalCell_B
Gene_2479,1.9468772600334936,0.0,1.0,False,,
Gene_2480,2.0320660787402938,3.733035510044427,1.0,True,"StemCell,Progenitor2",StemCell->Progenitor2
Gene_2481,4.638485278530938,0.0,1.0,False,,
Gene_2482,1.9804906517111212,0.0,1.0,False,,
Gene_2483,2.569449066611811,0.0,1.0,False,,
Gene_2484,2.8686702471340557,0.0,1.0,False,,
Gene_2485,4.922613925780139,1.4887406561334862,1.0,True,"StemCell,Progenitor1,TerminalCell_A",StemCell->Progenitor1;Progenitor1->TerminalCell_A
Gene_2486,4.615475217825637,0.0,1.0,False,,
Gene_2487,4.9362200850432725,3.1080110192032655,1.0,True,"Progenitor1,TerminalCell_A",Progenitor1->TerminalCell_A
Gene_2488,4.872931083160918,0.0,1.0,False,,
Gene_2489,1.6466194279061659,0.0,1.0,False,,
Gene_2490,1.900452100981159,3.7201426171633045,1.0,True,"StemCell,Progenitor2,TerminalCell_B",StemCell->Progenitor2;Progenitor2->TerminalCell_B
Gene_2491,3.216862486889193,0.0,1.0,False,,
Gene_2492,4.582994754116664,0.0,1.0,False,,
Gene_2493,2.68327480172801,1.9002975441851175,1.0,True,TerminalCell_B,
Gene_2494,2.457964347052508,3.183608700904555,1.0,True,Progenitor1,
Gene_2495,4.216924651625635,0.0,1.0,False,,
Gene_2496,4.768181230943618,0.0,1.0,False,,
Gene_2497,1.4112834175388267,2.245974300318611,1.0,True,TerminalCell_A,
Gene_2498,2.1351235914293847,0.0,1.0,False,,
Gene_2499,4.8788033351296605,0.0,1.0,False,,
Gene_2500,1.160059920217062,0.0,1.0,False,,
Gene_2501,3.172768401390485,0.0,1.0,False,,
Gene_2502,4.912784312415157,0.0,1.0,False,,
Gene_2503,2.318696056235931,0.0,1.0,False,,
Gene_2504,4.583444272999297,0.0,1.0,False,,
Gene_2505,4.806581705470699,0.0,1.0,False,,
Gene_2506,4.174527222314663,0.0,1.0,False,,
Gene_2507,2.0997245013697188,0.0,1.0,False,,
Gene_2508,3.3909210898262847,0.0,1.0,False,,
Gene_2509,3.442694649927319,0.0,1.0,False,,
Gene_2510,3.3138987853899042,0.0,1.0,False,,
Gene_2511,2.1858808700015744,3.2318524426773787,1.0,True,TerminalCell_B,
Gene_2512,3.106468283504318,0.0,1.0,False,,
Gene_2513,2.6300819406087985,0.0,1.0,False,,
Gene_2514,1.0589153554774393,0.0,1.0,False,,
Gene_2515,4.174273947774528,0.0,1.0,False,,
Gene_2516,3.3650609543971917,0.0,1.0,False,,
Gene_2517,4.19467842738352,0.0,1.0,False,,
Gene_2518,1.5512420559968891,0.0,1.0,False,,
Gene_2519,3.9257367882801395,0.0,1.0,False,,
Gene_2520,1.5963682947286633,0.0,1.0,False,,
Gene_2521,2.4307943149130082,0.0,1.0,False,,
Gene_2522,1.0885668899574479,0.0,1.0,False,,
Gene_2523,2.165764553189997,0.0,1.0,False,,
Gene_2524,3.8734443680205595,0.0,1.0,False,,
Gene_2525,2.555391491990364,0.0,1.0,False,,
Gene_2526,2.3578261031970973,2.0958985924147235,1.0,True,Progenitor1,
Gene_2527,2.6356583198808887,0.0,1.0,False,,
Gene_2528,1.7227317584907134,4.103616103638628,1.0,True,TerminalCell_A,
Gene_2529,1.3890609107490022,0.0,1.0,False,,
Gene_2530,2.092765102417797,0.0,1.0,False,,
Gene_2531,1.6950764092388,0.0,1.0,False,,
Gene_2532,2.743868400195376,0.0,1.0,False,,
Gene_2533,3.2486448607804377,4.237173908103992,1.0,True,TerminalCell_A,
Gene_2534,2.3177551801550753,0.0,1.0,False,,
Gene_2535,3.0598445432365717,0.0,1.0,False,,
Gene_2536,3.8581156131381036,0.0,1.0,False,,
Gene_2537,3.50632942298172,4.196406568238842,1.0,True,Progenitor2,
Gene_2538,4.930869436799422,0.0,1.0,False,,
Gene_2539,3.375328719139576,4.668377998959109,1.0,True,Progenitor1,
Gene_2540,4.122583834285564,1.2181296536555948,1.0,True,"StemCell,Progenitor1",StemCell->Progenitor1
Gene_2541,1.0871495973913672,0.0,1.0,False,,
Gene_2542,3.4328976304609746,0.0,1.0,False,,
Gene_2543,1.2466075520727151,2.9185908338242914,1.0,True,Progenitor2,
Gene_2544,2.5590146890821672,0.0,1.0,False,,
Gene_2545,3.387979982560916,4.068359833126315,1.0,True,"StemCell,Progenitor2,TerminalCell_B",StemCell->Progenitor2;Progenitor2->TerminalCell_B
Gene_2546,1.7884253432397692,4.542379983079148,1.0,True,"StemCell,Progenitor2",StemCell->Progenitor2
Gene_2547,4.695806450545025,0.0,1.0,False,,
Gene_2548,3.109275774419849,0.0,1.0,False,,
Gene_2549,1.5953987398317007,0.0,1.0,False,,
Gene_2550,2.026776133335912,0.0,1.0,False,,
Gene_2551,3.4867705538420783,0.0,1.0,False,,
Gene_2552,2.461103867152858,0.0,1.0,False,,
Gene_2553,3.950610077357058,1.2480162182937762,1.0,True,TerminalCell_B,
Gene_2554,1.722906139439385,0.0,1.0,False,,
Gene_2555,2.6119908537302936,0.0,1.0,False,,
Gene_2556,3.5054416961467574,0.0,1.0,False,,
Gene_2557,1.8504241201765512,0.0,1.0,False,,
Gene_2558,3.3320999721581495,0.0,1.0,False,,
Gene_2559,3.951076990395767,0.0,1.0,False,,
Gene_2560,3.756913991009863,0.0,1.0,False,,
Gene_2561,1.4385782948280506,0.0,1.0,False,,
Gene_2562,1.8361732382367775,0.0,1.0,False,,
Gene_2563,3.954908248309265,0.0,1.0,False,,
Gene_2564,1.9750493217658707,0.0,1.0,False,,
Gene_2565,4.787643133024961,0.0,1.0,False,,
Gene_2566,3.1005548261345015,0.0,1.0,False,,
Gene_2567,2.111818175863219,0.0,1.0,False,,
Gene_2568,1.8079764264039802,0.0,1.0,False,,
Gene_2569,3.5701780408418093,0.0,1.0,False,,
Gene_2570,3.713812022878086,4.151701072486832,1.0,True,"Progenitor1,TerminalCell_A",Progenitor1->TerminalCell_A
Gene_2571,1.4694621560699748,0.0,1.0,False,,
Gene_2572,4.021332674238528,0.0,1.0,False,,
Gene_2573,3.8458768165181567,3.8197125491802906,1.0,True,TerminalCell_A,
Gene_2574,4.091428608482804,0.0,1.0,False,,
Gene_2575,4.947966071909355,1.8348979370210028,1.0,True,"StemCell,Progenitor1",StemCell->Progenitor1
Gene_2576,2.5593750021601966,3.806081436704535,1.0,True,"Progenitor2,TerminalCell_B",Progenitor2->TerminalCell_B
Gene_2577,1.7313683218151357,0.0,1.0,False,,
Gene_2578,2.001952094626603,3.039204759696922,1.0,True,"StemCell,Progenitor2",StemCell->Progenitor2
Gene_2579,3.9098465344920186,0.0,1.0,False,,
Gene_2580,4.864635774020368,0.0,1.0,False,,
Gene_2581,1.7914850078220188,0.0,1.0,False,,
Gene_2582,3.426588069345069,3.828237480947511,1.0,True,"StemCell,Progenitor1,TerminalCell_A",StemCell->Progenitor1;Progenitor1->TerminalCell_A
Gene_2583,2.061561405326713,0.0,1.0,False,,
Gene_2584,3.950212546016918,0.0,1.0,False,,
Gene_2585,1.37836473958578,0.0,1.0,False,,
Gene_2586,2.9528895297517246,0.0,1.0,False,,
Gene_2587,1.5643989942335397,0.0,1.0,False,,
Gene_2588,4.55894806137338,1.9923490248056401,1.0,True,Progenitor1,
Gene_2589,3.7604755081560266,1.988066998661389,1.0,True,TerminalCell_A,
Gene_2590,1.569690379261611,3.4964682610918736,1.0,True,TerminalCell_A,
Gene_2591,4.45018501842503,0.0,1.0,False,,
Gene_2592,2.3944691160874294,0.0,1.0,False,,
Gene_2593,1.7191992803922336,0.0,1.0,False,,
Gene_2594,3.022410762582533,0.0,1.0,False,,
Gene_2595,2.8710673602602292,0.0,1.0,False,,
Gene_2596,2.6669847222811995,0.0,1.0,False,,
Gene_2597,2.41654491887414,0.0,1.0,False,,
Gene_2598,4.463859852561699,0.0,1.0,False,,
Gene_2599,2.7905909207966673,0.0,1.0,False,,
Gene_2600,3.8824104599535008,0.0,1.0,False,,
Gene_2601,2.3106619468178664,0.0,1.0,False,,
Gene_2602,2.821629390186256,0.0,1.0,False,,
Gene_2603,2.337700140559192,0.0,1.0,False,,
Gene_2604,4.354249312176739,0.0,1.0,False,,
Gene_2605,4.139084447155091,0.0,1.0,False,,
Gene_2606,2.955553102211732,0.0,1.0,False,,
Gene_2607,3.8871018344818,0.0,1.0,False,,
Gene_2608,4.512266667813972,2.4967790895850994,1.0,True,TerminalCell_B,
Gene_2609,3.2066948765615275,0.0,1.0,False,,
Gene_2610,1.889257072812224,0.0,1.0,False,,
Gene_2611,2.567083805092096,0.0,1.0,False,,
Gene_2612,4.028838173063973,0.0,1.0,False,,
Gene_2613,2.5705555527786994,0.0,1.0,False,,
Gene_2614,1.452132279360674,0.0,1.0,False,,
Gene_2615,2.797012111800856,3.6222297795208607,1.0,True,TerminalCell_A,
Gene_2616,4.441028006056839,0.0,1.0,False,,
Gene_2617,2.863305149981777,0.0,1.0,False,,
Gene_2618,2.430410812186766,4.682331792266952,1.0,True,TerminalCell_B,
Gene_2619,1.143518437560238,0.0,1.0,False,,
Gene_2620,2.589868316925926,0.0,1.0,False,,
Gene_2621,3.8699171103976227,0.0,1.0,False,,
Gene_2622,4.468805287127658,0.0,1.0,False,,
Gene_2623,1.7612239764894868,4.795447862560378,1.0,True,Progenitor2,
Gene_2624,3.280340710094958,0.0,1.0,False,,
Gene_2625,1.6136523424414495,0.0,1.0,False,,
Gene_2626,2.028526689468283,0.0,1.0,False,,
Gene_2627,2.705651852531456,0.0,1.0,False,,
Gene_2628,3.708391410193567,0.0,1.0,False,,
Gene_2629,4.149120426784059,0.0,1.0,False,,
Gene_2630,3.603929602110159,0.0,1.0,False,,
Gene_2631,3.7951864629210683,0.0,1.0,False,,
Gene_2632,3.173319465404129,0.0,1.0,False,,
Gene_2633,1.157310559898825,0.0,1.0,False,,
Gene_2634,1.2246721318938452,2.7251704803346284,1.0,True,TerminalCell_A,
Gene_2635,3.7389006447715927,0.0,1.0,False,,
Gene_2636,4.190645761990853,3.911596385689175,1.0,True,TerminalCell_B,
Gene_2637,1.4838200281485219,2.4438115779319265,1.0,True,TerminalCell_B,
Gene_2638,4.831129192746414,0.0,1.0,False,,
Gene_2639,3.548353038113637,0.0,1.0,False,,
Gene_2640,2.831718847751905,0.0,1.0,False,,
Gene_2641,3.2498568583596437,3.796776584358218,1.0,True,TerminalCell_B,
Gene_2642,4.693388876904294,2.8999564591268845,1.0,True,TerminalCell_A,
Gene_2643,2.404692944800631,1.9437729531176537,1.0,True,"Progenitor2,TerminalCell_B",Progenitor2->TerminalCell_B
Gene_2644,4.63890684458278,0.0,1.0,False,,
Gene_2645,3.7327858613446794,0.0,1.0,False,,
Gene_2646,1.5194436215555207,0.0,1.0,False,,
Gene_2647,3.4746659947254934,0.0,1.0,False,,
Gene_2648,2.4690286310680873,0.0,1.0,False,,
Gene_2649,2.6698622789044837,0.0,1.0,False,,
Gene_2650,4.2221439625358865,0.0,1.0,False,,
Gene_2651,4.642951072874833,0.0,1.0,False,,
Gene_2652,2.5608952702796723,0.0,1.0,False,,
Gene_2653,2.6950039475666245,0.0,1.0,False,,
Gene_2654,1.5721215680181926,0.0,1.0,False,,
Gene_2655,4.808156381590972,0.0,1.0,False,,
Gene_2656,1.1155623689964251,0.0,1.0,False,,
Gene_2657,3.9506237629909813,0.0,1.0,False,,
Gene_2658,3.7928847736888414,0.0,1.0,False,,
Gene_2659,1.9329123665409025,0.0,1.0,False,,
Gene_2660,4.4937214728030295,0.0,1.0,False,,
Gene_2661,3.4285639067227236,0.0,1.0,False,,
Gene_2662,3.7022022816514286,0.0,1.0,False,,
Gene_2663,3.7311065444820906,0.0,1.0,False,,
Gene_2664,3.8872481948636004,1.905038655853656,1.0,True,"StemCell,Progenitor2",StemCell->Progenitor2
Gene_2665,1.0421882384029542,0.0,1.0,False,,
Gene_2666,3.2318826270616547,0.0,1.0,False,,
Gene_2667,1.6332980441794693,0.0,1.0,False,,
Gene_2668,1.0964934598103362,2.3898348933459297,1.0,True,TerminalCell_A,
Gene_2669,3.0943869447765495,0.0,1.0,False,,
Gene_2670,1.8782592288623747,0.0,1.0,False,,
Gene_2671,3.5533256358003436,4.394090766027622,1.0,True,TerminalCell_B,
Gene_2672,1.34069980969063,0.0,1.0,False,,
Gene_2673,3.943959604129606,3.6013005119919557,1.0,True,"StemCell,Progenitor1,TerminalCell_A",StemCell->Progenitor1;Progenitor1->TerminalCell_A
Gene_2674,4.453004653292046,0.0,1.0,False,,
Gene_2675,3.847266959606237,0.0,1.0,False,,
Gene_2676,3.8869164523118322,0.0,1.0,False,,
Gene_2677,4.68206387423085,0.0,1.0,False,,
Gene_2678,2.9863583250702987,2.4528430570205573,1.0,True,TerminalCell_B,
Gene_2679,2.449938460581746,0.0,1.0,False,,
Gene_2680,2.7843989519724555,0.0,1.0,False,,
Gene_2681,1.7506991742986284,0.0,1.0,False,,
Gene_2682,2.5962819028699777,0.0,1.0,False,,
Gene_2683,3.7886121970774207,1.3219584515941523,1.0,True,"Progenitor2,TerminalCell_B",Progenitor2->TerminalCell_B
Gene_2684,4.419841863484056,0.0,1.0,False,,
Gene_2685,3.8614207451171607,0.0,1.0,False,,
Gene_2686,3.923875617663707,0.0,1.0,False,,
Gene_2687,4.39938587194658,1.522808103234448,1.0,True,TerminalCell_B,
Gene_2688,1.2013903883343802,0.0,1.0,False,,
Gene_2689,1.1308924072025035,1.226307764453162,1.0,True,"Progenitor1,TerminalCell_A",Progenitor1->TerminalCell_A
Gene_2690,3.6949115409172926,0.0,1.0,False,,
Gene_2691,4.842571802769681,0.0,1.0,False,,
Gene_2692,1.9369188159466955,4.411423779484908,1.0,True,"StemCell,Progenitor2,TerminalCell_B",StemCell->Progenitor2;Progenitor2->TerminalCell_B
Gene_2693,1.895688841906439,0.0,1.0,False,,
Gene_2694,2.995572795357741,1.555676320511346,1.0,True,Progenitor1,
Gene_2695,2.47107816560976,0.0,1.0,False,,
Gene_2696,1.0708285282536179,0.0,1.0,False,,
Gene_2697,4.1825617455566295,0.0,1.0,False,,
Gene_2698,2.678600274931876,0.0,1.0,False,,
Gene_2699,3.28256295793524,0.0,1.0,False,,
Gene_2700,1.1745644546950462,0.0,1.0,False,,
Gene_2701,3.643568514269183,0.0,1.0,False,,
Gene_2702,1.9339064454021715,0.0,1.0,False,,
Gene_2703,4.439330658904828,0.0,1.0,False,,
Gene_2704,4.31337896850695,0.0,1.0,False,,
Gene_2705,4.7138186767763735,0.0,1.0,False,,
Gene_2706,1.3681773689581682,0.0,1.0,False,,
Gene_2707,3.8800055512140217,0.0,1.0,False,,
Gene_2708,4.788320349558161,0.0,1.0,False,,
Gene_2709,4.458980048996615,0.0,1.0,False,,
Gene_2710,2.847940529026757,0.0,1.0,False,,
Gene_2711,4.918334651746298,0.0,1.0,False,,
Gene_2712,3.6277386855465745,0.0,1.0,False,,
Gene_2713,4.824014730924055,0.0,1.0,False,,
Gene_2714,1.8920282362109044,4.0445010793211775,1.0,True,"StemCell,Progenitor1",StemCell->Progenitor1
Gene_2715,1.8746127309479133,0.0,1.0,False,,
Gene_2716,2.9749427614851998,0.0,1.0,False,,
Gene_2717,4.4129244189392125,0.0,1.0,False,,
Gene_2718,3.8108062401767224,2.5880357597267762,1.0,True,"StemCell,Progenitor2,TerminalCell_B",StemCell->Progenitor2;Progenitor2->TerminalCell_B
Gene_2719,3.579806881013763,0.0,1.0,False,,
Gene_2720,2.561876132158568,0.0,1.0,False,,
Gene_2721,2.719338840199248,0.0,1.0,False,,
Gene_2722,4.60073333278841,3.5302572281483324,1.0,True,Progenitor1,
Gene_2723,4.326844167922989,4.7664073752133636,1.0,True,TerminalCell_B,
Gene_2724,4.609877335306795,0.0,1.0,False,,
Gene_2725,1.559969745027796,0.0,1.0,False,,
Gene_2726,1.0989550390885134,0.0,1.0,False,,
Gene_2727,3.8708874275531855,1.9857147225935954,1.0,True,"Progenitor2,TerminalCell_B",Progenitor2->TerminalCell_B
Gene_2728,4.838904214025904,0.0,1.0,False,,
Gene_2729,1.6824122095647582,0.0,1.0,False,,
Gene_2730,3.196952294752785,2.6910209069972186,1.0,True,"StemCell,Progenitor2",StemCell->Progenitor2
Gene_2731,3.9352321822312137,0.0,1.0,False,,
Gene_2732,3.996922112301755,0.0,1.0,False,,
Gene_2733,2.2038644133170746,0.0,1.0,False,,
Gene_2734,4.461613930231286,0.0,1.0,False,,
Gene_2735,2.7010989897596493,2.101050301533213,1.0,True,TerminalCell_B,
Gene_2736,1.13299178412012,3.3170659176090913,1.0,True,"Progenitor1,TerminalCell_A",Progenitor1->TerminalCell_A
Gene_2737,2.2004352704141628,0.0,1.0,False,,
Gene_2738,3.9825287647204966,3.030399941375984,1.0,True,Progenitor2,
Gene_2739,2.3428980651367644,0.0,1.0,False,,
Gene_2740,4.837846750948129,2.572497586901391,1.0,True,TerminalCell_B,
Gene_2741,3.17220571263029,0.0,1.0,False,,
Gene_2742,3.88678364161602,0.0,1.0,False,,
Gene_2743,2.379987553027726,0.0,1.0,False,,
Gene_2744,2.9059391863120427,0.0,1.0,False,,
Gene_2745,1.9176385094137616,0.0,1.0,False,,
Gene_2746,1.1537119481413556,0.0,1.0,False,,
Gene_2747,2.460939301290942,0.0,1.0,False,,
Gene_2748,1.8178230618351945,0.0,1.0,False,,
Gene_2749,4.320099057927085,0.0,1.0,False,,
Gene_2750,1.6581024316678792,1.1961167069594967,1.0,True,TerminalCell_A,
Gene_2751,1.3481791921439004,3.8554494130374595,1.0,True,TerminalCell_B,
Gene_2752,1.3981109776111484,0.0,1.0,False,,
Gene_2753,4.3436876692511985,0.0,1.0,False,,
Gene_2754,1.972520411201093,4.446746159274855,1.0,True,TerminalCell_A,
Gene_2755,3.3502404249077546,1.6083301861979504,1.0,True,"Progenitor1,TerminalCell_A",Progenitor1->TerminalCell_A
Gene_2756,2.5890386736455118,0.0,1.0,False,,
Gene_2757,1.0382916806354765,0.0,1.0,False,,
Gene_2758,2.1072224445123906,0.0,1.0,False,,
Gene_2759,2.6900466475182636,3.406663324335045,1.0,True,"StemCell,Progenitor1",StemCell->Progenitor1
Gene_2760,3.7417103304739996,0.0,1.0,False,,
Gene_2761,1.7649176662558275,0.0,1.0,False,,
Gene_2762,2.2109873982388466,0.0,1.0,False,,
Gene_2763,3.307712999529152,0.0,1.0,False,,
Gene_2764,3.8567113908856916,0.0,1.0,False,,
Gene_2765,3.237059650414333,0.0,1.0,False,,
Gene_2766,2.3306117879683077,0.0,1.0,False,,
Gene_2767,4.8550509404280415,0.0,1.0,False,,
Gene_2768,1.6823902301005145,4.574866423457304,1.0,True,"StemCell,Progenitor1,TerminalCell_A",StemCell->Progenitor1;Progenitor1->TerminalCell_A
Gene_2769,2.132657805499726,0.0,1.0,False,,
Gene_2770,2.962261144287845,0.0,1.0,False,,
Gene_2771,2.819901428807876,0.0,1.0,False,,
Gene_2772,4.203283317808792,0.0,1.0,False,,
Gene_2773,2.6323622176060435,1.6137114575764824,1.0,True,"StemCell,Progenitor2,TerminalCell_B",StemCell->Progenitor2;Progenitor2->TerminalCell_B
Gene_2774,1.428484741060156,0.0,1.0,False,,
Gene_2775,4.143627522267456,0.0,1.0,False,,
Gene_2776,2.89271673003547,0.0,1.0,False,,
Gene_2777,4.976131374072947,0.0,1.0,False,,
Gene_2778,2.8055722500248925,0.0,1.0,False,,
Gene_2779,2.5903119367072276,0.0,1.0,False,,
Gene_2780,2.6844938347736766,0.0,1.0,False,,
Gene_2781,4.217998033165161,0.0,1.0,False,,
Gene_2782,3.5003569330656954,0.0,1.0,False,,
Gene_2783,4.79646870588174,0.0,1.0,False,,
Gene_2784,3.4620936887843774,0.0,1.0,False,,
Gene_2785,2.4462089528327,0.0,1.0,False,,
Gene_2786,2.6736505919770117,0.0,1.0,False,,
Gene_2787,4.96171979779313,0.0,1.0,False,,
Gene_2788,1.4726145217197057,0.0,1.0,False,,
Gene_2789,2.8625489240471187,1.0825891966504684,1.0,True,TerminalCell_B,
Gene_2790,4.445363120692599,0.0,1.0,False,,
Gene_2791,3.229981098271119,0.0,1.0,False,,
Gene_2792,3.2152122009706,0.0,1.0,False,,
Gene_2793,4.772771119821562,0.0,1.0,False,,
Gene_2794,4.104566831447766,4.34674491819655,1.0,True,TerminalCell_B,
Gene_2795,1.4749063699295992,0.0,1.0,False,,
Gene_2796,1.207543431309893,0.0,1.0,False,,
Gene_2797,3.7238070296731522,0.0,1.0,False,,
Gene_2798,2.475211659238341,1.0104074710346498,1.0,True,"StemCell,Progenitor2,TerminalCell_B",StemCell->Progenitor2;Progenitor2->TerminalCell_B
Gene_2799,3.23679102728241,0.0,1.0,False,,
Gene_2800,1.3557292793204305,2.869924028273508,1.0,True,"Progenitor1,TerminalCell_A",Progenitor1->TerminalCell_A
Gene_2801,1.430138943962107,2.5474155065969906,1.0,True,TerminalCell_B,
Gene_2802,1.9711663534006987,0.0,1.0,False,,
Gene_2803,2.097951801159899,2.375748809828099,1.0,True,"StemCell,Progenitor1,TerminalCell_A",StemCell->Progenitor1;Progenitor1->TerminalCell_A
Gene_2804,2.4381130658865935,0.0,1.0,False,,
Gene_2805,4.135697152045742,0.0,1.0,False,,
Gene_2806,1.1047622024914299,0.0,1.0,False,,
Gene_2807,2.714786163369326,0.0,1.0,False,,
Gene_2808,1.3392478794110705,4.819890388425059,1.0,True,TerminalCell_A,
Gene_2809,1.458062623918508,0.0,1.0,False,,
Gene_2810,4.224565926062052,3.8446187892315233,1.0,True,"Progenitor2,TerminalCell_B",Progenitor2->TerminalCell_B
Gene_2811,4.849647794362765,0.0,1.0,False,,
Gene_2812,1.0094054480799781,0.0,1.0,False,,
Gene_2813,2.1386780029997383,0.0,1.0,False,,
Gene_2814,1.196975293422228,1.6194275400757872,1.0,True,"Progenitor2,TerminalCell_B",Progenitor2->TerminalCell_B
Gene_2815,4.759456803032542,0.0,1.0,False,,
Gene_2816,4.31188901202391,1.0396939006769155,1.0,True,Progenitor2,
Gene_2817,4.781775570407223,0.0,1.0,False,,
Gene_2818,3.710664432381121,0.0,1.0,False,,
Gene_2819,4.315917266461932,4.413381487352016,1.0,True,"Progenitor1,TerminalCell_A",Progenitor1->TerminalCell_A
Gene_2820,2.1443936882686367,4.863214399405708,1.0,True,TerminalCell_A,
Gene_2821,2.0093188276669443,4.233353294323848,1.0,True,"StemCell,Progenitor1",StemCell->Progenitor1
Gene_2822,4.071148013399021,0.0,1.0,False,,
Gene_2823,4.353273560565657,0.0,1.0,False,,
Gene_2824,4.62603396205326,4.408804260487214,1.0,True,TerminalCell_A,
Gene_2825,2.3992278454447957,0.0,1.0,False,,
Gene_2826,1.4178558154425978,0.0,1.0,False,,
Gene_2827,2.8895839920578132,0.0,1.0,False,,
Gene_2828,1.928049885902706,0.0,1.0,False,,
Gene_2829,1.7923083537709763,0.0,1.0,False,,
Gene_2830,4.637574765969621,0.0,1.0,False,,
Gene_2831,2.808070152298572,0.0,1.0,False,,
Gene_2832,1.0837645747308438,0.0,1.0,False,,
Gene_2833,3.3968129676427714,0.0,1.0,False,,
Gene_2834,2.655099097999505,2.7292858034466376,1.0,True,"Progenitor2,TerminalCell_B",Progenitor2->TerminalCell_B
Gene_2835,1.732276521327171,4.274476008676038,1.0,True,"StemCell,Progenitor2,TerminalCell_B",StemCell->Progenitor2;Progenitor2->TerminalCell_B
Gene_2836,4.926761424967506,0.0,1.0,False,,
Gene_2837,4.387703432557893,2.968139865364622,1.0,True,TerminalCell_B,
Gene_2838,3.4478319786857488,0.0,1.0,False,,
Gene_2839,3.3960584395012883,0.0,1.0,False,,
Gene_2840,3.012403444034269,2.5789065518641054,1.0,True,"StemCell,Progenitor1",StemCell->Progenitor1
Gene_2841,4.826966504462838,3.9890946494029658,1.0,True,TerminalCell_A,
Gene_2842,3.8124657824954435,0.0,1.0,False,,
Gene_2843,4.493897517311712,0.0,1.0,False,,
Gene_2844,2.623462104024848,0.0,1.0,False,,
Gene_2845,3.4457178913418,0.0,1.0,False,,
Gene_2846,3.2007860841124804,3.1030533176672743,1.0,True,TerminalCell_A,
Gene_2847,3.711652509229921,0.0,1.0,False,,
Gene_2848,3.8425563032276155,0.0,1.0,False,,
Gene_2849,4.594203233879528,2.7673522514192093,1.0,True,TerminalCell_A,
Gene_2850,3.090199339839882,4.4477732698852686,1.0,True,"Progenitor1,TerminalCell_A",Progenitor1->TerminalCell_A
Gene_2851,4.300288377976113,0.0,1.0,False,,
Gene_2852,4.1583492825363635,0.0,1.0,False,,
Gene_2853,3.4286181148833483,0.0,1.0,False,,
Gene_2854,3.1172006874217923,0.0,1.0,False,,
Gene_2855,3.6092388829978996,0.0,1.0,False,,
Gene_2856,2.4315480797144016,4.676257117062454,1.0,True,TerminalCell_A,
Gene_2857,2.0908975640359624,0.0,1.0,False,,
Gene_2858,3.6821763137334496,0.0,1.0,False,,
Gene_2859,1.379236840859801,3.048816961512577,1.0,True,"Progenitor1,TerminalCell_A",Progenitor1->TerminalCell_A
Gene_2860,1.2922306407264288,0.0,1.0,False,,
Gene_2861,4.344385666559118,0.0,1.0,False,,
Gene_2862,4.079731751942939,2.697377712944909,1.0,True,Progenitor1,
Gene_2863,3.9405590791201592,0.0,1.0,False,,
Gene_2864,4.127076997007035,0.0,1.0,False,,
Gene_2865,1.7095368742736063,0.0,1.0,False,,
Gene_2866,2.047372882029174,0.0,1.0,False,,
Gene_2867,3.830940380383035,1.5132009054182114,1.0,True,TerminalCell_B,
Gene_2868,4.627847460254928,0.0,1.0,False,,
Gene_2869,3.501024612236255,3.3479927369736746,1.0,True,"Progenitor2,TerminalCell_B",Progenitor2->TerminalCell_B
Gene_2870,1.7497620786752388,3.044296752660716,1.0,True,"StemCell,Progenitor1",StemCell->Progenitor1
Gene_2871,3.0905544500139968,0.0,1.0,False,,
Gene_2872,3.5729897501400765,0.0,1.0,False,,
Gene_2873,4.307584536970452,0.0,1.0,False,,
Gene_2874,1.820280494640155,0.0,1.0,False,,
Gene_2875,3.284896528932867,0.0,1.0,False,,
Gene_2876,2.4141048031177914,0.0,1.0,False,,
Gene_2877,1.1424663066778633,0.0,1.0,False,,
Gene_2878,3.797780972269464,0.0,1.0,False,,
Gene_2879,2.01014059228946,0.0,1.0,False,,
Gene_2880,1.3191009107944818,3.8018529242933123,1.0,True,"StemCell,Progenitor2",StemCell->Progenitor2
Gene_2881,3.205559228643239,0.0,1.0,False,,
Gene_2882,2.7097874449631862,2.1636127105250775,1.0,True,"Progenitor2,TerminalCell_B",Progenitor2->TerminalCell_B
Gene_2883,4.469921572040382,2.558973446931154,1.0,True,TerminalCell_A,
Gene_2884,4.845188869519443,0.0,1.0,False,,
Gene_2885,4.814408263423257,0.0,1.0,False,,
Gene_2886,2.075901285746001,3.1560387148931497,1.0,True,"Progenitor2,TerminalCell_B",Progenitor2->TerminalCell_B
Gene_2887,3.7223977304651483,0.0,1.0,False,,
Gene_2888,3.4019976666722327,0.0,1.0,False,,
Gene_2889,3.451953828143244,0.0,1.0,False,,
Gene_2890,2.2016541882482947,0.0,1.0,False,,
Gene_2891,2.0307190998643274,2.4453658337286797,1.0,True,"StemCell,Progenitor1,TerminalCell_A",StemCell->Progenitor1;Progenitor1->TerminalCell_A
Gene_2892,3.5252105015032416,0.0,1.0,False,,
Gene_2893,3.4107197040973065,0.0,1.0,False,,
Gene_2894,1.542036414359651,0.0,1.0,False,,
Gene_2895,3.5631531621077936,0.0,1.0,False,,
Gene_2896,2.9962162618301296,1.6111361203879664,1.0,True,"StemCell,Progenitor2",StemCell->Progenitor2
Gene_2897,4.827700499929232,0.0,1.0,False,,
Gene_2898,4.2245967974953045,0.0,1.0,False,,
Gene_2899,4.470590004215631,3.2804222258156317,1.0,True,"StemCell,Progenitor1,TerminalCell_A",StemCell->Progenitor1;Progenitor1->TerminalCell_A
Gene_2900,3.185811436096697,0.0,1.0,False,,
Gene_2901,3.0613268245742264,0.0,1.0,False,,
Gene_2902,1.9970085423527602,0.0,1.0,False,,
Gene_2903,2.0887745443191355,0.0,1.0,False,,
Gene_2904,1.9404876765858718,0.0,1.0,False,,
Gene_2905,1.4220549321484093,0.0,1.0,False,,
Gene_2906,1.5902487241669876,4.248610635494018,1.0,True,"Progenitor1,TerminalCell_A",Progenitor1->TerminalCell_A
Gene_2907,1.6966235248125594,0.0,1.0,False,,
Gene_2908,3.8825781754547988,0.0,1.0,False,,
Gene_2909,3.723338996074113,0.0,1.0,False,,
Gene_2910,4.586273705847008,2.356505296157836,1.0,True,Progenitor1,
Gene_2911,3.5536538316800135,0.0,1.0,False,,
Gene_2912,1.6304068406322991,2.970425419496854,1.0,True,"StemCell,Progenitor1",StemCell->Progenitor1
Gene_2913,4.007378809169914,0.0,1.0,False,,
Gene_2914,3.1953677232136073,0.0,1.0,False,,
Gene_2915,4.39361619734893,0.0,1.0,False,,
Gene_2916,1.594812936452655,3.9804608574937266,1.0,True,"StemCell,Progenitor1,TerminalCell_A",StemCell->Progenitor1;Progenitor1->TerminalCell_A
Gene_2917,1.4068912622632053,0.0,1.0,False,,
Gene_2918,3.07074414793729,0.0,1.0,False,,
Gene_2919,4.568186550699428,0.0,1.0,False,,
Gene_2920,4.6348496113846185,0.0,1.0,False,,
Gene_2921,1.6671972688674543,0.0,1.0,False,,
Gene_2922,2.8590846358960165,3.126072588761755,1.0,True,"Progenitor2,TerminalCell_B",Progenitor2->TerminalCell_B
Gene_2923,1.6921005648667347,1.3132103229185086,1.0,True,"Progenitor2,TerminalCell_B",Progenitor2->TerminalCell_B
Gene_2924,4.318505625805267,0.0,1.0,False,,
Gene_2925,2.0026756030658484,0.0,1.0,False,,
Gene_2926,4.878213974419653,0.0,1.0,False,,
Gene_2927,2.8423598848535887,0.0,1.0,False,,
Gene_2928,2.786944999614835,0.0,1.0,False,,
Gene_2929,4.282548231874166,3.723264409552739,1.0,True,"StemCell,Progenitor1,TerminalCell_A",StemCell->Progenitor1;Progenitor1->TerminalCell_A
Gene_2930,1.1774287809416113,1.2483938187760244,1.0,True,"StemCell,Progenitor1",StemCell->Progenitor1
Gene_2931,1.300847070903293,3.9723147591660486,1.0,True,TerminalCell_B,
Gene_2932,1.957117084617098,0.0,1.0,False,,
Gene_2933,1.0098192752724566,0.0,1.0,False,,
Gene_2934,4.0125283913549765,0.0,1.0,False,,
Gene_2935,2.6560015797426546,0.0,1.0,False,,
Gene_2936,1.8404061919994894,2.552536831469869,1.0,True,"StemCell,Progenitor1",StemCell->Progenitor1
Gene_2937,2.775400299254507,4.498596720141201,1.0,True,"Progenitor2,TerminalCell_B",Progenitor2->TerminalCell_B
Gene_2938,2.717810355021915,0.0,1.0,False,,
Gene_2939,3.2720014646834197,2.314160774653833,1.0,True,TerminalCell_A,
Gene_2940,1.7048589271659282,0.0,1.0,False,,
Gene_2941,2.7363697009108536,3.783944456426621,1.0,True,"Progenitor2,TerminalCell_B",Progenitor2->TerminalCell_B
Gene_2942,4.117274696809869,1.091991648617121,1.0,True,"StemCell,Progenitor2,TerminalCell_B",StemCell->Progenitor2;Progenitor2->TerminalCell_B
Gene_2943,2.3418712497147434,0.0,1.0,False,,
Gene_2944,3.4170701666383767,3.2355603208548818,1.0,True,Progenitor2,
Gene_2945,3.1556952820642095,0.0,1.0,False,,
Gene_2946,2.8153798030566732,0.0,1.0,False,,
Gene_2947,4.283366515341902,0.0,1.0,False,,
Gene_2948,1.0820263140430244,4.7784638616364035,1.0,True,"Progenitor1,TerminalCell_A",Progenitor1->TerminalCell_A
Gene_2949,4.944023741080292,0.0,1.0,False,,
Gene_2950,3.984152313900747,0.0,1.0,False,,
Gene_2951,3.464777791382279,0.0,1.0,False,,
Gene_2952,3.0578571307246785,0.0,1.0,False,,
Gene_2953,4.486498768964852,0.0,1.0,False,,
Gene_2954,4.964277898968335,0.0,1.0,False,,
Gene_2955,1.7312988427428326,0.0,1.0,False,,
Gene_2956,2.6971467890395413,0.0,1.0,False,,
Gene_2957,4.891674344026436,0.0,1.0,False,,
Gene_2958,1.910258355930404,0.0,1.0,False,,
Gene_2959,2.398152146214284,0.0,1.0,False,,
Gene_2960,3.951911026477405,0.0,1.0,False,,
Gene_2961,1.758027245019147,0.0,1.0,False,,
Gene_2962,2.100856563868684,4.632688284571506,1.0,True,"Progenitor2,TerminalCell_B",Progenitor2->TerminalCell_B
Gene_2963,2.852738590486702,0.0,1.0,False,,
Gene_2964,2.5172872943595217,2.9837466379337476,1.0,True,"StemCell,Progenitor1,TerminalCell_A",StemCell->Progenitor1;Progenitor1->TerminalCell_A
Gene_2965,3.5384932148793484,0.0,1.0,False,,
Gene_2966,1.590282946392659,0.0,1.0,False,,
Gene_2967,2.1466865517916984,0.0,1.0,False,,
Gene_2968,2.499171899617078,0.0,1.0,False,,
Gene_2969,3.7940304754403016,2.5887218192888475,1.0,True,TerminalCell_B,
Gene_2970,2.9508490509490266,0.0,1.0,False,,
Gene_2971,4.372933068433364,0.0,1.0,False,,
Gene_2972,4.822672055055545,0.0,1.0,False,,
Gene_2973,2.074290226006013,0.0,1.0,False,,
Gene_2974,4.9046787536462855,1.5665356534699684,1.0,True,"StemCell,Progenitor1,TerminalCell_A",StemCell->Progenitor1;Progenitor1->TerminalCell_A
Gene_2975,3.3861422716880027,0.0,1.0,False,,
Gene_2976,2.919148296420602,4.518332022542077,1.0,True,"Progenitor1,TerminalCell_A",Progenitor1->TerminalCell_A
Gene_2977,2.4886174501937806,0.0,1.0,False,,
Gene_2978,3.589171407817198,0.0,1.0,False,,
Gene_2979,1.5263097158630323,0.0,1.0,False,,
Gene_2980,1.4214085128244038,3.127494364166952,1.0,True,"StemCell,Progenitor1,TerminalCell_A",StemCell->Progenitor1;Progenitor1->TerminalCell_A
Gene_2981,1.5282315353001525,0.0,1.0,False,,
Gene_2982,4.6922802591127475,0.0,1.0,False,,
Gene_2983,2.983313501913515,0.0,1.0,False,,
Gene_2984,4.324273567008891,2.545867643386562,1.0,True,"Progenitor2,TerminalCell_B",Progenitor2->TerminalCell_B
Gene_2985,2.1622679407562004,0.0,1.0,False,,
Gene_2986,2.366832571188908,1.752979795940433,1.0,True,Progenitor1,
Gene_2987,2.399655205162333,0.0,1.0,False,,
Gene_2988,4.055316457133767,0.0,1.0,False,,
Gene_2989,3.0118524142557432,3.3619204857725564,1.0,True,TerminalCell_B,
Gene_2990,3.401021485894876,0.0,1.0,False,,
Gene_2991,4.291942351940509,0.0,1.0,False,,
Gene_2992,2.76369041082031,0.0,1.0,False,,
Gene_2993,3.689743707703113,0.0,1.0,False,,
Gene_2994,1.6542910925190903,0.0,1.0,False,,
Gene_2995,3.215053968824806,0.0,1.0,False,,
Gene_2996,4.592582111554771,3.9280434119935728,1.0,True,"StemCell,Progenitor2",StemCell->Progenitor2
Gene_2997,3.0202056909067254,0.0,1.0,False,,
Gene_2998,4.350610321495676,0.0,1.0,False,,
Gene_2999,4.0581064342411075,0.0,1.0,False,,
Gene_3000,2.423174496265145,0.0,1.0,False,,
Gene_3001,1.623093514751469,0.0,1.0,False,,
Gene_3002,2.4517752716616132,0.0,1.0,False,,
Gene_3003,4.683334547423957,0.0,1.0,False,,
Gene_3004,3.954548998838442,2.712990884255034,1.0,True,"StemCell,Progenitor2",StemCell->Progenitor2
Gene_3005,2.2742061142267858,0.0,1.0,False,,
Gene_3006,1.6673245042975893,0.0,1.0,False,,
Gene_3007,4.889383918243304,0.0,1.0,False,,
Gene_3008,1.5435720319176802,0.0,1.0,False,,
Gene_3009,3.5940610936256117,0.0,1.0,False,,
Gene_3010,4.197299786883768,2.467290667840549,1.0,True,Progenitor2,
Gene_3011,1.1258506371097665,0.0,1.0,False,,
Gene_3012,4.703524104112767,2.9910824991824807,1.0,True,TerminalCell_A,
Gene_3013,4.413815616413256,0.0,1.0,False,,
Gene_3014,2.606567515067815,0.0,1.0,False,,
Gene_3015,3.966555817121363,0.0,1.0,False,,
Gene_3016,4.062361967570579,0.0,1.0,False,,
Gene_3017,1.9307128806734006,0.0,1.0,False,,
Gene_3018,4.414341410759496,0.0,1.0,False,,
Gene_3019,3.9385133267316736,0.0,1.0,False,,
Gene_3020,4.338352326986202,0.0,1.0,False,,
Gene_3021,2.333540902515454,0.0,1.0,False,,
Gene_3022,1.3080254855702131,0.0,1.0,False,,
Gene_3023,3.9561401797511806,0.0,1.0,False,,
Gene_3024,3.4090225324522367,0.0,1.0,False,,
Gene_3025,1.073128599888853,1.8501529679484472,1.0,True,"Progenitor1,TerminalCell_A",Progenitor1->TerminalCell_A
Gene_3026,2.1698734266329978,0.0,1.0,False,,
Gene_3027,4.274695797465247,0.0,1.0,False,,
Gene_3028,3.2093717564964965,0.0,1.0,False,,
Gene_3029,3.0427324624838232,2.3272037975687248,1.0,True,TerminalCell_A,
Gene_3030,3.270674754804286,0.0,1.0,False,,
Gene_3031,4.300754448197633,1.4410967382445086,1.0,True,"StemCell,Progenitor2,TerminalCell_B",StemCell->Progenitor2;Progenitor2->TerminalCell_B
Gene_3032,1.5637070643857478,4.012630056292847,1.0,True,TerminalCell_B,
Gene_3033,2.3207055665340537,0.0,1.0,False,,
Gene_3034,1.8020315590916862,2.35619871863862,1.0,True,"Progenitor1,TerminalCell_A",Progenitor1->TerminalCell_A
Gene_3035,2.172054764116602,0.0,1.0,False,,
Gene_3036,2.704389613377157,0.0,1.0,False,,
Gene_3037,2.511787755369295,0.0,1.0,False,,
Gene_3038,2.200752866723074,0.0,1.0,False,,
Gene_3039,4.610771418432107,0.0,1.0,False,,
Gene_3040,1.307244998990694,3.346943674015945,1.0,True,"StemCell,Progenitor1,TerminalCell_A",StemCell->Progenitor1;Progenitor1->TerminalCell_A
Gene_3041,2.065278972625245,3.5438190910949836,1.0,True,TerminalCell_B,
Gene_3042,1.9474394837253572,0.0,1.0,False,,
Gene_3043,1.8870988061931144,0.0,1.0,False,,
Gene_3044,1.8250930844229796,0.0,1.0,False,,
Gene_3045,4.501098814573105,2.146336325178191,1.0,True,TerminalCell_A,
Gene_3046,3.3872508172193205,0.0,1.0,False,,
Gene_3047,3.0103333379137482,1.2516812376488748,1.0,True,TerminalCell_A,
Gene_3048,3.3329367973263984,0.0,1.0,False,,
Gene_3049,4.234072369033724,0.0,1.0,False,,
Gene_3050,1.8298476897335307,0.0,1.0,False,,
Gene_3051,3.161924521113224,1.437344489753813,1.0,True,TerminalCell_B,
Gene_3052,4.956367136170279,0.0,1.0,False,,
Gene_3053,3.5529487436135203,0.0,1.0,False,,
Gene_3054,3.806643301639158,3.4527244707101934,1.0,True,"StemCell,Progenitor2",StemCell->Progenitor2
Gene_3055,4.6053158128106455,0.0,1.0,False,,
Gene_3056,4.5829629014051285,0.0,1.0,False,,
Gene_3057,2.085530216848712,0.0,1.0,False,,
Gene_3058,3.156621468804872,0.0,1.0,False,,
Gene_3059,2.1450013841090443,2.2062037129480383,1.0,True,"StemCell,Progenitor1",StemCell->Progenitor1
Gene_3060,2.6910180815339757,0.0,1.0,False,,
Gene_3061,2.4900108296129937,1.5641347690959453,1.0,True,TerminalCell_A,
Gene_3062,3.5693896119301383,2.1452559233580555,1.0,True,TerminalCell_A,
Gene_3063,1.7172485596322855,0.0,1.0,False,,
Gene_3064,2.863529431652018,0.0,1.0,False,,
Gene_3065,2.8796951985931964,0.0,1.0,False,,
Gene_3066,3.622984173272278,0.0,1.0,False,,
Gene_3067,3.0502130585808027,0.0,1.0,False,,
Gene_3068,4.3683567472825935,3.972660142512949,1.0,True,"StemCell,Progenitor2",StemCell->Progenitor2
Gene_3069,2.557873871426008,0.0,1.0,False,,
Gene_3070,3.178404922467924,0.0,1.0,False,,
Gene_3071,3.3508050941980527,0.0,1.0,False,,
Gene_3072,2.6617967489835332,2.8170883785834473,1.0,True,Progenitor2,
Gene_3073,2.994674445524858,4.49156240626978,1.0,True,"Progenitor1,TerminalCell_A",Progenitor1->TerminalCell_A
Gene_3074,3.4571846423830954,0.0,1.0,False,,
Gene_3075,4.822800023556995,0.0,1.0,False,,
Gene_3076,4.869553676204458,0.0,1.0,False,,
Gene_3077,2.970018035591821,0.0,1.0,False,,
Gene_3078,4.28008579859274,0.0,1.0,False,,
Gene_3079,2.233435800540399,0.0,1.0,False,,
Gene_3080,4.129885949688859,1.184904151336224,1.0,True,"StemCell,Progenitor1,TerminalCell_A",StemCell->Progenitor1;Progenitor1->TerminalCell_A
Gene_3081,2.1801306386705646,0.0,1.0,False,,
Gene_3082,1.3834019772898176,1.1861481196197023,1.0,True,Progenitor1,
Gene_3083,1.997790285489676,0.0,1.0,False,,
Gene_3084,2.004557077060746,2.1553917193462513,1.0,True,TerminalCell_B,
Gene_3085,2.417943736203571,0.0,1.0,False,,
Gene_3086,2.424757633413257,0.0,1.0,False,,
Gene_3087,4.069872502381463,0.0,1.0,False,,
Gene_3088,4.208710919420774,0.0,1.0,False,,
Gene_3089,2.9494697504672347,0.0,1.0,False,,
Gene_3090,1.7969814508988748,0.0,1.0,False,,
Gene_3091,3.368248493179101,0.0,1.0,False,,
Gene_3092,4.884473556859614,0.0,1.0,False,,
Gene_3093,4.962613078500304,0.0,1.0,False,,
Gene_3094,2.2689743225114225,0.0,1.0,False,,
Gene_3095,3.9120783523860245,0.0,1.0,False,,
Gene_3096,1.2913911603677972,0.0,1.0,False,,
Gene_3097,1.7624089314834341,0.0,1.0,False,,
Gene_3098,1.4904552491674026,0.0,1.0,False,,
Gene_3099,4.0147155943860575,3.2954239126360108,1.0,True,"StemCell,Progenitor1,TerminalCell_A",StemCell->Progenitor1;Progenitor1->TerminalCell_A
Gene_3100,3.2582492766964117,0.0,1.0,False,,
Gene_3101,3.2598532846369044,0.0,1.0,False,,
Gene_3102,2.305596600829626,0.0,1.0,False,,
Gene_3103,2.640447665139789,0.0,1.0,False,,
Gene_3104,1.0064915663016984,0.0,1.0,False,,
Gene_3105,4.492804832780748,0.0,1.0,False,,
Gene_3106,1.7661346740733488,0.0,1.0,False,,
Gene_3107,4.6587594065523845,0.0,1.0,False,,
Gene_3108,4.077812659395988,0.0,1.0,False,,
Gene_3109,4.3725443969018425,0.0,1.0,False,,
Gene_3110,4.220465857605029,0.0,1.0,False,,
Gene_3111,4.650997949993293,0.0,1.0,False,,
Gene_3112,2.336853469895372,0.0,1.0,False,,
Gene_3113,4.860319485147993,0.0,1.0,False,,
Gene_3114,2.4113595249431947,4.8737744503655716,1.0,True,"Progenitor1,TerminalCell_A",Progenitor1->TerminalCell_A
Gene_3115,1.1461886287447682,0.0,1.0,False,,
Gene_3116,2.5814874471197684,0.0,1.0,False,,
Gene_3117,1.674948272849325,4.698470921704562,1.0,True,TerminalCell_B,
Gene_3118,4.135459117240019,0.0,1.0,False,,
Gene_3119,1.2680698323758612,0.0,1.0,False,,
Gene_3120,4.9692453981619185,0.0,1.0,False,,
Gene_3121,1.4513166048534112,3.2272559642394603,1.0,True,"StemCell,Progenitor1,TerminalCell_A",StemCell->Progenitor1;Progenitor1->TerminalCell_A
Gene_3122,4.9001236865906,0.0,1.0,False,,
Gene_3123,4.328418607658998,2.372752082355951,1.0,True,TerminalCell_A,
Gene_3124,2.6483500389259818,0.0,1.0,False,,
Gene_3125,1.307308297301267,0.0,1.0,False,,
Gene_3126,4.363511128042057,4.564984670776542,1.0,True,"StemCell,Progenitor2",StemCell->Progenitor2
Gene_3127,4.855007911901437,0.0,1.0,False,,
Gene_3128,1.6145763225364758,0.0,1.0,False,,
Gene_3129,1.283959763462187,0.0,1.0,False,,
Gene_3130,2.238926878846117,0.0,1.0,False,,
Gene_3131,1.8215058860738158,0.0,1.0,False,,
Gene_3132,4.545631219231275,0.0,1.0,False,,
Gene_3133,2.3999784313038353,1.31491259923727,1.0,True,TerminalCell_B,
Gene_3134,1.490059920581178,0.0,1.0,False,,
Gene_3135,3.2933655415500374,0.0,1.0,False,,
Gene_3136,1.8063172393778832,0.0,1.0,False,,
Gene_3137,4.097393907468486,2.2103363855753417,1.0,True,"StemCell,Progenitor2",StemCell->Progenitor2
Gene_3138,1.9889411995394037,0.0,1.0,False,,
Gene_3139,1.2321286441913877,1.2785689956867596,1.0,True,Progenitor1,
Gene_3140,3.2045782510740555,3.495612357499768,1.0,True,"StemCell,Progenitor2,TerminalCell_B",StemCell->Progenitor2;Progenitor2->TerminalCell_B
Gene_3141,3.715157483237107,2.0844713387143523,1.0,True,TerminalCell_B,
Gene_3142,4.37481764155289,0.0,1.0,False,,
Gene_3143,2.5424922441918976,1.485146953949123,1.0,True,"StemCell,Progenitor1",StemCell->Progenitor1
Gene_3144,1.6345093903993595,0.0,1.0,False,,
Gene_3145,3.9239531201150974,0.0,1.0,False,,
Gene_3146,2.2919555330004493,0.0,1.0,False,,
Gene_3147,3.6407270167609087,1.8556559069887713,1.0,True,"Progenitor1,TerminalCell_A",Progenitor1->TerminalCell_A
Gene_3148,1.661243893704638,0.0,1.0,False,,
Gene_3149,1.3010010774857808,2.7952603387787,1.0,True,"StemCell,Progenitor2",StemCell->Progenitor2
Gene_3150,2.350989416178614,0.0,1.0,False,,
Gene_3151,4.570700754747326,0.0,1.0,False,,
Gene_3152,2.4501932082521294,0.0,1.0,False,,
Gene_3153,3.6330833070594055,2.4770087502957363,1.0,True,"Progenitor1,TerminalCell_A",Progenitor1->TerminalCell_A
Gene_3154,1.526906823681161,0.0,1.0,False,,
Gene_3155,3.493038851286048,0.0,1.0,False,,
Gene_3156,2.0379693329894306,0.0,1.0,False,,
Gene_3157,2.9876406260283694,4.090483582480122,1.0,True,"StemCell,Progenitor1",StemCell->Progenitor1
Gene_3158,1.8568365984146773,0.0,1.0,False,,
Gene_3159,3.4208706005011913,0.0,1.0,False,,
Gene_3160,3.81920487394602,0.0,1.0,False,,
Gene_3161,2.964039785767618,4.510171031969783,1.0,True,TerminalCell_B,
Gene_3162,1.4875949675811801,0.0,1.0,False,,
Gene_3163,3.2441393292015093,0.0,1.0,False,,
Gene_3164,4.428779498237397,4.522525611247619,1.0,True,"StemCell,Progenitor2",StemCell->Progenitor2
Gene_3165,1.9280760448978875,0.0,1.0,False,,
Gene_3166,3.38907928762522,3.618664900146201,1.0,True,"StemCell,Progenitor2",StemCell->Progenitor2
Gene_3167,3.32991765864185,0.0,1.0,False,,
Gene_3168,1.3606806720483857,0.0,1.0,False,,
Gene_3169,1.8424456947437031,0.0,1.0,False,,
Gene_3170,1.0543214786995634,4.182678745992263,1.0,True,TerminalCell_A,
Gene_3171,3.2037550886401154,4.183651452820097,1.0,True,"StemCell,Progenitor2",StemCell->Progenitor2
Gene_3172,1.5860750182631587,4.379102245825084,1.0,True,TerminalCell_A,
Gene_3173,2.9564100470114423,0.0,1.0,False,,
Gene_3174,3.666179402777373,0.0,1.0,False,,
Gene_3175,4.304497300331547,0.0,1.0,False,,
Gene_3176,3.6345818159048293,0.0,1.0,False,,
Gene_3177,2.963468974992662,0.0,1.0,False,,
Gene_3178,1.8146223573730027,2.840607641530716,1.0,True,"StemCell,Progenitor1",StemCell->Progenitor1
Gene_3179,3.1073808235345775,0.0,1.0,False,,
Gene_3180,2.0605653431465165,0.0,1.0,False,,
Gene_3181,1.3915997167871588,0.0,1.0,False,,
Gene_3182,2.291152643053958,0.0,1.0,False,,
Gene_3183,3.254679373116387,0.0,1.0,False,,
Gene_3184,4.547512132542273,0.0,1.0,False,,
Gene_3185,4.316557564589663,4.772654622574064,1.0,True,TerminalCell_A,
Gene_3186,2.996268130725937,0.0,1.0,False,,
Gene_3187,4.2576284319258875,0.0,1.0,False,,
Gene_3188,3.0884824214399167,0.0,1.0,False,,
Gene_3189,3.1097692528295067,0.0,1.0,False,,
Gene_3190,3.382882508999764,2.6835900293638724,1.0,True,"StemCell,Progenitor2",StemCell->Progenitor2
Gene_3191,2.008228340905311,0.0,1.0,False,,
Gene_3192,2.2864510464375596,0.0,1.0,False,,
Gene_3193,1.6445559685120021,0.0,1.0,False,,
Gene_3194,1.9343818422942798,1.557741398359484,1.0,True,"StemCell,Progenitor2,TerminalCell_B",StemCell->Progenitor2;Progenitor2->TerminalCell_B
Gene_3195,1.3157934411303343,2.7185175315184247,1.0,True,"Progenitor1,TerminalCell_A",Progenitor1->TerminalCell_A
Gene_3196,1.148347843662068,4.897077586137648,1.0,True,TerminalCell_A,
Gene_3197,2.3241156774838627,0.0,1.0,False,,
Gene_3198,4.669850784023678,0.0,1.0,False,,
Gene_3199,3.9631059093973153,0.0,1.0,False,,
Gene_3200,4.061649508648458,0.0,1.0,False,,
Gene_3201,2.0301502547912147,1.905039117788307,1.0,True,TerminalCell_B,
Gene_3202,2.515177350700309,0.0,1.0,False,,
Gene_3203,3.0366957459338995,0.0,1.0,False,,
Gene_3204,2.473266924661704,0.0,1.0,False,,
Gene_3205,3.59762534991086,0.0,1.0,False,,
Gene_3206,3.584406682375627,0.0,1.0,False,,
Gene_3207,1.2951692148336091,2.758794698847625,1.0,True,"StemCell,Progenitor2",StemCell->Progenitor2
Gene_3208,3.356226200607023,0.0,1.0,False,,
Gene_3209,4.523615861260502,0.0,1.0,False,,
Gene_3210,4.790590939147022,4.556387267579922,1.0,True,"Progenitor1,TerminalCell_A",Progenitor1->TerminalCell_A
Gene_3211,3.320524113512203,0.0,1.0,False,,
Gene_3212,1.3332308872684062,0.0,1.0,False,,
Gene_3213,3.9716028858623464,0.0,1.0,False,,
Gene_3214,3.4023273381176398,1.90323693795626,1.0,True,"StemCell,Progenitor2,TerminalCell_B",StemCell->Progenitor2;Progenitor2->TerminalCell_B
Gene_3215,4.336602734122177,0.0,1.0,False,,
Gene_3216,1.2817530893702278,0.0,1.0,False,,
Gene_3217,2.16661186971046,0.0,1.0,False,,
Gene_3218,2.028624001387919,0.0,1.0,False,,
Gene_3219,1.5373835905639326,0.0,1.0,False,,
Gene_3220,1.444606161606171,0.0,1.0,False,,
Gene_3221,3.7821331953967023,0.0,1.0,False,,
Gene_3222,1.7629336940137388,0.0,1.0,False,,
Gene_3223,1.9596180728162147,0.0,1.0,False,,
Gene_3224,4.082663214480473,0.0,1.0,False,,
Gene_3225,3.3177767692055595,0.0,1.0,False,,
Gene_3226,2.72312308226939,0.0,1.0,False,,
Gene_3227,4.845897119726066,0.0,1.0,False,,
Gene_3228,3.3624746410252415,0.0,1.0,False,,
Gene_3229,1.276633203651044,0.0,1.0,False,,
Gene_3230,1.3975197360717355,0.0,1.0,False,,
Gene_3231,4.720220362387087,0.0,1.0,False,,
Gene_3232,4.063227763718942,2.1631788379881156,1.0,True,"StemCell,Progenitor1,TerminalCell_A",StemCell->Progenitor1;Progenitor1->TerminalCell_A
Gene_3233,1.255345157018942,0.0,1.0,False,,
Gene_3234,2.602319255236917,4.49631839500363,1.0,True,Progenitor1,
Gene_3235,3.252031083615518,0.0,1.0,False,,
Gene_3236,2.6834338978327468,0.0,1.0,False,,
Gene_3237,3.323767730174292,0.0,1.0,False,,
Gene_3238,2.955255028147341,3.0601032336932854,1.0,True,TerminalCell_B,
Gene_3239,4.359076046757272,0.0,1.0,False,,
Gene_3240,3.463427757188259,3.4352695997617695,1.0,True,TerminalCell_B,
Gene_3241,1.0215928194191402,0.0,1.0,False,,
Gene_3242,3.9431203081968014,0.0,1.0,False,,
Gene_3243,1.0573818363847742,4.003091509988938,1.0,True,TerminalCell_A,
Gene_3244,4.201830089092148,4.4058650141172215,1.0,True,"Progenitor1,TerminalCell_A",Progenitor1->TerminalCell_A
Gene_3245,4.509577541898873,0.0,1.0,False,,
Gene_3246,3.9044432014294617,0.0,1.0,False,,
Gene_3247,2.2053674991156167,2.972812866601509,1.0,True,"Progenitor2,TerminalCell_B",Progenitor2->TerminalCell_B
Gene_3248,4.992312081672237,1.56092275566253,1.0,True,TerminalCell_B,
Gene_3249,3.8687363990646038,0.0,1.0,False,,
Gene_3250,3.9417425722393724,0.0,1.0,False,,
Gene_3251,2.4621329913590246,0.0,1.0,False,,
Gene_3252,1.7258713579044258,0.0,1.0,False,,
Gene_3253,2.440394149320294,0.0,1.0,False,,
Gene_3254,1.7639539090727365,0.0,1.0,False,,
Gene_3255,1.0911000739884238,0.0,1.0,False,,
Gene_3256,4.396558693850093,0.0,1.0,False,,
Gene_3257,1.1719334767070002,0.0,1.0,False,,
Gene_3258,1.4249959905422815,0.0,1.0,False,,
Gene_3259,4.466091135046552,0.0,1.0,False,,
Gene_3260,2.023881356371815,0.0,1.0,False,,
Gene_3261,3.2690873098245548,0.0,1.0,False,,
Gene_3262,2.5900250916582,0.0,1.0,False,,
Gene_3263,2.980324151645264,2.532280466953811,1.0,True,Progenitor2,
Gene_3264,1.3837563303429063,0.0,1.0,False,,
Gene_3265,1.5493419639902184,0.0,1.0,False,,
Gene_3266,2.225564996094617,0.0,1.0,False,,
Gene_3267,1.981697381742534,0.0,1.0,False,,
Gene_3268,2.9247956843777025,4.302942256771599,1.0,True,Progenitor2,
Gene_3269,4.6112631649360765,0.0,1.0,False,,
Gene_3270,1.8831635685409949,0.0,1.0,False,,
Gene_3271,4.6433481276737805,0.0,1.0,False,,
Gene_3272,4.571753180815307,0.0,1.0,False,,
Gene_3273,2.4572130317986933,0.0,1.0,False,,
Gene_3274,2.0946159466504137,0.0,1.0,False,,
Gene_3275,1.0133146124464973,0.0,1.0,False,,
Gene_3276,1.2439524127520025,0.0,1.0,False,,
Gene_3277,1.8533737675268895,0.0,1.0,False,,
Gene_3278,4.175006453477991,0.0,1.0,False,,
Gene_3279,2.096515606399537,0.0,1.0,False,,
Gene_3280,1.294845729045886,0.0,1.0,False,,
Gene_3281,2.1399258652825983,0.0,1.0,False,,
Gene_3282,4.319263119346818,0.0,1.0,False,,
Gene_3283,4.584897720313118,0.0,1.0,False,,
Gene_3284,4.568490430571205,0.0,1.0,False,,
Gene_3285,3.1214718725934114,0.0,1.0,False,,
Gene_3286,2.1373653660736456,0.0,1.0,False,,
Gene_3287,3.7832167613382364,0.0,1.0,False,,
Gene_3288,2.247592105132261,0.0,1.0,False,,
Gene_3289,2.644275688678397,0.0,1.0,False,,
Gene_3290,1.4288821492135946,0.0,1.0,False,,
Gene_3291,2.084316472676695,0.0,1.0,False,,
Gene_3292,2.570669819447567,0.0,1.0,False,,
Gene_3293,4.09865008087745,0.0,1.0,False,,
Gene_3294,3.9908775207684792,0.0,1.0,False,,
Gene_3295,4.864676281112526,4.224831512041721,1.0,True,TerminalCell_B,
Gene_3296,1.424484186034023,0.0,1.0,False,,
Gene_3297,2.1713527052520085,0.0,1.0,False,,
Gene_3298,3.0846584967808393,0.0,1.0,False,,
Gene_3299,1.2124422011684874,0.0,1.0,False,,
Gene_3300,3.662313264514935,0.0,1.0,False,,
Gene_3301,3.8839637554679762,0.0,1.0,False,,
Gene_3302,3.684783952850865,4.5011649848101385,1.0,True,TerminalCell_A,
Gene_3303,4.48004652945481,0.0,1.0,False,,
Gene_3304,2.3022279751520593,3.1021853299862587,1.0,True,"StemCell,Progenitor1,TerminalCell_A",StemCell->Progenitor1;Progenitor1->TerminalCell_A
Gene_3305,2.3085321680492616,0.0,1.0,False,,
Gene_3306,1.0898035667323467,1.34797030591055,1.0,True,TerminalCell_B,
Gene_3307,3.62858364005298,1.6799850734108297,1.0,True,Progenitor1,
Gene_3308,4.538385040998996,2.2314496049514596,1.0,True,"Progenitor2,TerminalCell_B",Progenitor2->TerminalCell_B
Gene_3309,3.4872943984422466,0.0,1.0,False,,
Gene_3310,1.5916771435505033,0.0,1.0,False,,
Gene_3311,3.608284651515529,0.0,1.0,False,,
Gene_3312,2.0056468604521767,0.0,1.0,False,,
Gene_3313,1.5975935125867586,0.0,1.0,False,,
Gene_3314,2.844837471861935,0.0,1.0,False,,
Gene_3315,1.605984744220772,0.0,1.0,False,,
Gene_3316,3.1981669375008055,0.0,1.0,False,,
Gene_3317,2.4719543255790333,0.0,1.0,False,,
Gene_3318,4.465146814124275,0.0,1.0,False,,
Gene_3319,2.6245970150206066,0.0,1.0,False,,
Gene_3320,4.466460254350888,4.332833832290746,1.0,True,"Progenitor1,TerminalCell_A",Progenitor1->TerminalCell_A
Gene_3321,2.3886904117655505,0.0,1.0,False,,
Gene_3322,2.691187989478266,0.0,1.0,False,,
Gene_3323,4.946436687034868,0.0,1.0,False,,
Gene_3324,1.9946198686976229,1.8165174700548805,1.0,True,TerminalCell_A,
Gene_3325,4.124722292409359,0.0,1.0,False,,
Gene_3326,4.351494922942642,0.0,1.0,False,,
Gene_3327,3.4210321978531386,0.0,1.0,False,,
Gene_3328,3.2964380231728145,0.0,1.0,False,,
Gene_3329,4.38598985084315,0.0,1.0,False,,
Gene_3330,3.560665524404526,3.5998300244323973,1.0,True,"StemCell,Progenitor1,TerminalCell_A",StemCell->Progenitor1;Progenitor1->TerminalCell_A
Gene_3331,4.62674417410569,3.821603960390707,1.0,True,"StemCell,Progenitor1,TerminalCell_A",StemCell->Progenitor1;Progenitor1->TerminalCell_A
Gene_3332,1.4211402910189945,0.0,1.0,False,,
Gene_3333,2.863762764616152,0.0,1.0,False,,
Gene_3334,1.0578044569669438,0.0,1.0,False,,
Gene_3335,4.43750879089016,0.0,1.0,False,,
Gene_3336,3.7884121304415466,0.0,1.0,False,,
Gene_3337,3.821692229954339,0.0,1.0,False,,
Gene_3338,1.153769143593585,0.0,1.0,False,,
Gene_3339,3.0000879559230476,0.0,1.0,False,,
Gene_3340,3.637867827016936,0.0,1.0,False,,
Gene_3341,1.5042831482708063,0.0,1.0,False,,
Gene_3342,1.9906947554849266,0.0,1.0,False,,
Gene_3343,2.451769440484648,0.0,1.0,False,,
Gene_3344,2.4103763559276365,0.0,1.0,False,,
Gene_3345,3.401889997375643,0.0,1.0,False,,
Gene_3346,3.9299106103437786,0.0,1.0,False,,
Gene_3347,3.447479045119323,0.0,1.0,False,,
Gene_3348,2.5832712255161763,1.7286665998272897,1.0,True,TerminalCell_B,
Gene_3349,3.8168268073539378,0.0,1.0,False,,
Gene_3350,3.4055873561547023,0.0,1.0,False,,
Gene_3351,2.4486065387281153,0.0,1.0,False,,
Gene_3352,2.4521826079703386,4.8611933464778705,1.0,True,"Progenitor1,TerminalCell_A",Progenitor1->TerminalCell_A
Gene_3353,3.469265259840483,0.0,1.0,False,,
Gene_3354,1.759530105084238,0.0,1.0,False,,
Gene_3355,1.6928957756715817,1.1528262122965267,1.0,True,TerminalCell_B,
Gene_3356,1.0662605653361714,2.4244484799558608,1.0,True,TerminalCell_A,
Gene_3357,3.5815778870549964,0.0,1.0,False,,
Gene_3358,4.1150403588441975,0.0,1.0,False,,
Gene_3359,2.649776644909592,1.373697458297158,1.0,True,Progenitor2,
Gene_3360,4.570319178095707,0.0,1.0,False,,
Gene_3361,2.981525486157821,0.0,1.0,False,,
Gene_3362,4.267088676549734,0.0,1.0,False,,
Gene_3363,4.732439564086322,2.565511303279158,1.0,True,TerminalCell_B,
Gene_3364,2.29301407170467,0.0,1.0,False,,
Gene_3365,4.4850481052849425,2.4063774459894947,1.0,True,"StemCell,Progenitor1,TerminalCell_A",StemCell->Progenitor1;Progenitor1->TerminalCell_A
Gene_3366,2.01417924507144,2.7066345242439156,1.0,True,"StemCell,Progenitor2,TerminalCell_B",StemCell->Progenitor2;Progenitor2->TerminalCell_B
Gene_3367,2.930499839568874,0.0,1.0,False,,
Gene_3368,4.014539160717473,0.0,1.0,False,,
Gene_3369,1.986263394996704,1.0827101438121036,1.0,True,"StemCell,Progenitor2",StemCell->Progenitor2
Gene_3370,2.1539892767505417,0.0,1.0,False,,
Gene_3371,1.3525952962145205,0.0,1.0,False,,
Gene_3372,2.6562753996096427,0.0,1.0,False,,
Gene_3373,1.0108308572865754,0.0,1.0,False,,
Gene_3374,3.9368659602160334,0.0,1.0,False,,
Gene_3375,2.4659788220012167,0.0,1.0,False,,
Gene_3376,2.5948457592020384,0.0,1.0,False,,
Gene_3377,3.065465060182909,3.7848109258651093,1.0,True,"StemCell,Progenitor2,TerminalCell_B",StemCell->Progenitor2;Progenitor2->TerminalCell_B
Gene_3378,4.502085627501883,4.869149042529943,1.0,True,"StemCell,Progenitor1,TerminalCell_A",StemCell->Progenitor1;Progenitor1->TerminalCell_A
Gene_3379,3.598431581694657,1.828518578461178,1.0,True,TerminalCell_A,
Gene_3380,3.974967522055152,1.4157014391501073,1.0,True,TerminalCell_A,
Gene_3381,1.1330507264527916,0.0,1.0,False,,
Gene_3382,4.411056389458935,4.905725953312133,1.0,True,"StemCell,Progenitor2",StemCell->Progenitor2
Gene_3383,4.3091845334870555,0.0,1.0,False,,
Gene_3384,2.8179840672595566,0.0,1.0,False,,
Gene_3385,4.849487400627658,0.0,1.0,False,,
Gene_3386,3.9929126944304345,0.0,1.0,False,,
Gene_3387,3.2691243520294946,0.0,1.0,False,,
Gene_3388,2.0238049102572444,0.0,1.0,False,,
Gene_3389,4.17143264630413,0.0,1.0,False,,
Gene_3390,2.9118989354369003,0.0,1.0,False,,
Gene_3391,2.125916783280986,0.0,1.0,False,,
Gene_3392,1.4638728725287438,0.0,1.0,False,,
Gene_3393,4.862990086828919,0.0,1.0,False,,
Gene_3394,1.4610413171871488,0.0,1.0,False,,
Gene_3395,2.5052911204216084,0.0,1.0,False,,
Gene_3396,4.502464977502483,0.0,1.0,False,,
Gene_3397,4.196764659103,3.9056328364230852,1.0,True,"Progenitor2,TerminalCell_B",Progenitor2->TerminalCell_B
Gene_3398,4.424893220057866,0.0,1.0,False,,
Gene_3399,2.4357581383460682,4.098137437947392,1.0,True,TerminalCell_B,
Gene_3400,4.008014385155894,1.0839030034514718,1.0,True,"StemCell,Progenitor1",StemCell->Progenitor1
Gene_3401,4.921190544692944,3.0013034567177876,1.0,True,Progenitor1,
Gene_3402,3.630259041499029,0.0,1.0,False,,
Gene_3403,4.6163944671519435,1.415423164840241,1.0,True,"StemCell,Progenitor2",StemCell->Progenitor2
Gene_3404,1.8763638125864839,0.0,1.0,False,,
Gene_3405,4.1201053152754845,0.0,1.0,False,,
Gene_3406,1.0835820682909625,0.0,1.0,False,,
Gene_3407,1.4924828232047078,0.0,1.0,False,,
Gene_3408,2.7472284623679077,0.0,1.0,False,,
Gene_3409,2.2731265871319084,0.0,1.0,False,,
Gene_3410,4.329609137191227,0.0,1.0,False,,
Gene_3411,2.531570012116349,0.0,1.0,False,,
Gene_3412,2.7344656664273557,4.632308294839102,1.0,True,"StemCell,Progenitor1,TerminalCell_A",StemCell->Progenitor1;Progenitor1->TerminalCell_A
Gene_3413,1.4061585140958806,0.0,1.0,False,,
Gene_3414,2.1305987136277595,0.0,1.0,False,,
Gene_3415,3.5727857737921376,0.0,1.0,False,,
Gene_3416,1.0496034928546298,0.0,1.0,False,,
Gene_3417,4.374103913905997,2.7043458832583327,1.0,True,"StemCell,Progenitor2,TerminalCell_B",StemCell->Progenitor2;Progenitor2->TerminalCell_B
Gene_3418,2.243692246360911,3.9624164323036677,1.0,True,"StemCell,Progenitor2,TerminalCell_B",StemCell->Progenitor2;Progenitor2->TerminalCell_B
Gene_3419,1.0979341024418208,0.0,1.0,False,,
Gene_3420,4.514918459260523,0.0,1.0,False,,
Gene_3421,2.9027706812948666,0.0,1.0,False,,
Gene_3422,4.324575445007965,1.0440929456481371,1.0,True,"StemCell,Progenitor2,TerminalCell_B",StemCell->Progenitor2;Progenitor2->TerminalCell_B
Gene_3423,1.4855315137224228,0.0,1.0,False,,
Gene_3424,3.8053012723000763,0.0,1.0,False,,
Gene_3425,2.0338649535697835,0.0,1.0,False,,
Gene_3426,3.8180379800618454,0.0,1.0,False,,
Gene_3427,1.2582533323893643,0.0,1.0,False,,
Gene_3428,3.8386844088378163,0.0,1.0,False,,
Gene_3429,1.623065000910204,0.0,1.0,False,,
Gene_3430,3.900024269926525,0.0,1.0,False,,
Gene_3431,1.3297597146568392,0.0,1.0,False,,
Gene_3432,1.4977619462387288,0.0,1.0,False,,
Gene_3433,3.507862630135369,0.0,1.0,False,,
Gene_3434,3.3711944369646076,0.0,1.0,False,,
Gene_3435,1.4392979694347496,4.3058196880273965,1.0,True,"StemCell,Progenitor2,TerminalCell_B",StemCell->Progenitor2;Progenitor2->TerminalCell_B
Gene_3436,3.656827863772455,0.0,1.0,False,,
Gene_3437,1.4102375541339134,0.0,1.0,False,,
Gene_3438,1.1912788968043948,0.0,1.0,False,,
Gene_3439,4.321919794766399,0.0,1.0,False,,
Gene_3440,4.0541298827443635,0.0,1.0,False,,
Gene_3441,3.2946227736345293,0.0,1.0,False,,
Gene_3442,3.29234867753455,0.0,1.0,False,,
Gene_3443,4.577790802202605,0.0,1.0,False,,
Gene_3444,1.0607490597076072,0.0,1.0,False,,
Gene_3445,2.3215663166140197,0.0,1.0,False,,
Gene_3446,1.6976945616990964,0.0,1.0,False,,
Gene_3447,4.224449049414771,3.8431552388562387,1.0,True,Progenitor1,
Gene_3448,3.9157007596810316,0.0,1.0,False,,
Gene_3449,2.199923198219261,0.0,1.0,False,,
Gene_3450,3.18756628661301,0.0,1.0,False,,
Gene_3451,1.5064118181369497,0.0,1.0,False,,
Gene_3452,1.909375628511469,0.0,1.0,False,,
Gene_3453,2.9190480707534223,1.9655246761407064,1.0,True,TerminalCell_B,
Gene_3454,2.823743102237106,0.0,1.0,False,,
Gene_3455,3.1196164923572893,0.0,1.0,False,,
Gene_3456,1.7850050784596787,0.0,1.0,False,,
Gene_3457,3.5853748304418316,0.0,1.0,False,,
Gene_3458,1.4577447387814888,4.419558143254488,1.0,True,Progenitor1,
Gene_3459,3.01194501338386,1.88266761089685,1.0,True,TerminalCell_B,
Gene_3460,1.956706946982139,0.0,1.0,False,,
Gene_3461,2.0814211094760107,0.0,1.0,False,,
Gene_3462,3.20707145014119,0.0,1.0,False,,
Gene_3463,2.568610546063581,0.0,1.0,False,,
Gene_3464,3.0782710735251295,0.0,1.0,False,,
Gene_3465,3.7965502536030664,0.0,1.0,False,,
Gene_3466,3.698385327395519,0.0,1.0,False,,
Gene_3467,2.400725427219556,0.0,1.0,False,,
Gene_3468,1.900826303732138,0.0,1.0,False,,
Gene_3469,4.48859441998091,2.762773262037509,1.0,True,"Progenitor2,TerminalCell_B",Progenitor2->TerminalCell_B
Gene_3470,2.1837324585902946,0.0,1.0,False,,
Gene_3471,2.2949535231091303,0.0,1.0,False,,
Gene_3472,3.2551312987145375,0.0,1.0,False,,
Gene_3473,3.3949880532537535,0.0,1.0,False,,
Gene_3474,3.710189619152573,0.0,1.0,False,,
Gene_3475,2.9128254004913106,0.0,1.0,False,,
Gene_3476,1.3312613445647479,0.0,1.0,False,,
Gene_3477,4.15064530201733,0.0,1.0,False,,
Gene_3478,4.102440032408082,4.454914663614293,1.0,True,"StemCell,Progenitor2,TerminalCell_B",StemCell->Progenitor2;Progenitor2->TerminalCell_B
Gene_3479,1.2212263013131288,0.0,1.0,False,,
Gene_3480,3.8324720747567325,0.0,1.0,False,,
Gene_3481,4.456173919460605,0.0,1.0,False,,
Gene_3482,1.1901075427207841,4.2296766883797865,1.0,True,TerminalCell_A,
Gene_3483,4.973575989511734,0.0,1.0,False,,
Gene_3484,2.7770620083703808,0.0,1.0,False,,
Gene_3485,4.112629321912474,0.0,1.0,False,,
Gene_3486,1.3524332835445998,0.0,1.0,False,,
Gene_3487,1.3636112647193648,0.0,1.0,False,,
Gene_3488,1.5858749427749093,0.0,1.0,False,,
Gene_3489,2.608008068552262,2.8978616661620555,1.0,True,Progenitor1,
Gene_3490,3.2267363952302586,0.0,1.0,False,,
Gene_3491,4.782548926277695,4.777699637794053,1.0,True,TerminalCell_A,
Gene_3492,3.725761697183002,0.0,1.0,False,,
Gene_3493,1.0176152073963793,0.0,1.0,False,,
Gene_3494,3.426264706739402,0.0,1.0,False,,
Gene_3495,3.0376453011857087,1.6690967005926631,1.0,True,Progenitor1,
Gene_3496,1.7407516439259902,0.0,1.0,False,,
Gene_3497,4.8978063372362595,0.0,1.0,False,,
Gene_3498,2.4218457393523876,1.4922302988175784,1.0,True,"Progenitor2,TerminalCell_B",Progenitor2->TerminalCell_B
Gene_3499,2.269841835008736,0.0,1.0,False,,
Gene_3500,4.7710397290773425,3.445495051553533,1.0,True,TerminalCell_B,
Gene_3501,3.5818777020957677,0.0,1.0,False,,
Gene_3502,4.959994302452438,4.17758547012375,1.0,True,"Progenitor2,TerminalCell_B",Progenitor2->TerminalCell_B
Gene_3503,4.040387617305623,0.0,1.0,False,,
Gene_3504,2.5020675794756726,4.218786122557165,1.0,True,TerminalCell_B,
Gene_3505,3.0303688570332032,0.0,1.0,False,,
Gene_3506,4.520654764062677,0.0,1.0,False,,
Gene_3507,4.1050979295353,2.2604200247109336,1.0,True,TerminalCell_B,
Gene_3508,3.3575128625655113,0.0,1.0,False,,
Gene_3509,2.5558078816585654,0.0,1.0,False,,
Gene_3510,4.768772276063758,0.0,1.0,False,,
Gene_3511,3.089082021656945,0.0,1.0,False,,
Gene_3512,2.682843999817903,0.0,1.0,False,,
Gene_3513,4.2270586934953815,3.270277296745639,1.0,True,TerminalCell_A,
Gene_3514,4.250790807052862,0.0,1.0,False,,
Gene_3515,4.685830477386556,0.0,1.0,False,,
Gene_3516,1.3952513392815158,0.0,1.0,False,,
Gene_3517,2.9865728021797846,3.6341172596759694,1.0,True,Progenitor1,
Gene_3518,4.655440414921136,0.0,1.0,False,,
Gene_3519,1.44644964603143,0.0,1.0,False,,
Gene_3520,1.3710773877996973,0.0,1.0,False,,
Gene_3521,3.5182710952347485,0.0,1.0,False,,
Gene_3522,3.90217533448657,0.0,1.0,False,,
Gene_3523,4.678156385178433,0.0,1.0,False,,
Gene_3524,4.908613677051153,0.0,1.0,False,,
Gene_3525,4.132929129803126,0.0,1.0,False,,
Gene_3526,1.834625719881405,0.0,1.0,False,,
Gene_3527,4.857064356660214,0.0,1.0,False,,
Gene_3528,2.046152596445695,0.0,1.0,False,,
Gene_3529,4.326881126290197,0.0,1.0,False,,
Gene_3530,2.3065130161095793,0.0,1.0,False,,
Gene_3531,3.0040554348713653,0.0,1.0,False,,
Gene_3532,1.5520251946313972,0.0,1.0,False,,
Gene_3533,2.7002130928846366,0.0,1.0,False,,
Gene_3534,1.5582627705408663,0.0,1.0,False,,
Gene_3535,3.798726976007365,0.0,1.0,False,,
Gene_3536,1.9305226419673023,0.0,1.0,False,,
Gene_3537,2.7221848344607524,0.0,1.0,False,,
Gene_3538,2.7836973659938486,0.0,1.0,False,,
Gene_3539,2.819325733687043,0.0,1.0,False,,
Gene_3540,2.4868903001661073,0.0,1.0,False,,
Gene_3541,3.16036156345507,0.0,1.0,False,,
Gene_3542,4.313869059295833,0.0,1.0,False,,
Gene_3543,2.0690536215248816,0.0,1.0,False,,
Gene_3544,4.223341353516154,0.0,1.0,False,,
Gene_3545,3.5963605812735384,4.450021930913493,1.0,True,Progenitor1,
Gene_3546,2.5406776173888668,0.0,1.0,False,,
Gene_3547,1.289866730444845,0.0,1.0,False,,
Gene_3548,2.2394921805289103,0.0,1.0,False,,
Gene_3549,3.409194138945159,0.0,1.0,False,,
Gene_3550,3.377237532881719,0.0,1.0,False,,
Gene_3551,4.168116282368109,2.5291751673773617,1.0,True,TerminalCell_B,
Gene_3552,2.2855445510057866,1.0798903271918459,1.0,True,"StemCell,Progenitor1,TerminalCell_A",StemCell->Progenitor1;Progenitor1->TerminalCell_A
Gene_3553,2.610350293544935,3.6272533323203713,1.0,True,TerminalCell_A,
Gene_3554,4.932942529743066,3.7188485004077143,1.0,True,TerminalCell_A,
Gene_3555,2.0290420804013656,4.770032053462695,1.0,True,Progenitor1,
Gene_3556,3.6450766290482686,0.0,1.0,False,,
Gene_3557,1.5316976886583418,0.0,1.0,False,,
Gene_3558,3.2956705483511617,0.0,1.0,False,,
Gene_3559,2.283248663389763,0.0,1.0,False,,
Gene_3560,2.881228297839401,0.0,1.0,False,,
Gene_3561,2.947648179141264,0.0,1.0,False,,
Gene_3562,4.050461020418462,0.0,1.0,False,,
Gene_3563,1.2764113310864889,0.0,1.0,False,,
Gene_3564,3.995825373600895,4.340823635840942,1.0,True,TerminalCell_A,
Gene_3565,2.086453594259707,0.0,1.0,False,,
Gene_3566,3.5003941769379026,0.0,1.0,False,,
Gene_3567,4.589149806107896,1.9295423892139727,1.0,True,"Progenitor1,TerminalCell_A",Progenitor1->TerminalCell_A
Gene_3568,2.052129743439172,0.0,1.0,False,,
Gene_3569,2.6506329612776636,3.139059523364538,1.0,True,TerminalCell_B,
Gene_3570,2.241565178606199,2.0738873147745718,1.0,True,TerminalCell_A,
Gene_3571,1.8354992162475163,0.0,1.0,False,,
Gene_3572,1.5949185859843884,0.0,1.0,False,,
Gene_3573,2.154164683583912,0.0,1.0,False,,
Gene_3574,3.8011325799915405,0.0,1.0,False,,
Gene_3575,1.9780328510820517,0.0,1.0,False,,
Gene_3576,3.6271547742928067,0.0,1.0,False,,
Gene_3577,2.4292696143435935,0.0,1.0,False,,
Gene_3578,1.9772541628272475,4.38164524895551,1.0,True,TerminalCell_B,
Gene_3579,4.827215380368347,0.0,1.0,False,,
Gene_3580,2.01359348258002,0.0,1.0,False,,
Gene_3581,3.0586061872009607,0.0,1.0,False,,
Gene_3582,4.793602041745894,0.0,1.0,False,,
Gene_3583,1.1911417243351212,0.0,1.0,False,,
Gene_3584,4.700176331400182,3.8446714872835526,1.0,True,TerminalCell_A,
Gene_3585,1.6526522766621463,0.0,1.0,False,,
Gene_3586,2.856874666281352,0.0,1.0,False,,
Gene_3587,2.213372515035659,4.166942177803369,1.0,True,"StemCell,Progenitor2,TerminalCell_B",StemCell->Progenitor2;Progenitor2->TerminalCell_B
Gene_3588,1.0986130893267454,0.0,1.0,False,,
Gene_3589,1.5598155692703748,0.0,1.0,False,,
Gene_3590,2.90741690957644,0.0,1.0,False,,
Gene_3591,4.606566252221768,0.0,1.0,False,,
Gene_3592,2.678314590201748,3.9287570989183105,1.0,True,"StemCell,Progenitor1,TerminalCell_A",StemCell->Progenitor1;Progenitor1->TerminalCell_A
Gene_3593,1.2489731048063577,0.0,1.0,False,,
Gene_3594,1.7396456902913249,0.0,1.0,False,,
Gene_3595,2.5261892924095957,3.0157272638759487,1.0,True,"StemCell,Progenitor1",StemCell->Progenitor1
Gene_3596,2.9247591005148625,0.0,1.0,False,,
Gene_3597,4.474416730794057,0.0,1.0,False,,
Gene_3598,4.413381438109662,0.0,1.0,False,,
Gene_3599,4.34717769931469,0.0,1.0,False,,
Gene_3600,4.098891017339229,0.0,1.0,False,,
Gene_3601,3.341982599019416,0.0,1.0,False,,
Gene_3602,4.53460445597347,0.0,1.0,False,,
Gene_3603,4.529924923810537,0.0,1.0,False,,
Gene_3604,3.1247494535352356,0.0,1.0,False,,
Gene_3605,3.595222745603311,3.777787314174837,1.0,True,Progenitor2,
Gene_3606,4.443578610287267,0.0,1.0,False,,
Gene_3607,2.6268238684737266,3.168962276885079,1.0,True,"StemCell,Progenitor1,TerminalCell_A",StemCell->Progenitor1;Progenitor1->TerminalCell_A
Gene_3608,3.0738716007018003,0.0,1.0,False,,
Gene_3609,4.816765702896672,0.0,1.0,False,,
Gene_3610,4.091139409281983,0.0,1.0,False,,
Gene_3611,4.605119784878038,0.0,1.0,False,,
Gene_3612,1.2431146208444552,0.0,1.0,False,,
Gene_3613,4.094409881022797,0.0,1.0,False,,
Gene_3614,1.3198840816705473,4.811163441798515,1.0,True,"Progenitor2,TerminalCell_B",Progenitor2->TerminalCell_B
Gene_3615,3.56501588775219,2.0325657159776083,1.0,True,TerminalCell_B,
Gene_3616,2.0714134751136135,4.424972695704675,1.0,True,"Progenitor2,TerminalCell_B",Progenitor2->TerminalCell_B
Gene_3617,2.0251410133214707,0.0,1.0,False,,
Gene_3618,1.0636498780880324,0.0,1.0,False,,
Gene_3619,1.824700735823447,2.7861759905869996,1.0,True,TerminalCell_A,
Gene_3620,3.9717997159849032,0.0,1.0,False,,
Gene_3621,3.7631325052209017,0.0,1.0,False,,
Gene_3622,1.026247328453778,0.0,1.0,False,,
Gene_3623,1.8707567642187333,1.5814393623933363,1.0,True,"StemCell,Progenitor1,TerminalCell_A",StemCell->Progenitor1;Progenitor1->TerminalCell_A
Gene_3624,1.4971426598007844,0.0,1.0,False,,
Gene_3625,3.7571552974829245,3.284978424108411,1.0,True,Progenitor2,
Gene_3626,4.726349418037305,2.929492981826523,1.0,True,"StemCell,Progenitor1",StemCell->Progenitor1
Gene_3627,4.897156473156456,0.0,1.0,False,,
Gene_3628,3.6277805515610764,3.078528215690796,1.0,True,TerminalCell_A,
Gene_3629,2.897781938451525,1.2883927090712208,1.0,True,TerminalCell_A,
Gene_3630,3.8289709269127212,0.0,1.0,False,,
Gene_3631,1.6671301852753917,0.0,1.0,False,,
Gene_3632,4.9087593581158515,0.0,1.0,False,,
Gene_3633,1.2293759594762417,0.0,1.0,False,,
Gene_3634,3.4300720495038473,0.0,1.0,False,,
Gene_3635,2.9629859435820367,2.8063636594377015,1.0,True,"Progenitor1,TerminalCell_A",Progenitor1->TerminalCell_A
Gene_3636,4.558402436668276,0.0,1.0,False,,
Gene_3637,3.964845749679987,0.0,1.0,False,,
Gene_3638,1.8494103540022198,0.0,1.0,False,,
Gene_3639,1.933906500554187,1.633032298444605,1.0,True,"StemCell,Progenitor1,TerminalCell_A",StemCell->Progenitor1;Progenitor1->TerminalCell_A
Gene_3640,1.9272569080326187,0.0,1.0,False,,
Gene_3641,4.16626571153777,2.806489260955406,1.0,True,TerminalCell_A,
Gene_3642,1.2542206038139612,2.0098374376842907,1.0,True,TerminalCell_B,
Gene_3643,1.101028712848537,0.0,1.0,False,,
Gene_3644,1.4140239401559573,4.573668758621802,1.0,True,"Progenitor2,TerminalCell_B",Progenitor2->TerminalCell_B
Gene_3645,3.614139325534471,0.0,1.0,False,,
Gene_3646,1.023607366916886,1.7565621238361002,1.0,True,"Progenitor2,TerminalCell_B",Progenitor2->TerminalCell_B
Gene_3647,2.122828393394938,0.0,1.0,False,,
Gene_3648,3.3558708883144384,0.0,1.0,False,,
Gene_3649,4.3962747898447585,4.514980261471047,1.0,True,TerminalCell_A,
Gene_3650,2.610463483269225,0.0,1.0,False,,
Gene_3651,2.6080975058160614,0.0,1.0,False,,
Gene_3652,2.967695725572893,1.7486996502438972,1.0,True,"StemCell,Progenitor1,TerminalCell_A",StemCell->Progenitor1;Progenitor1->TerminalCell_A
Gene_3653,2.859565853964503,0.0,1.0,False,,
Gene_3654,4.827539398685787,1.6785428444072483,1.0,True,TerminalCell_A,
Gene_3655,2.010314310390645,0.0,1.0,False,,
Gene_3656,3.8285610115936306,0.0,1.0,False,,
Gene_3657,4.124802756397122,0.0,1.0,False,,
Gene_3658,4.899338745559618,0.0,1.0,False,,
Gene_3659,2.6591865958087424,0.0,1.0,False,,
Gene_3660,2.191226434924443,2.2715278556751195,1.0,True,Progenitor1,
Gene_3661,4.912852897616315,0.0,1.0,False,,
Gene_3662,1.7403199997693148,0.0,1.0,False,,
Gene_3663,3.726816107823749,0.0,1.0,False,,
Gene_3664,4.866909971823823,0.0,1.0,False,,
Gene_3665,3.345143679173529,0.0,1.0,False,,
Gene_3666,3.460872228830025,0.0,1.0,False,,
Gene_3667,3.626722333133536,0.0,1.0,False,,
Gene_3668,1.6355588193348285,0.0,1.0,False,,
Gene_3669,3.1273019451239445,0.0,1.0,False,,
Gene_3670,1.9477938454479395,3.6426725864898515,1.0,True,"StemCell,Progenitor2,TerminalCell_B",StemCell->Progenitor2;Progenitor2->TerminalCell_B
Gene_3671,1.2041664293197738,0.0,1.0,False,,
Gene_3672,1.5956915675235916,0.0,1.0,False,,
Gene_3673,2.991445355411917,0.0,1.0,False,,
Gene_3674,2.4584258196384514,0.0,1.0,False,,
Gene_3675,1.609229216875093,1.1794220765657903,1.0,True,"Progenitor2,TerminalCell_B",Progenitor2->TerminalCell_B
Gene_3676,2.5705027506133553,1.5267428346890672,1.0,True,"StemCell,Progenitor1",StemCell->Progenitor1
Gene_3677,2.8281060697199965,0.0,1.0,False,,
Gene_3678,3.5511161492282723,1.4696036566222648,1.0,True,TerminalCell_B,
Gene_3679,2.7628124828057943,0.0,1.0,False,,
Gene_3680,1.443148364526384,0.0,1.0,False,,
Gene_3681,2.735021367159768,0.0,1.0,False,,
Gene_3682,4.670521022661575,3.4099240551549337,1.0,True,"Progenitor2,TerminalCell_B",Progenitor2->TerminalCell_B
Gene_3683,1.4023433699688521,3.806450167637563,1.0,True,"Progenitor2,TerminalCell_B",Progenitor2->TerminalCell_B
Gene_3684,2.8066520584763897,0.0,1.0,False,,
Gene_3685,3.535399907157378,0.0,1.0,False,,
Gene_3686,4.645751422100716,0.0,1.0,False,,
Gene_3687,1.4511650576684136,0.0,1.0,False,,
Gene_3688,3.7620885380879647,0.0,1.0,False,,
Gene_3689,2.063277435068966,0.0,1.0,False,,
Gene_3690,2.1848436590998026,0.0,1.0,False,,
Gene_3691,4.452479641363082,0.0,1.0,False,,
Gene_3692,2.8300614096998693,0.0,1.0,False,,
Gene_3693,3.7426972253468755,0.0,1.0,False,,
Gene_3694,2.824087322936182,0.0,1.0,False,,
Gene_3695,2.433697162518765,0.0,1.0,False,,
Gene_3696,2.268844689782684,0.0,1.0,False,,
Gene_3697,3.062498268364311,4.74081685951133,1.0,True,TerminalCell_B,
Gene_3698,4.598694437943301,0.0,1.0,False,,
Gene_3699,2.2114657121288523,0.0,1.0,False,,
Gene_3700,2.4730243168606276,0.0,1.0,False,,
Gene_3701,1.535696553950102,4.440355676537299,1.0,True,"StemCell,Progenitor2",StemCell->Progenitor2
Gene_3702,4.374020829390745,0.0,1.0,False,,
Gene_3703,4.627004585994358,0.0,1.0,False,,
Gene_3704,1.9890380548931699,0.0,1.0,False,,
Gene_3705,2.1222618132647812,0.0,1.0,False,,
Gene_3706,2.3344186186680798,0.0,1.0,False,,
Gene_3707,2.511274707344419,0.0,1.0,False,,
Gene_3708,1.72775559827712,3.2206478185825573,1.0,True,"StemCell,Progenitor1",StemCell->Progenitor1
Gene_3709,4.2522615138497155,0.0,1.0,False,,
Gene_3710,1.6523529112595945,3.2469628661867818,1.0,True,"StemCell,Progenitor1",StemCell->Progenitor1
Gene_3711,3.076963290936143,0.0,1.0,False,,
Gene_3712,4.834301840501649,0.0,1.0,False,,
Gene_3713,4.269451952003497,0.0,1.0,False,,
Gene_3714,2.7447110221083078,2.3264449691127367,1.0,True,TerminalCell_A,
Gene_3715,1.906670704081154,0.0,1.0,False,,
Gene_3716,4.625099074700797,0.0,1.0,False,,
Gene_3717,3.383633870472969,0.0,1.0,False,,
Gene_3718,2.9397729826395755,2.3131274443046874,1.0,True,"Progenitor2,TerminalCell_B",Progenitor2->TerminalCell_B
Gene_3719,2.798990315088815,4.552266405653622,1.0,True,TerminalCell_B,
Gene_3720,4.865891894841124,0.0,1.0,False,,
Gene_3721,3.7194176115695847,0.0,1.0,False,,
Gene_3722,4.702623697677099,0.0,1.0,False,,
Gene_3723,3.9158813893374056,4.2428659099410915,1.0,True,"Progenitor2,TerminalCell_B",Progenitor2->TerminalCell_B
Gene_3724,4.464242411434128,0.0,1.0,False,,
Gene_3725,2.0378492794400698,0.0,1.0,False,,
Gene_3726,4.8611525511310045,0.0,1.0,False,,
Gene_3727,4.07306115856926,0.0,1.0,False,,
Gene_3728,2.2568410158343504,0.0,1.0,False,,
Gene_3729,2.9375426688165245,0.0,1.0,False,,
Gene_3730,3.548159224137009,0.0,1.0,False,,
Gene_3731,4.481392438464956,4.867112599246948,1.0,True,TerminalCell_A,
Gene_3732,4.393008408545406,0.0,1.0,False,,
Gene_3733,3.650285451196626,0.0,1.0,False,,
Gene_3734,3.7255590515512393,0.0,1.0,False,,
Gene_3735,2.319362459790618,0.0,1.0,False,,
Gene_3736,1.9279543392221474,4.767275933251688,1.0,True,TerminalCell_B,
Gene_3737,2.2456523212311423,0.0,1.0,False,,
Gene_3738,2.909374147450141,3.1099605946887348,1.0,True,TerminalCell_A,
Gene_3739,1.9664970118443175,0.0,1.0,False,,
Gene_3740,4.789515804179217,2.1396324350970133,1.0,True,Progenitor2,
Gene_3741,1.487049850934358,4.9981172724042295,1.0,True,TerminalCell_A,
Gene_3742,3.7324220854441927,3.803829204168638,1.0,True,TerminalCell_B,
Gene_3743,2.188794277032957,0.0,1.0,False,,
Gene_3744,4.6184210372990115,0.0,1.0,False,,
Gene_3745,4.3115998726386655,2.4459154257789377,1.0,True,"StemCell,Progenitor1,TerminalCell_A",StemCell->Progenitor1;Progenitor1->TerminalCell_A
Gene_3746,4.172395339648322,3.41272511127655,1.0,True,TerminalCell_A,
Gene_3747,2.6902345191597843,3.2779376197179584,1.0,True,"Progenitor2,TerminalCell_B",Progenitor2->TerminalCell_B
Gene_3748,2.164350420482307,0.0,1.0,False,,
Gene_3749,4.6718439160455665,0.0,1.0,False,,
Gene_3750,4.650759164483497,0.0,1.0,False,,
Gene_3751,2.045389420037982,0.0,1.0,False,,
Gene_3752,2.2375831230112517,0.0,1.0,False,,
Gene_3753,3.188924491600743,4.037163626600316,1.0,True,"StemCell,Progenitor2,TerminalCell_B",StemCell->Progenitor2;Progenitor2->TerminalCell_B
Gene_3754,3.3411633865302193,0.0,1.0,False,,
Gene_3755,2.7248926445038446,0.0,1.0,False,,
Gene_3756,4.276217480667427,0.0,1.0,False,,
Gene_3757,2.2373951569618193,3.8419192488777774,1.0,True,"StemCell,Progenitor2",StemCell->Progenitor2
Gene_3758,4.651275361845567,2.620995456419523,1.0,True,TerminalCell_A,
Gene_3759,1.8031636252532404,0.0,1.0,False,,
Gene_3760,3.667573658162385,0.0,1.0,False,,
Gene_3761,4.95230483401413,0.0,1.0,False,,
Gene_3762,3.4098703928778993,0.0,1.0,False,,
Gene_3763,3.609134601622976,0.0,1.0,False,,
Gene_3764,2.8142637543098563,0.0,1.0,False,,
Gene_3765,4.9825941274033,0.0,1.0,False,,
Gene_3766,4.342378376473619,0.0,1.0,False,,
Gene_3767,1.9557958346517021,0.0,1.0,False,,
Gene_3768,4.5449934392253954,0.0,1.0,False,,
Gene_3769,4.799991151524788,0.0,1.0,False,,
Gene_3770,2.550865215011651,0.0,1.0,False,,
Gene_3771,4.375105493373482,1.1405831801516246,1.0,True,"StemCell,Progenitor2,TerminalCell_B",StemCell->Progenitor2;Progenitor2->TerminalCell_B
Gene_3772,1.6673605508526612,0.0,1.0,False,,
Gene_3773,4.840845363023048,0.0,1.0,False,,
Gene_3774,1.8677934697259344,0.0,1.0,False,,
Gene_3775,1.053623084602167,0.0,1.0,False,,
Gene_3776,1.5623664304711697,0.0,1.0,False,,
Gene_3777,4.698385814609865,0.0,1.0,False,,
Gene_3778,2.597946118324222,0.0,1.0,False,,
Gene_3779,1.1439593712651042,0.0,1.0,False,,
Gene_3780,3.942351844842768,0.0,1.0,False,,
Gene_3781,1.0103147409413324,2.4237129172768945,1.0,True,Progenitor2,
Gene_3782,3.228589997568097,0.0,1.0,False,,
Gene_3783,1.5112955903744272,0.0,1.0,False,,
Gene_3784,4.582376750898106,4.41579578082465,1.0,True,Progenitor1,
Gene_3785,2.818601836217749,0.0,1.0,False,,
Gene_3786,2.577010235734804,0.0,1.0,False,,
Gene_3787,4.228909641086414,0.0,1.0,False,,
Gene_3788,1.2559597862295502,0.0,1.0,False,,
Gene_3789,3.2785211769024962,1.4195724945048473,1.0,True,"Progenitor2,TerminalCell_B",Progenitor2->TerminalCell_B
Gene_3790,3.3517041155998717,0.0,1.0,False,,
Gene_3791,1.5861813834416747,0.0,1.0,False,,
Gene_3792,2.7732732993677303,0.0,1.0,False,,
Gene_3793,4.550446192976705,0.0,1.0,False,,
Gene_3794,1.3498316829263022,0.0,1.0,False,,
Gene_3795,2.1871331397029734,0.0,1.0,False,,
Gene_3796,1.8330930864732848,0.0,1.0,False,,
Gene_3797,2.5685661728025617,0.0,1.0,False,,
Gene_3798,2.4308054146757994,0.0,1.0,False,,
Gene_3799,3.883752830606112,4.5404650511268,1.0,True,TerminalCell_B,
Gene_3800,4.8996387399476475,0.0,1.0,False,,
Gene_3801,3.269537331380902,3.63328869930286,1.0,True,"StemCell,Progenitor2,TerminalCell_B",StemCell->Progenitor2;Progenitor2->TerminalCell_B
Gene_3802,3.764337332328535,0.0,1.0,False,,
Gene_3803,1.9260368927415321,0.0,1.0,False,,
Gene_3804,1.4285212560168654,0.0,1.0,False,,
Gene_3805,4.090883184909935,0.0,1.0,False,,
Gene_3806,1.2560706720894768,3.5842070975154945,1.0,True,"Progenitor1,TerminalCell_A",Progenitor1->TerminalCell_A
Gene_3807,1.7488076976781866,0.0,1.0,False,,
Gene_3808,2.6482571170669167,0.0,1.0,False,,
Gene_3809,3.50704624787006,0.0,1.0,False,,
Gene_3810,3.9162048974731434,3.1063775159761406,1.0,True,"Progenitor2,TerminalCell_B",Progenitor2->TerminalCell_B
Gene_3811,1.828646525132657,0.0,1.0,False,,
Gene_3812,2.367128161034171,0.0,1.0,False,,
Gene_3813,4.50962384591893,0.0,1.0,False,,
Gene_3814,3.1510950104837883,2.445221447906862,1.0,True,Progenitor2,
Gene_3815,4.4164540554535865,0.0,1.0,False,,
Gene_3816,4.534264513961458,0.0,1.0,False,,
Gene_3817,2.3997079459432094,3.7852489732724064,1.0,True,TerminalCell_B,
Gene_3818,4.429777909556832,0.0,1.0,False,,
Gene_3819,4.3634770715041045,3.178723351029501,1.0,True,"StemCell,Progenitor2,TerminalCell_B",StemCell->Progenitor2;Progenitor2->TerminalCell_B
Gene_3820,1.3056510726357828,1.08124728560718,1.0,True,"StemCell,Progenitor1,TerminalCell_A",StemCell->Progenitor1;Progenitor1->TerminalCell_A
Gene_3821,4.7323003098593155,0.0,1.0,False,,
Gene_3822,4.759514870859276,0.0,1.0,False,,
Gene_3823,3.170984502557858,0.0,1.0,False,,
Gene_3824,3.7854028815838996,0.0,1.0,False,,
Gene_3825,3.7854986101520574,0.0,1.0,False,,
Gene_3826,2.681708301096426,0.0,1.0,False,,
Gene_3827,4.02867895159529,0.0,1.0,False,,
Gene_3828,4.371502081565243,0.0,1.0,False,,
Gene_3829,1.819999596557925,0.0,1.0,False,,
Gene_3830,2.0832628030731963,0.0,1.0,False,,
Gene_3831,3.2816546898099195,0.0,1.0,False,,
Gene_3832,1.875341840965186,0.0,1.0,False,,
Gene_3833,1.7126261684968727,0.0,1.0,False,,
Gene_3834,2.814791167719412,0.0,1.0,False,,
Gene_3835,4.347297854903463,0.0,1.0,False,,
Gene_3836,4.20253742861868,0.0,1.0,False,,
Gene_3837,2.4182245586841087,0.0,1.0,False,,
Gene_3838,2.140550351288363,0.0,1.0,False,,
Gene_3839,2.128445038892094,1.3483140556904933,1.0,True,Progenitor2,
Gene_3840,3.7759594460568287,2.928246051168652,1.0,True,"StemCell,Progenitor1,TerminalCell_A",StemCell->Progenitor1;Progenitor1->TerminalCell_A
Gene_3841,4.676960569181145,0.0,1.0,False,,
Gene_3842,4.473265166056628,1.3032423446015615,1.0,True,TerminalCell_A,
Gene_3843,4.360949741227351,0.0,1.0,False,,
Gene_3844,1.0964379830004476,0.0,1.0,False,,
Gene_3845,2.723523742776376,0.0,1.0,False,,
Gene_3846,4.959340212507319,0.0,1.0,False,,
Gene_3847,4.611869317800249,0.0,1.0,False,,
Gene_3848,4.932093589084515,0.0,1.0,False,,
Gene_3849,4.102587629291213,0.0,1.0,False,,
Gene_3850,2.4283248569452307,0.0,1.0,False,,
Gene_3851,4.799375993410944,0.0,1.0,False,,
Gene_3852,3.678953076989022,0.0,1.0,False,,
Gene_3853,2.9008189717453408,2.0156355592329813,1.0,True,"StemCell,Progenitor1,TerminalCell_A",StemCell->Progenitor1;Progenitor1->TerminalCell_A
Gene_3854,3.264175831437938,0.0,1.0,False,,
Gene_3855,1.3022542750839734,1.6490833719637035,1.0,True,TerminalCell_A,
Gene_3856,1.2495808553620886,0.0,1.0,False,,
Gene_3857,4.619296953374663,0.0,1.0,False,,
Gene_3858,3.7412342857585594,3.102996618786655,1.0,True,TerminalCell_B,
Gene_3859,1.762088182405674,0.0,1.0,False,,
Gene_3860,2.8763735412134324,0.0,1.0,False,,
Gene_3861,4.684667910073189,0.0,1.0,False,,
Gene_3862,4.11432310105083,0.0,1.0,False,,
Gene_3863,2.0105202165886795,0.0,1.0,False,,
Gene_3864,2.6749193680511234,0.0,1.0,False,,
Gene_3865,3.2777219792412895,0.0,1.0,False,,
Gene_3866,1.2862889440709764,0.0,1.0,False,,
Gene_3867,4.431762398230493,0.0,1.0,False,,
Gene_3868,1.795491144333631,0.0,1.0,False,,
Gene_3869,4.112579074664463,0.0,1.0,False,,
Gene_3870,4.09319913974517,0.0,1.0,False,,
Gene_3871,3.633563121407073,0.0,1.0,False,,
Gene_3872,4.404328444207266,0.0,1.0,False,,
Gene_3873,3.649770358592189,0.0,1.0,False,,
Gene_3874,2.2222162404555457,0.0,1.0,False,,
Gene_3875,3.992014941697557,0.0,1.0,False,,
Gene_3876,3.5890317118640573,2.548413388156719,1.0,True,"Progenitor2,TerminalCell_B",Progenitor2->TerminalCell_B
Gene_3877,4.730002298162565,0.0,1.0,False,,
Gene_3878,2.099418458217907,0.0,1.0,False,,
Gene_3879,1.2663023160754037,0.0,1.0,False,,
Gene_3880,4.742718688928655,0.0,1.0,False,,
Gene_3881,3.7039473529753555,0.0,1.0,False,,
Gene_3882,2.275763239545961,1.72110922915184,1.0,True,TerminalCell_A,
Gene_3883,4.676776638520003,1.9551476375804113,1.0,True,"StemCell,Progenitor1,TerminalCell_A",StemCell->Progenitor1;Progenitor1->TerminalCell_A
Gene_3884,4.087898433282225,0.0,1.0,False,,
Gene_3885,4.926125998146929,0.0,1.0,False,,
Gene_3886,4.369178312477517,0.0,1.0,False,,
Gene_3887,4.016383000101325,0.0,1.0,False,,
Gene_3888,4.9500669576203595,0.0,1.0,False,,
Gene_3889,2.809252114955364,0.0,1.0,False,,
Gene_3890,4.053860913819725,0.0,1.0,False,,
Gene_3891,1.0939204529409667,0.0,1.0,False,,
Gene_3892,2.3740871648642705,0.0,1.0,False,,
Gene_3893,2.7787662010668313,4.119858377692424,1.0,True,"StemCell,Progenitor2",StemCell->Progenitor2
Gene_3894,2.884470557070077,0.0,1.0,False,,
Gene_3895,2.376753399850092,1.5251527084703915,1.0,True,"Progenitor2,TerminalCell_B",Progenitor2->TerminalCell_B
Gene_3896,2.999019647579966,3.045587481055338,1.0,True,"StemCell,Progenitor2",StemCell->Progenitor2
Gene_3897,2.5499169154396015,3.2558875109631407,1.0,True,"StemCell,Progenitor2",StemCell->Progenitor2
Gene_3898,3.13670624229476,0.0,1.0,False,,
Gene_3899,1.1496509642718764,0.0,1.0,False,,
Gene_3900,2.1881903559535396,3.211931997273063,1.0,True,TerminalCell_A,
Gene_3901,1.324870330813185,0.0,1.0,False,,
Gene_3902,2.836959996553623,0.0,1.0,False,,
Gene_3903,3.6327132338699886,0.0,1.0,False,,
Gene_3904,1.1951120302643874,0.0,1.0,False,,
Gene_3905,4.466294152703528,0.0,1.0,False,,
Gene_3906,4.8759116224289425,0.0,1.0,False,,
Gene_3907,2.254959091925847,1.260674973932773,1.0,True,Progenitor1,
Gene_3908,2.490852422133255,2.0651545269368508,1.0,True,Progenitor1,
Gene_3909,4.059537389070464,0.0,1.0,False,,
Gene_3910,1.8838830119470749,4.734311564403988,1.0,True,TerminalCell_A,
Gene_3911,1.8986852500203417,0.0,1.0,False,,
Gene_3912,1.9894821897703228,0.0,1.0,False,,
Gene_3913,4.363956601084603,0.0,1.0,False,,
Gene_3914,3.537347809865812,4.2195852001820455,1.0,True,Progenitor2,
Gene_3915,1.7487787174125091,0.0,1.0,False,,
Gene_3916,1.8612652494898292,0.0,1.0,False,,
Gene_3917,2.7567624017336336,0.0,1.0,False,,
Gene_3918,2.1627996758832944,2.0419095242848964,1.0,True,Progenitor1,
Gene_3919,3.4933035029644324,0.0,1.0,False,,
Gene_3920,1.204340973247401,0.0,1.0,False,,
Gene_3921,3.229924467499859,1.6127960676108737,1.0,True,Progenitor2,
Gene_3922,3.8132341259404936,3.431969650714715,1.0,True,TerminalCell_A,
Gene_3923,4.508467331321592,0.0,1.0,False,,
Gene_3924,1.3034589420147444,0.0,1.0,False,,
Gene_3925,2.809895085477624,0.0,1.0,False,,
Gene_3926,4.186461853452465,0.0,1.0,False,,
Gene_3927,1.553681129550415,4.7767373598166785,1.0,True,"StemCell,Progenitor1,TerminalCell_A",StemCell->Progenitor1;Progenitor1->TerminalCell_A
Gene_3928,4.064977565407776,0.0,1.0,False,,
Gene_3929,3.807557237023209,0.0,1.0,False,,
Gene_3930,3.502774922100895,3.566124968169117,1.0,True,TerminalCell_A,
Gene_3931,1.2941161523408216,0.0,1.0,False,,
Gene_3932,1.1302272473848958,0.0,1.0,False,,
Gene_3933,1.0231667474804738,3.407744579822101,1.0,True,TerminalCell_A,
Gene_3934,3.2590116714117996,0.0,1.0,False,,
Gene_3935,3.2155277543868843,0.0,1.0,False,,
Gene_3936,4.5435523569281635,0.0,1.0,False,,
Gene_3937,2.347564250898367,4.768932843310627,1.0,True,TerminalCell_A,
Gene_3938,2.229531331533792,0.0,1.0,False,,
Gene_3939,4.885517597334348,0.0,1.0,False,,
Gene_3940,4.555610739040862,0.0,1.0,False,,
Gene_3941,2.6120184706708294,0.0,1.0,False,,
Gene_3942,1.6127234528964092,0.0,1.0,False,,
Gene_3943,1.8303314891399523,0.0,1.0,False,,
Gene_3944,2.4389162360138914,0.0,1.0,False,,
Gene_3945,3.707029049563345,0.0,1.0,False,,
Gene_3946,1.282085834496463,0.0,1.0,False,,
Gene_3947,2.0088635787601707,3.4166787258037035,1.0,True,Progenitor1,
Gene_3948,2.1502022841512205,4.715217854482905,1.0,True,Progenitor1,
Gene_3949,1.2028443483257183,4.342583662277203,1.0,True,"Progenitor1,TerminalCell_A",Progenitor1->TerminalCell_A
Gene_3950,3.8768048247211544,0.0,1.0,False,,
Gene_3951,2.643293616851243,4.697055812246017,1.0,True,"StemCell,Progenitor2,TerminalCell_B",StemCell->Progenitor2;Progenitor2->TerminalCell_B
Gene_3952,1.4110271856426677,0.0,1.0,False,,
Gene_3953,1.01330523594162,3.2459369720349094,1.0,True,TerminalCell_B,
Gene_3954,3.1019307973984183,0.0,1.0,False,,
Gene_3955,4.418457663361534,2.871577241046689,1.0,True,Progenitor1,
Gene_3956,3.2308337601543937,0.0,1.0,False,,
Gene_3957,3.617078134692416,2.2333645709415584,1.0,True,Progenitor2,
Gene_3958,4.9556819297361265,3.5537439090754903,1.0,True,TerminalCell_A,
Gene_3959,4.5152175385684,4.802939669397333,1.0,True,TerminalCell_A,
Gene_3960,3.529387475214055,0.0,1.0,False,,
Gene_3961,2.0974174980580034,0.0,1.0,False,,
Gene_3962,1.6986334194525456,0.0,1.0,False,,
Gene_3963,1.6713815249211925,0.0,1.0,False,,
Gene_3964,1.0570372320311545,0.0,1.0,False,,
Gene_3965,1.9189758325966517,0.0,1.0,False,,
Gene_3966,4.443612482167673,0.0,1.0,False,,
Gene_3967,4.205844829569585,0.0,1.0,False,,
Gene_3968,3.798668472866501,0.0,1.0,False,,
Gene_3969,3.3048404303064682,2.280515172552093,1.0,True,"Progenitor1,TerminalCell_A",Progenitor1->TerminalCell_A
Gene_3970,2.2572663646417026,0.0,1.0,False,,
Gene_3971,2.477003300257668,0.0,1.0,False,,
Gene_3972,3.1723234966118956,0.0,1.0,False,,
Gene_3973,2.9646864338708383,0.0,1.0,False,,
Gene_3974,3.456070995736935,0.0,1.0,False,,
Gene_3975,3.140582420129472,0.0,1.0,False,,
Gene_3976,3.4140084180675143,0.0,1.0,False,,
Gene_3977,1.456761686908449,4.850087143190308,1.0,True,"Progenitor2,TerminalCell_B",Progenitor2->TerminalCell_B
Gene_3978,2.357662709181514,0.0,1.0,False,,
Gene_3979,1.5250832705888127,0.0,1.0,False,,
Gene_3980,1.476208401985426,4.673269084246167,1.0,True,Progenitor2,
Gene_3981,3.917854900071445,0.0,1.0,False,,
Gene_3982,4.28450692169625,0.0,1.0,False,,
Gene_3983,3.644242234707859,0.0,1.0,False,,
Gene_3984,3.1756048231376797,0.0,1.0,False,,
Gene_3985,1.091840945163368,3.906548233063212,1.0,True,TerminalCell_A,
Gene_3986,3.847083626341307,0.0,1.0,False,,
Gene_3987,1.714917663597309,0.0,1.0,False,,
Gene_3988,3.732912717318246,0.0,1.0,False,,
Gene_3989,3.7636367411181335,0.0,1.0,False,,
Gene_3990,3.498353953892915,0.0,1.0,False,,
Gene_3991,2.398398506769459,0.0,1.0,False,,
Gene_3992,1.954419978346039,0.0,1.0,False,,
Gene_3993,1.1906300910693166,0.0,1.0,False,,
Gene_3994,3.438485842205833,0.0,1.0,False,,
Gene_3995,3.0701518281564604,0.0,1.0,False,,
Gene_3996,2.0586234866248896,0.0,1.0,False,,
Gene_3997,4.401067723583656,0.0,1.0,False,,
Gene_3998,3.7922414389663754,4.883959078490316,1.0,True,"Progenitor2,TerminalCell_B",Progenitor2->TerminalCell_B
Gene_3999,2.5191051240185907,0.0,1.0,False,,
Gene_4000,3.190754508663378,0.0,1.0,False,,
Gene_4001,3.885535245145269,0.0,1.0,False,,
Gene_4002,3.5008884245630396,0.0,1.0,False,,
Gene_4003,3.9389672969085736,2.304959874586503,1.0,True,"StemCell,Progenitor2,TerminalCell_B",StemCell->Progenitor2;Progenitor2->TerminalCell_B
Gene_4004,1.6234074857212137,0.0,1.0,False,,
Gene_4005,3.792275067152967,2.5676374693986763,1.0,True,TerminalCell_A,
Gene_4006,2.24657242782115,2.299521068552467,1.0,True,TerminalCell_B,
Gene_4007,3.4581975388085655,0.0,1.0,False,,
Gene_4008,2.7064037395436005,0.0,1.0,False,,
Gene_4009,2.4430307829430027,0.0,1.0,False,,
Gene_4010,3.0244598937164255,4.12769259921333,1.0,True,"Progenitor2,TerminalCell_B",Progenitor2->TerminalCell_B
Gene_4011,4.460942713665789,4.177483463393386,1.0,True,"Progenitor1,TerminalCell_A",Progenitor1->TerminalCell_A
Gene_4012,3.6102107191716613,0.0,1.0,False,,
Gene_4013,2.963920064604562,0.0,1.0,False,,
Gene_4014,3.767584181144936,4.543459314180138,1.0,True,"StemCell,Progenitor1,TerminalCell_A",StemCell->Progenitor1;Progenitor1->TerminalCell_A
Gene_4015,2.400054416274797,0.0,1.0,False,,
Gene_4016,4.309474982528352,2.9246352915742744,1.0,True,"StemCell,Progenitor1",StemCell->Progenitor1
Gene_4017,1.833391590874232,0.0,1.0,False,,
Gene_4018,2.9278786862027655,0.0,1.0,False,,
Gene_4019,3.740501817229928,3.0462200256070386,1.0,True,TerminalCell_A,
Gene_4020,1.3891564195899666,0.0,1.0,False,,
Gene_4021,2.611985061448712,0.0,1.0,False,,
Gene_4022,1.2706026548877056,3.269394925931712,1.0,True,TerminalCell_A,
Gene_4023,4.082196340811208,0.0,1.0,False,,
Gene_4024,1.0429660207834104,0.0,1.0,False,,
Gene_4025,3.8110886415990897,0.0,1.0,False,,
Gene_4026,4.423575830297258,0.0,1.0,False,,
Gene_4027,4.12890327875314,0.0,1.0,False,,
Gene_4028,4.882524051549291,0.0,1.0,False,,
Gene_4029,3.021549754529944,0.0,1.0,False,,
Gene_4030,2.093406938670019,0.0,1.0,False,,
Gene_4031,1.8372372075184757,0.0,1.0,False,,
Gene_4032,4.726689990768061,0.0,1.0,False,,
Gene_4033,3.354901635829271,0.0,1.0,False,,
Gene_4034,4.201427309225997,0.0,1.0,False,,
Gene_4035,3.8919906059938016,3.5092938803165414,1.0,True,Progenitor2,
Gene_4036,3.5913339603065824,0.0,1.0,False,,
Gene_4037,2.91550984416503,0.0,1.0,False,,
Gene_4038,4.774391867386559,0.0,1.0,False,,
Gene_4039,4.6722969688151155,0.0,1.0,False,,
Gene_4040,4.825165506771901,0.0,1.0,False,,
Gene_4041,4.607542525065373,0.0,1.0,False,,
Gene_4042,2.014868341808687,0.0,1.0,False,,
Gene_4043,2.9230957966659163,0.0,1.0,False,,
Gene_4044,1.9642960270000582,0.0,1.0,False,,
Gene_4045,2.1491617516859347,0.0,1.0,False,,
Gene_4046,3.759190369300124,3.467055946305705,1.0,True,Progenitor2,
Gene_4047,1.448438885496425,0.0,1.0,False,,
Gene_4048,3.7317657767472463,0.0,1.0,False,,
Gene_4049,2.3609681493041137,0.0,1.0,False,,
Gene_4050,2.928504957862256,0.0,1.0,False,,
Gene_4051,3.5589577285787497,0.0,1.0,False,,
Gene_4052,2.3865881938476603,0.0,1.0,False,,
Gene_4053,1.8849696771496993,0.0,1.0,False,,
Gene_4054,2.3371596079758103,0.0,1.0,False,,
Gene_4055,4.426861652198204,0.0,1.0,False,,
Gene_4056,2.4556308590227065,0.0,1.0,False,,
Gene_4057,3.095182914971554,0.0,1.0,False,,
Gene_4058,4.625539172201178,0.0,1.0,False,,
Gene_4059,2.660763264608162,0.0,1.0,False,,
Gene_4060,1.4803285287496286,0.0,1.0,False,,
Gene_4061,1.1466698050876034,0.0,1.0,False,,
Gene_4062,1.4705274950839087,0.0,1.0,False,,
Gene_4063,2.011875000683619,0.0,1.0,False,,
Gene_4064,4.146714435745933,0.0,1.0,False,,
Gene_4065,4.3303809280855585,1.4652292011126966,1.0,True,"StemCell,Progenitor2",StemCell->Progenitor2
Gene_4066,2.874640325954121,0.0,1.0,False,,
Gene_4067,4.968199952169347,4.6910787452140195,1.0,True,"StemCell,Progenitor2",StemCell->Progenitor2
Gene_4068,4.952983158573619,0.0,1.0,False,,
Gene_4069,3.098839750727477,0.0,1.0,False,,
Gene_4070,3.2589147008482433,0.0,1.0,False,,
Gene_4071,1.9909937211176856,1.8309880251340922,1.0,True,TerminalCell_B,
Gene_4072,4.607969880123194,0.0,1.0,False,,
Gene_4073,3.891741455146906,0.0,1.0,False,,
Gene_4074,1.4900369991718416,3.50182091305602,1.0,True,TerminalCell_A,
Gene_4075,4.8395446490900405,0.0,1.0,False,,
Gene_4076,1.9577372106120765,0.0,1.0,False,,
Gene_4077,2.9122857869090306,0.0,1.0,False,,
Gene_4078,2.1196658743428247,0.0,1.0,False,,
Gene_4079,4.583986697961992,0.0,1.0,False,,
Gene_4080,1.832775794823979,1.6582950170197717,1.0,True,Progenitor1,
Gene_4081,4.094858492065376,0.0,1.0,False,,
Gene_4082,2.379065561241839,3.9488772145469655,1.0,True,TerminalCell_A,
Gene_4083,1.2173918636366388,0.0,1.0,False,,
Gene_4084,3.5445320076714832,0.0,1.0,False,,
Gene_4085,1.3784583797860632,0.0,1.0,False,,
Gene_4086,4.556062857294677,0.0,1.0,False,,
Gene_4087,3.7292064535843994,0.0,1.0,False,,
Gene_4088,2.1743537008550415,3.825794130245365,1.0,True,Progenitor1,
Gene_4089,4.742221549261104,4.278178453539864,1.0,True,"Progenitor2,TerminalCell_B",Progenitor2->TerminalCell_B
Gene_4090,4.597180414051687,4.064697333961904,1.0,True,"StemCell,Progenitor2",StemCell->Progenitor2
Gene_4091,4.1704387577131845,0.0,1.0,False,,
Gene_4092,4.1353188236674825,1.1531248016701898,1.0,True,TerminalCell_B,
Gene_4093,4.387364844376642,0.0,1.0,False,,
Gene_4094,3.050239109709381,0.0,1.0,False,,
Gene_4095,1.4561609736482746,2.6635071686153022,1.0,True,"StemCell,Progenitor2,TerminalCell_B",StemCell->Progenitor2;Progenitor2->TerminalCell_B
Gene_4096,3.124546749896766,0.0,1.0,False,,
Gene_4097,2.360692069846563,0.0,1.0,False,,
Gene_4098,4.307680209486217,0.0,1.0,False,,
Gene_4099,1.8266730870294352,0.0,1.0,False,,
Gene_4100,3.0634903902582935,0.0,1.0,False,,
Gene_4101,2.088586171604677,0.0,1.0,False,,
Gene_4102,4.717176457820246,0.0,1.0,False,,
Gene_4103,2.702604022752195,0.0,1.0,False,,
Gene_4104,1.9978906745368348,0.0,1.0,False,,
Gene_4105,1.189836585386876,1.772623262825043,1.0,True,"Progenitor1,TerminalCell_A",Progenitor1->TerminalCell_A
Gene_4106,1.414336967286645,0.0,1.0,False,,
Gene_4107,1.7131154291106188,1.2802450282205755,1.0,True,TerminalCell_A,
Gene_4108,2.1236866506190997,0.0,1.0,False,,
Gene_4109,4.437720692760442,0.0,1.0,False,,
Gene_4110,4.372338129199417,3.3393197737661784,1.0,True,Progenitor1,
Gene_4111,2.660623342184113,0.0,1.0,False,,
Gene_4112,4.3392536251703575,0.0,1.0,False,,
Gene_4113,3.809711414780735,0.0,1.0,False,,
Gene_4114,3.8189736442677393,0.0,1.0,False,,
Gene_4115,1.485468446424838,1.4709604149515703,1.0,True,Progenitor1,
Gene_4116,2.485629467493899,0.0,1.0,False,,
Gene_4117,4.275274166538432,4.457906133783265,1.0,True,TerminalCell_A,
Gene_4118,3.183039590709239,0.0,1.0,False,,
Gene_4119,3.2575535396864344,0.0,1.0,False,,
Gene_4120,3.817949871646953,0.0,1.0,False,,
Gene_4121,4.204111378490978,0.0,1.0,False,,
Gene_4122,2.9959295479811705,4.667313909998934,1.0,True,Progenitor2,
Gene_4123,3.5226832467647027,0.0,1.0,False,,
Gene_4124,2.696510827303245,2.963930166513941,1.0,True,"StemCell,Progenitor1,TerminalCell_A",StemCell->Progenitor1;Progenitor1->TerminalCell_A
Gene_4125,4.643475259612459,0.0,1.0,False,,
Gene_4126,3.2819780488261183,0.0,1.0,False,,
Gene_4127,1.4900457149396726,3.770880909192372,1.0,True,"StemCell,Progenitor2",StemCell->Progenitor2
Gene_4128,3.061059981746529,0.0,1.0,False,,
Gene_4129,1.3238086979735773,0.0,1.0,False,,
Gene_4130,3.8033429327783135,0.0,1.0,False,,
Gene_4131,1.588586369141764,0.0,1.0,False,,
Gene_4132,2.688233594323414,0.0,1.0,False,,
Gene_4133,2.9595759792343324,0.0,1.0,False,,
Gene_4134,2.5366361642983497,0.0,1.0,False,,
Gene_4135,3.002914016810431,0.0,1.0,False,,
Gene_4136,2.2616761461347443,0.0,1.0,False,,
Gene_4137,4.773730498442198,0.0,1.0,False,,
Gene_4138,3.7309166746320863,0.0,1.0,False,,
Gene_4139,1.4384461895871894,0.0,1.0,False,,
Gene_4140,1.7156146215583759,0.0,1.0,False,,
Gene_4141,3.6123101862478038,0.0,1.0,False,,
Gene_4142,1.0114086066839283,3.260525137336331,1.0,True,"Progenitor1,TerminalCell_A",Progenitor1->TerminalCell_A
Gene_4143,2.675945864091327,0.0,1.0,False,,
Gene_4144,1.8343891974430853,1.5105617156617144,1.0,True,"StemCell,Progenitor2",StemCell->Progenitor2
Gene_4145,3.964825203099234,0.0,1.0,False,,
Gene_4146,2.981894208915456,0.0,1.0,False,,
Gene_4147,1.5244217570556575,0.0,1.0,False,,
Gene_4148,2.5352678609142267,2.072583882124369,1.0,True,Progenitor2,
Gene_4149,1.681397851177346,0.0,1.0,False,,
Gene_4150,2.927995070243745,2.138406514266619,1.0,True,TerminalCell_A,
Gene_4151,4.835202233896476,3.6587898123656624,1.0,True,"StemCell,Progenitor2,TerminalCell_B",StemCell->Progenitor2;Progenitor2->TerminalCell_B
Gene_4152,3.923006201470051,0.0,1.0,False,,
Gene_4153,1.657544675595053,0.0,1.0,False,,
Gene_4154,3.8908603335414935,0.0,1.0,False,,
Gene_4155,1.2767890906265995,0.0,1.0,False,,
Gene_4156,1.6538739224187613,0.0,1.0,False,,
Gene_4157,4.171668317769594,3.3028465480822105,1.0,True,Progenitor1,
Gene_4158,2.4803085381131,0.0,1.0,False,,
Gene_4159,2.28937230184455,0.0,1.0,False,,
Gene_4160,1.0931287170572768,0.0,1.0,False,,
Gene_4161,3.457157574920291,3.5583364914386633,1.0,True,TerminalCell_A,
Gene_4162,2.9574992167952825,0.0,1.0,False,,
Gene_4163,4.903751337880756,0.0,1.0,False,,
Gene_4164,2.4670978179960574,0.0,1.0,False,,
Gene_4165,3.4483639604799845,0.0,1.0,False,,
Gene_4166,3.9856851266832574,4.560430525171222,1.0,True,"StemCell,Progenitor2",StemCell->Progenitor2
Gene_4167,2.3074945633116597,3.8679700778737023,1.0,True,TerminalCell_A,
Gene_4168,1.5080713874567584,1.1006726646192906,1.0,True,TerminalCell_A,
Gene_4169,4.74496687898662,0.0,1.0,False,,
Gene_4170,1.6998873563809123,0.0,1.0,False,,
Gene_4171,3.1938499560806317,0.0,1.0,False,,
Gene_4172,1.418808999998491,0.0,1.0,False,,
Gene_4173,1.5414516925215063,0.0,1.0,False,,
Gene_4174,4.784083372074981,0.0,1.0,False,,
Gene_4175,4.650898012635965,0.0,1.0,False,,
Gene_4176,2.5591288879949965,0.0,1.0,False,,
Gene_4177,2.104868140192614,0.0,1.0,False,,
Gene_4178,2.648284321647314,2.193933382259641,1.0,True,"Progenitor1,TerminalCell_A",Progenitor1->TerminalCell_A
Gene_4179,4.748892853627055,0.0,1.0,False,,
Gene_4180,2.645252004111927,3.7412082434318368,1.0,True,"StemCell,Progenitor1,TerminalCell_A",StemCell->Progenitor1;Progenitor1->TerminalCell_A
Gene_4181,4.47362743622841,0.0,1.0,False,,
Gene_4182,3.850331859762255,0.0,1.0,False,,
Gene_4183,4.07532350960184,4.775910691164664,1.0,True,"StemCell,Progenitor1,TerminalCell_A",StemCell->Progenitor1;Progenitor1->TerminalCell_A
Gene_4184,1.1491022529620354,0.0,1.0,False,,
Gene_4185,4.796719411674897,0.0,1.0,False,,
Gene_4186,4.602904043390206,4.535183210879785,1.0,True,TerminalCell_B,
Gene_4187,2.7207850632149855,0.0,1.0,False,,
Gene_4188,1.1317449758062543,0.0,1.0,False,,
Gene_4189,4.4986875452202355,0.0,1.0,False,,
Gene_4190,1.432221262731566,4.383957412619017,1.0,True,Progenitor2,
Gene_4191,4.685865525359254,3.0404813450111337,1.0,True,"StemCell,Progenitor2,TerminalCell_B",StemCell->Progenitor2;Progenitor2->TerminalCell_B
Gene_4192,1.3311214376858063,0.0,1.0,False,,
Gene_4193,2.7599003475145296,0.0,1.0,False,,
Gene_4194,3.5769868612707034,3.1647913616851167,1.0,True,"StemCell,Progenitor1",StemCell->Progenitor1
Gene_4195,1.5986782779337467,0.0,1.0,False,,
Gene_4196,4.121274275823394,0.0,1.0,False,,
Gene_4197,3.003193261494638,3.8758936861347513,1.0,True,TerminalCell_A,
Gene_4198,4.29830614691493,2.3069981270794098,1.0,True,Progenitor2,
Gene_4199,2.023642186790109,0.0,1.0,False,,
Gene_4200,3.0439007673809573,0.0,1.0,False,,
Gene_4201,1.1770398397203046,2.9764436304164175,1.0,True,"StemCell,Progenitor2",StemCell->Progenitor2
Gene_4202,1.650954762843134,3.8160940073654386,1.0,True,"StemCell,Progenitor2",StemCell->Progenitor2
Gene_4203,3.572520425510484,0.0,1.0,False,,
Gene_4204,2.874501273552384,0.0,1.0,False,,
Gene_4205,3.7968970700811093,1.1002620180050497,1.0,True,TerminalCell_A,
Gene_4206,3.3290272197596247,0.0,1.0,False,,
Gene_4207,4.902128323701282,0.0,1.0,False,,
Gene_4208,4.581574429672972,4.338871362521067,1.0,True,Progenitor2,
Gene_4209,3.3316938328988623,4.838604451953866,1.0,True,"Progenitor1,TerminalCell_A",Progenitor1->TerminalCell_A
Gene_4210,1.393673448937938,0.0,1.0,False,,
Gene_4211,1.3121121554907225,1.7151746192542068,1.0,True,"Progenitor2,TerminalCell_B",Progenitor2->TerminalCell_B
Gene_4212,1.446071009002103,0.0,1.0,False,,
Gene_4213,3.6358687761401107,0.0,1.0,False,,
Gene_4214,4.585255307893853,4.911434222935311,1.0,True,TerminalCell_B,
Gene_4215,4.8145960683532,0.0,1.0,False,,
Gene_4216,3.4817927930801904,0.0,1.0,False,,
Gene_4217,4.307405343997038,0.0,1.0,False,,
Gene_4218,4.537571222352699,0.0,1.0,False,,
Gene_4219,4.6090354132484705,0.0,1.0,False,,
Gene_4220,3.300459029340252,4.168393432008887,1.0,True,TerminalCell_A,
Gene_4221,4.849056540547162,0.0,1.0,False,,
Gene_4222,3.911534657799935,3.4558134235598033,1.0,True,TerminalCell_A,
Gene_4223,1.2072708504046497,0.0,1.0,False,,
Gene_4224,3.995808639378313,0.0,1.0,False,,
Gene_4225,4.580068992229083,0.0,1.0,False,,
Gene_4226,4.743038361458268,1.9488625669901576,1.0,True,"Progenitor2,TerminalCell_B",Progenitor2->TerminalCell_B
Gene_4227,4.827491074401246,0.0,1.0,False,,
Gene_4228,2.658591033020936,1.329375265981545,1.0,True,"Progenitor1,TerminalCell_A",Progenitor1->TerminalCell_A
Gene_4229,2.238489253985374,0.0,1.0,False,,
Gene_4230,2.488820820386345,2.7226879801605888,1.0,True,Progenitor2,
Gene_4231,2.644301239532072,0.0,1.0,False,,
Gene_4232,4.9170002947082985,0.0,1.0,False,,
Gene_4233,2.2929996944539393,0.0,1.0,False,,
Gene_4234,4.890170705619446,0.0,1.0,False,,
Gene_4235,1.8040249089470812,4.962015395575003,1.0,True,"Progenitor2,TerminalCell_B",Progenitor2->TerminalCell_B
Gene_4236,4.629181717157394,0.0,1.0,False,,
Gene_4237,1.87263398982848,0.0,1.0,False,,
Gene_4238,1.188034730872357,3.29103738043266,1.0,True,"Progenitor2,TerminalCell_B",Progenitor2->TerminalCell_B
Gene_4239,2.3087127869904713,1.0739474016913175,1.0,True,"StemCell,Progenitor2,TerminalCell_B",StemCell->Progenitor2;Progenitor2->TerminalCell_B
Gene_4240,1.8217866913431005,0.0,1.0,False,,
Gene_4241,4.701999780557081,1.7868082014684732,1.0,True,TerminalCell_B,
Gene_4242,3.8291288077668324,0.0,1.0,False,,
Gene_4243,4.124835513930378,3.2369961068388045,1.0,True,"Progenitor1,TerminalCell_A",Progenitor1->TerminalCell_A
Gene_4244,1.9706262660213025,0.0,1.0,False,,
Gene_4245,1.3216850558165243,0.0,1.0,False,,
Gene_4246,3.0124467638029584,2.7080341895014097,1.0,True,"StemCell,Progenitor2,TerminalCell_B",StemCell->Progenitor2;Progenitor2->TerminalCell_B
Gene_4247,4.714637357642645,0.0,1.0,False,,
Gene_4248,3.7674160385236295,0.0,1.0,False,,
Gene_4249,4.028681175178895,0.0,1.0,False,,
Gene_4250,2.7077854910836923,0.0,1.0,False,,
Gene_4251,1.6944445712835825,0.0,1.0,False,,
Gene_4252,3.3477539377682293,4.049121292303761,1.0,True,"StemCell,Progenitor2",StemCell->Progenitor2
Gene_4253,3.4257751255864175,0.0,1.0,False,,
Gene_4254,4.797304236167275,0.0,1.0,False,,
Gene_4255,2.6468915556194825,0.0,1.0,False,,
Gene_4256,2.172022166727994,2.5334011175316684,1.0,True,"Progenitor1,TerminalCell_A",Progenitor1->TerminalCell_A
Gene_4257,1.710155049489524,0.0,1.0,False,,
Gene_4258,3.776706800199961,0.0,1.0,False,,
Gene_4259,1.3639761111106403,0.0,1.0,False,,
Gene_4260,4.9911867340895295,0.0,1.0,False,,
Gene_4261,1.6401152102796601,0.0,1.0,False,,
Gene_4262,2.1079832197591504,0.0,1.0,False,,
Gene_4263,4.895910090593052,0.0,1.0,False,,
Gene_4264,3.7022494482693693,0.0,1.0,False,,
Gene_4265,1.2905233562765268,0.0,1.0,False,,
Gene_4266,3.4459064923790668,0.0,1.0,False,,
Gene_4267,4.013778848557859,0.0,1.0,False,,
Gene_4268,1.325256524114133,0.0,1.0,False,,
Gene_4269,2.181893013961868,0.0,1.0,False,,
Gene_4270,1.9549147636542634,0.0,1.0,False,,
Gene_4271,4.502208575880314,0.0,1.0,False,,
Gene_4272,2.741834286904212,4.493322164599185,1.0,True,TerminalCell_B,
Gene_4273,1.0899538012842136,3.07704844145636,1.0,True,"Progenitor2,TerminalCell_B",Progenitor2->TerminalCell_B
Gene_4274,4.382283106010622,0.0,1.0,False,,
Gene_4275,3.2660625813050137,0.0,1.0,False,,
Gene_4276,4.978081654685964,1.550904834873339,1.0,True,"Progenitor1,TerminalCell_A",Progenitor1->TerminalCell_A
Gene_4277,1.2006625388528174,1.1105125514619147,1.0,True,"StemCell,Progenitor1,TerminalCell_A",StemCell->Progenitor1;Progenitor1->TerminalCell_A
Gene_4278,3.195269052334091,0.0,1.0,False,,
Gene_4279,1.1325607245087776,0.0,1.0,False,,
Gene_4280,1.1973232461856447,0.0,1.0,False,,
Gene_4281,4.621023661453272,0.0,1.0,False,,
Gene_4282,3.4870197155837643,0.0,1.0,False,,
Gene_4283,3.3571201301267544,0.0,1.0,False,,
Gene_4284,3.5354634310732873,0.0,1.0,False,,
Gene_4285,2.837217321641984,1.8075532027002508,1.0,True,"StemCell,Progenitor1",StemCell->Progenitor1
Gene_4286,2.935217005326216,2.2068013664848767,1.0,True,"StemCell,Progenitor1,TerminalCell_A",StemCell->Progenitor1;Progenitor1->TerminalCell_A
Gene_4287,4.122800313750695,0.0,1.0,False,,
Gene_4288,4.112518267128323,0.0,1.0,False,,
Gene_4289,4.759233844612417,0.0,1.0,False,,
Gene_4290,3.753298120398944,0.0,1.0,False,,
Gene_4291,4.571204029574625,0.0,1.0,False,,
Gene_4292,4.731137106351602,0.0,1.0,False,,
Gene_4293,1.619642970696232,0.0,1.0,False,,
Gene_4294,4.337356948678011,0.0,1.0,False,,
Gene_4295,4.753200141153896,0.0,1.0,False,,
Gene_4296,4.05651198353039,0.0,1.0,False,,
Gene_4297,2.488545381262263,3.907502077278165,1.0,True,TerminalCell_B,
Gene_4298,2.2656027926142084,0.0,1.0,False,,
Gene_4299,1.8018510680146949,1.0761494873212056,1.0,True,"StemCell,Progenitor1,TerminalCell_A",StemCell->Progenitor1;Progenitor1->TerminalCell_A
Gene_4300,2.782768144173899,0.0,1.0,False,,
Gene_4301,1.1567591982250152,1.793965748007146,1.0,True,"Progenitor2,TerminalCell_B",Progenitor2->TerminalCell_B
Gene_4302,4.633317087593968,3.878173440119559,1.0,True,Progenitor2,
Gene_4303,3.987537580402646,0.0,1.0,False,,
Gene_4304,1.5489744068535782,0.0,1.0,False,,
Gene_4305,4.101473751807193,0.0,1.0,False,,
Gene_4306,4.447374455581834,0.0,1.0,False,,
Gene_4307,1.1711450492245388,3.299969674325636,1.0,True,Progenitor2,
Gene_4308,2.441969292353486,4.439203667098097,1.0,True,"Progenitor2,TerminalCell_B",Progenitor2->TerminalCell_B
Gene_4309,3.337675527435249,0.0,1.0,False,,
Gene_4310,2.0144711931629318,0.0,1.0,False,,
Gene_4311,2.6322818898909284,0.0,1.0,False,,
Gene_4312,3.9277233881333067,0.0,1.0,False,,
Gene_4313,2.6347558074616773,0.0,1.0,False,,
Gene_4314,1.188191867301129,0.0,1.0,False,,
Gene_4315,3.5171200337580824,0.0,1.0,False,,
Gene_4316,1.1074771140820627,0.0,1.0,False,,
Gene_4317,2.019474643055573,0.0,1.0,False,,
Gene_4318,3.159617909039142,0.0,1.0,False,,
Gene_4319,3.3188281966503155,0.0,1.0,False,,
Gene_4320,4.587775816124463,0.0,1.0,False,,
Gene_4321,1.2562976169317186,0.0,1.0,False,,
Gene_4322,4.719917185375422,4.708387571131777,1.0,True,"Progenitor2,TerminalCell_B",Progenitor2->TerminalCell_B
Gene_4323,4.881453211883677,0.0,1.0,False,,
Gene_4324,3.0887267307208517,3.500237316043172,1.0,True,TerminalCell_B,
Gene_4325,1.1256231364683398,3.6724263190088138,1.0,True,TerminalCell_B,
Gene_4326,4.9997810350638545,0.0,1.0,False,,
Gene_4327,3.303680171922375,0.0,1.0,False,,
Gene_4328,3.4459740580959384,0.0,1.0,False,,
Gene_4329,3.2645506079297544,0.0,1.0,False,,
Gene_4330,4.71236067643761,3.1096893580536076,1.0,True,"Progenitor2,TerminalCell_B",Progenitor2->TerminalCell_B
Gene_4331,2.5748212051107964,0.0,1.0,False,,
Gene_4332,4.012387639346796,0.0,1.0,False,,
Gene_4333,4.697419711946337,3.6386575132335075,1.0,True,Progenitor1,
Gene_4334,2.8618888202749737,0.0,1.0,False,,
Gene_4335,3.2519692933288167,0.0,1.0,False,,
Gene_4336,1.941141277595082,0.0,1.0,False,,
Gene_4337,1.7862740197182472,2.627045858698438,1.0,True,TerminalCell_B,
Gene_4338,4.047198942246357,0.0,1.0,False,,
Gene_4339,1.442732528404603,1.0850169369631084,1.0,True,"StemCell,Progenitor2,TerminalCell_B",StemCell->Progenitor2;Progenitor2->TerminalCell_B
Gene_4340,3.12597572824603,0.0,1.0,False,,
Gene_4341,4.316764965870885,1.2815684076408176,1.0,True,Progenitor2,
Gene_4342,1.0273119993063773,0.0,1.0,False,,
Gene_4343,1.841334452877983,0.0,1.0,False,,
Gene_4344,1.5116168445797107,3.7829718993387287,1.0,True,Progenitor1,
Gene_4345,1.8944806003875438,2.900972468538052,1.0,True,TerminalCell_A,
Gene_4346,3.940378830705123,0.0,1.0,False,,
Gene_4347,4.820810023662236,1.0105879461450638,1.0,True,TerminalCell_A,
Gene_4348,1.9903989980051917,0.0,1.0,False,,
Gene_4349,2.3766489616918034,2.648571147359446,1.0,True,TerminalCell_B,
Gene_4350,3.020169625493754,4.5840142387865725,1.0,True,Progenitor1,
Gene_4351,4.830097473730037,0.0,1.0,False,,
Gene_4352,3.313018562927608,0.0,1.0,False,,
Gene_4353,3.7522157299346732,0.0,1.0,False,,
Gene_4354,1.694215152166584,0.0,1.0,False,,
Gene_4355,3.4547705287434094,3.458820783406522,1.0,True,Progenitor2,
Gene_4356,2.9769164430819486,0.0,1.0,False,,
Gene_4357,1.4278961215898898,0.0,1.0,False,,
Gene_4358,2.458952984903457,4.8961121978789635,1.0,True,"Progenitor1,TerminalCell_A",Progenitor1->TerminalCell_A
Gene_4359,4.279199671099258,0.0,1.0,False,,
Gene_4360,3.9559682389345765,0.0,1.0,False,,
Gene_4361,4.219779349059061,0.0,1.0,False,,
Gene_4362,2.325094844780516,0.0,1.0,False,,
Gene_4363,3.7411729328305143,0.0,1.0,False,,
Gene_4364,2.139446541723077,0.0,1.0,False,,
Gene_4365,4.507989407597142,0.0,1.0,False,,
Gene_4366,4.43944621645031,0.0,1.0,False,,
Gene_4367,1.891906630236933,0.0,1.0,False,,
Gene_4368,3.5836365334597,2.804947172929914,1.0,True,"StemCell,Progenitor1",StemCell->Progenitor1
Gene_4369,2.2570067700323526,1.201871850895194,1.0,True,"StemCell,Progenitor2",StemCell->Progenitor2
Gene_4370,1.0514723640769894,0.0,1.0,False,,
Gene_4371,4.469597907544584,3.3360240721195416,1.0,True,"StemCell,Progenitor2",StemCell->Progenitor2
Gene_4372,4.51044561736486,0.0,1.0,False,,
Gene_4373,2.1420748780929144,0.0,1.0,False,,
Gene_4374,3.5076741044940665,0.0,1.0,False,,
Gene_4375,2.0209462991806233,0.0,1.0,False,,
Gene_4376,4.343153576780723,0.0,1.0,False,,
Gene_4377,3.974797831713009,0.0,1.0,False,,
Gene_4378,3.7997397000448125,0.0,1.0,False,,
Gene_4379,3.2961437184918836,0.0,1.0,False,,
Gene_4380,3.978600572004911,0.0,1.0,False,,
Gene_4381,3.1806440550733823,0.0,1.0,False,,
Gene_4382,1.0195250754366807,1.0201381425993437,1.0,True,"StemCell,Progenitor2",StemCell->Progenitor2
Gene_4383,3.837939345808282,0.0,1.0,False,,
Gene_4384,1.450276230925604,0.0,1.0,False,,
Gene_4385,4.350252081542841,1.081300427719662,1.0,True,"Progenitor2,TerminalCell_B",Progenitor2->TerminalCell_B
Gene_4386,2.8701524847280804,0.0,1.0,False,,
Gene_4387,1.4428530264635824,0.0,1.0,False,,
Gene_4388,3.3295922601198478,0.0,1.0,False,,
Gene_4389,1.1778301915674363,0.0,1.0,False,,
Gene_4390,1.3703045149411892,0.0,1.0,False,,
Gene_4391,3.6681442588366644,1.6040863192306967,1.0,True,TerminalCell_A,
Gene_4392,1.7688847618390615,0.0,1.0,False,,
Gene_4393,2.2599066154535374,0.0,1.0,False,,
Gene_4394,1.044526295024772,3.0751119673430005,1.0,True,TerminalCell_B,
Gene_4395,4.479860678374104,0.0,1.0,False,,
Gene_4396,1.7521815511915948,0.0,1.0,False,,
Gene_4397,1.1786082909429658,4.567510968665447,1.0,True,"StemCell,Progenitor2,TerminalCell_B",StemCell->Progenitor2;Progenitor2->TerminalCell_B
Gene_4398,2.02904671651609,0.0,1.0,False,,
Gene_4399,3.3396347355076714,0.0,1.0,False,,
Gene_4400,1.0452516621562213,0.0,1.0,False,,
Gene_4401,4.731088760174016,0.0,1.0,False,,
Gene_4402,2.018037182795613,0.0,1.0,False,,
Gene_4403,3.9090311518878487,0.0,1.0,False,,
Gene_4404,3.1781006064964865,3.033375238445241,1.0,True,"StemCell,Progenitor2,TerminalCell_B",StemCell->Progenitor2;Progenitor2->TerminalCell_B
Gene_4405,1.8464975160110435,0.0,1.0,False,,
Gene_4406,1.5847110024373343,0.0,1.0,False,,
Gene_4407,2.3662232681481323,0.0,1.0,False,,
Gene_4408,4.21390610313386,0.0,1.0,False,,
Gene_4409,2.595324447520209,0.0,1.0,False,,
Gene_4410,2.3557178198268818,2.9141425357813495,1.0,True,Progenitor2,
Gene_4411,1.6018296658122373,3.7099632276271866,1.0,True,TerminalCell_A,
Gene_4412,3.7251856109992967,0.0,1.0,False,,
Gene_4413,2.5394668255988893,2.582227505787131,1.0,True,"StemCell,Progenitor1,TerminalCell_A",StemCell->Progenitor1;Progenitor1->TerminalCell_A
Gene_4414,2.3865200168010796,0.0,1.0,False,,
Gene_4415,2.8662443406762086,0.0,1.0,False,,
Gene_4416,3.9289996019984823,0.0,1.0,False,,
Gene_4417,3.8033041773800305,0.0,1.0,False,,
Gene_4418,3.000629001380053,4.625548859799784,1.0,True,"StemCell,Progenitor2",StemCell->Progenitor2
Gene_4419,1.6149649094184566,0.0,1.0,False,,
Gene_4420,3.7025119697031923,0.0,1.0,False,,
Gene_4421,4.819180966164222,0.0,1.0,False,,
Gene_4422,2.0797192715472663,0.0,1.0,False,,
Gene_4423,1.8942633329222613,3.260037006392628,1.0,True,"Progenitor1,TerminalCell_A",Progenitor1->TerminalCell_A
Gene_4424,3.6228657094904526,0.0,1.0,False,,
Gene_4425,2.0059479494630255,3.26220482216536,1.0,True,"StemCell,Progenitor2,TerminalCell_B",StemCell->Progenitor2;Progenitor2->TerminalCell_B
Gene_4426,2.9833337002221083,0.0,1.0,False,,
Gene_4427,4.065669661033054,3.8404890788472525,1.0,True,Progenitor1,
Gene_4428,4.632476234724161,0.0,1.0,False,,
Gene_4429,4.134558556698933,0.0,1.0,False,,
Gene_4430,4.817453079954067,0.0,1.0,False,,
Gene_4431,2.5580765965013144,0.0,1.0,False,,
Gene_4432,4.369891291799047,0.0,1.0,False,,
Gene_4433,2.3884940678571382,0.0,1.0,False,,
Gene_4434,4.6975623349175635,2.8125613072426656,1.0,True,TerminalCell_B,
Gene_4435,3.7463925022498943,0.0,1.0,False,,
Gene_4436,1.2824070946154502,0.0,1.0,False,,
Gene_4437,4.324344908458652,0.0,1.0,False,,
Gene_4438,1.1364624426600658,0.0,1.0,False,,
Gene_4439,1.1997510085902565,1.781504805025063,1.0,True,Progenitor2,
Gene_4440,1.6615022388825715,4.787562533332094,1.0,True,"StemCell,Progenitor2",StemCell->Progenitor2
Gene_4441,1.8330524216826745,0.0,1.0,False,,
Gene_4442,1.8613507200448134,0.0,1.0,False,,
Gene_4443,4.850019604341979,0.0,1.0,False,,
Gene_4444,4.017215803925899,0.0,1.0,False,,
Gene_4445,4.208291924229929,0.0,1.0,False,,
Gene_4446,4.420086592950939,0.0,1.0,False,,
Gene_4447,4.041568418712714,0.0,1.0,False,,
Gene_4448,1.9437779429776083,0.0,1.0,False,,
Gene_4449,2.5922970515640538,0.0,1.0,False,,
Gene_4450,4.563675425726973,0.0,1.0,False,,
Gene_4451,4.369205291439322,0.0,1.0,False,,
Gene_4452,2.354377320096704,0.0,1.0,False,,
Gene_4453,4.8209284643172206,0.0,1.0,False,,
Gene_4454,4.677054085426165,0.0,1.0,False,,
Gene_4455,3.675937142441378,1.066458865563685,1.0,True,Progenitor2,
Gene_4456,2.142877007002626,0.0,1.0,False,,
Gene_4457,1.0881865726955962,0.0,1.0,False,,
Gene_4458,4.644581274849633,0.0,1.0,False,,
Gene_4459,1.9635125624454512,0.0,1.0,False,,
Gene_4460,3.9045486258097997,0.0,1.0,False,,
Gene_4461,3.675233987955272,0.0,1.0,False,,
Gene_4462,1.546150708809189,0.0,1.0,False,,
Gene_4463,3.230355339225675,0.0,1.0,False,,
Gene_4464,2.21225759541419,0.0,1.0,False,,
Gene_4465,3.7778766657566285,0.0,1.0,False,,
Gene_4466,1.6451974787887536,3.0864962664157742,1.0,True,TerminalCell_B,
Gene_4467,2.222059325518256,0.0,1.0,False,,
Gene_4468,3.5186546865627992,0.0,1.0,False,,
Gene_4469,2.678374228305677,0.0,1.0,False,,
Gene_4470,1.9546024434041342,2.8346252880145966,1.0,True,Progenitor2,
Gene_4471,2.8450185482291723,4.221602195240828,1.0,True,"StemCell,Progenitor2,TerminalCell_B",StemCell->Progenitor2;Progenitor2->TerminalCell_B
Gene_4472,4.230841138134396,0.0,1.0,False,,
Gene_4473,4.366058774390641,0.0,1.0,False,,
Gene_4474,1.6769707064934516,3.3837262628270754,1.0,True,TerminalCell_B,
Gene_4475,2.7997057656064657,3.50384366465344,1.0,True,"StemCell,Progenitor1",StemCell->Progenitor1
Gene_4476,3.7206928810707285,0.0,1.0,False,,
Gene_4477,2.5480915230359815,0.0,1.0,False,,
Gene_4478,2.466488853542701,2.059351267575743,1.0,True,"StemCell,Progenitor1,TerminalCell_A",StemCell->Progenitor1;Progenitor1->TerminalCell_A
Gene_4479,4.086853017766672,0.0,1.0,False,,
Gene_4480,3.4599749624834253,4.802588951827221,1.0,True,TerminalCell_B,
Gene_4481,4.115338191024948,0.0,1.0,False,,
Gene_4482,3.122200190161838,0.0,1.0,False,,
Gene_4483,2.3932451063319022,0.0,1.0,False,,
Gene_4484,4.344633331819673,0.0,1.0,False,,
Gene_4485,2.007057678308941,0.0,1.0,False,,
Gene_4486,2.0485055001721078,0.0,1.0,False,,
Gene_4487,3.064276918986135,0.0,1.0,False,,
Gene_4488,2.4039856927625287,0.0,1.0,False,,
Gene_4489,4.37578177226448,0.0,1.0,False,,
Gene_4490,4.373959605000075,0.0,1.0,False,,
Gene_4491,1.8599894495123523,1.9360346967027477,1.0,True,"Progenitor2,TerminalCell_B",Progenitor2->TerminalCell_B
Gene_4492,1.5123472463947145,0.0,1.0,False,,
Gene_4493,1.8333342973255502,3.2029820237410096,1.0,True,TerminalCell_B,
Gene_4494,3.86176544149963,1.8810209290541189,1.0,True,Progenitor1,
Gene_4495,2.914137791116617,0.0,1.0,False,,
Gene_4496,4.504067508479478,2.231326177170697,1.0,True,"Progenitor1,TerminalCell_A",Progenitor1->TerminalCell_A
Gene_4497,2.7964543445189634,0.0,1.0,False,,
Gene_4498,4.9472233493624245,0.0,1.0,False,,
Gene_4499,3.1275425622792676,2.4021373462080318,1.0,True,"StemCell,Progenitor2",StemCell->Progenitor2
Gene_4500,1.6598667212242062,0.0,1.0,False,,
Gene_4501,3.149382972060946,3.2947548266117734,1.0,True,"StemCell,Progenitor2,TerminalCell_B",StemCell->Progenitor2;Progenitor2->TerminalCell_B
Gene_4502,3.8054876926215995,0.0,1.0,False,,
Gene_4503,2.5795777632368173,0.0,1.0,False,,
Gene_4504,3.4175395290584487,1.4517665570806972,1.0,True,Progenitor1,
Gene_4505,4.358424718121919,2.870243569170164,1.0,True,"StemCell,Progenitor2,TerminalCell_B",StemCell->Progenitor2;Progenitor2->TerminalCell_B
Gene_4506,1.724106152288932,0.0,1.0,False,,
Gene_4507,2.4622819006937475,0.0,1.0,False,,
Gene_4508,4.566308333338229,0.0,1.0,False,,
Gene_4509,2.0292946927532935,0.0,1.0,False,,
Gene_4510,4.105422774754521,0.0,1.0,False,,
Gene_4511,4.984965341427112,0.0,1.0,False,,
Gene_4512,1.3273063583098454,0.0,1.0,False,,
Gene_4513,3.963969210296384,0.0,1.0,False,,
Gene_4514,3.6410532249115786,0.0,1.0,False,,
Gene_4515,1.3834961111826156,0.0,1.0,False,,
Gene_4516,2.544065344486561,0.0,1.0,False,,
Gene_4517,1.475168322587952,2.581968596247405,1.0,True,Progenitor2,
Gene_4518,1.7155181392467864,0.0,1.0,False,,
Gene_4519,4.4420532847190195,4.062020280800026,1.0,True,Progenitor2,
Gene_4520,4.514384081002329,0.0,1.0,False,,
Gene_4521,4.36701956652284,0.0,1.0,False,,
Gene_4522,2.761375619254751,0.0,1.0,False,,
Gene_4523,3.789673856360139,0.0,1.0,False,,
Gene_4524,4.910485900702305,0.0,1.0,False,,
Gene_4525,3.2212041693554503,3.691679320637738,1.0,True,Progenitor2,
Gene_4526,1.2679510560114786,4.005045794446806,1.0,True,"StemCell,Progenitor1",StemCell->Progenitor1
Gene_4527,2.8014772466646627,0.0,1.0,False,,
Gene_4528,2.3923261786851,0.0,1.0,False,,
Gene_4529,1.451051354084699,0.0,1.0,False,,
Gene_4530,1.0882978031896955,0.0,1.0,False,,
Gene_4531,1.7584010054752306,0.0,1.0,False,,
Gene_4532,1.7719498268698022,0.0,1.0,False,,
Gene_4533,3.1353549701443373,0.0,1.0,False,,
Gene_4534,3.7528749926838105,0.0,1.0,False,,
Gene_4535,3.4474341908474475,3.742646397220547,1.0,True,Progenitor1,
Gene_4536,4.776682213005538,0.0,1.0,False,,
Gene_4537,3.052633421564024,2.3952347833802192,1.0,True,TerminalCell_B,
Gene_4538,2.7114393806931947,0.0,1.0,False,,
Gene_4539,2.3592565281407127,0.0,1.0,False,,
Gene_4540,3.601030645374371,0.0,1.0,False,,
Gene_4541,3.8371635392109082,0.0,1.0,False,,
Gene_4542,1.4135970078042583,0.0,1.0,False,,
Gene_4543,4.076175913485024,0.0,1.0,False,,
Gene_4544,2.7066706515074763,0.0,1.0,False,,
Gene_4545,4.607645525044928,0.0,1.0,False,,
Gene_4546,3.787022665336063,0.0,1.0,False,,
Gene_4547,1.5287196698449854,0.0,1.0,False,,
Gene_4548,3.274864030042887,0.0,1.0,False,,
Gene_4549,2.5752521323504824,0.0,1.0,False,,
Gene_4550,2.1816037912919106,0.0,1.0,False,,
Gene_4551,4.725762045659888,0.0,1.0,False,,
Gene_4552,3.5921496908360755,2.993800009022606,1.0,True,TerminalCell_A,
Gene_4553,2.9359415986368647,0.0,1.0,False,,
Gene_4554,1.6994454354425779,0.0,1.0,False,,
Gene_4555,2.5021338634146497,0.0,1.0,False,,
Gene_4556,2.2942819575928852,0.0,1.0,False,,
Gene_4557,1.2412335691157077,0.0,1.0,False,,
Gene_4558,1.203741553350282,0.0,1.0,False,,
Gene_4559,3.060670078404298,2.031902341452648,1.0,True,"StemCell,Progenitor1,TerminalCell_A",StemCell->Progenitor1;Progenitor1->TerminalCell_A
Gene_4560,3.117663568692952,0.0,1.0,False,,
Gene_4561,4.609221649365777,0.0,1.0,False,,
Gene_4562,3.172990530119309,0.0,1.0,False,,
Gene_4563,2.0335069027825567,0.0,1.0,False,,
Gene_4564,1.442538933257214,2.890714369579071,1.0,True,"Progenitor2,TerminalCell_B",Progenitor2->TerminalCell_B
Gene_4565,4.099035051960671,0.0,1.0,False,,
Gene_4566,2.0834701164167893,0.0,1.0,False,,
Gene_4567,1.594212822143708,0.0,1.0,False,,
Gene_4568,1.1302864630673821,0.0,1.0,False,,
Gene_4569,3.4787549714727546,0.0,1.0,False,,
Gene_4570,3.7312078551006995,0.0,1.0,False,,
Gene_4571,2.9565572495382955,1.4010639572341672,1.0,True,TerminalCell_B,
Gene_4572,4.280024948000987,0.0,1.0,False,,
Gene_4573,2.4139681984109367,0.0,1.0,False,,
Gene_4574,3.817714213383028,0.0,1.0,False,,
Gene_4575,1.8593492819024013,0.0,1.0,False,,
Gene_4576,1.1402913094470972,2.7620592016249774,1.0,True,Progenitor1,
Gene_4577,3.8544028441591194,0.0,1.0,False,,
Gene_4578,4.121180381382101,0.0,1.0,False,,
Gene_4579,4.001158052972825,0.0,1.0,False,,
Gene_4580,3.3006975817525688,3.9258921046026494,1.0,True,TerminalCell_B,
Gene_4581,2.098937976350218,0.0,1.0,False,,
Gene_4582,3.0900504436619483,0.0,1.0,False,,
Gene_4583,4.814450823428537,0.0,1.0,False,,
Gene_4584,4.722298562720189,0.0,1.0,False,,
Gene_4585,2.815479929035632,0.0,1.0,False,,
Gene_4586,4.261790862792756,0.0,1.0,False,,
Gene_4587,1.985477323023943,1.2296971396881293,1.0,True,"StemCell,Progenitor2",StemCell->Progenitor2
Gene_4588,2.8641052503418614,0.0,1.0,False,,
Gene_4589,3.515789802501798,2.015105999783859,1.0,True,TerminalCell_A,
Gene_4590,3.348785461306956,0.0,1.0,False,,
Gene_4591,3.830699078658523,0.0,1.0,False,,
Gene_4592,4.158056636262387,0.0,1.0,False,,
Gene_4593,1.3262891612205925,0.0,1.0,False,,
Gene_4594,2.6778282806528986,0.0,1.0,False,,
Gene_4595,1.1394763893727067,0.0,1.0,False,,
Gene_4596,1.5347272955838593,0.0,1.0,False,,
Gene_4597,1.2125480544583271,0.0,1.0,False,,
Gene_4598,1.6721197922888469,0.0,1.0,False,,
Gene_4599,3.9611732550511625,0.0,1.0,False,,
Gene_4600,3.1231703783760194,0.0,1.0,False,,
Gene_4601,1.2751957415629542,0.0,1.0,False,,
Gene_4602,2.3291215342562634,0.0,1.0,False,,
Gene_4603,4.939562366173625,2.1209666639939955,1.0,True,"StemCell,Progenitor2",StemCell->Progenitor2
Gene_4604,1.926535536973804,0.0,1.0,False,,
Gene_4605,1.9301450795245563,0.0,1.0,False,,
Gene_4606,2.0333482263062854,0.0,1.0,False,,
Gene_4607,1.366593051397146,0.0,1.0,False,,
Gene_4608,4.1993306128694226,0.0,1.0,False,,
Gene_4609,1.4668330383990411,0.0,1.0,False,,
Gene_4610,2.0534661553290383,0.0,1.0,False,,
Gene_4611,1.6321626040701092,0.0,1.0,False,,
Gene_4612,4.881513155392316,0.0,1.0,False,,
Gene_4613,2.4590299900696917,4.767587477347778,1.0,True,"StemCell,Progenitor1",StemCell->Progenitor1
Gene_4614,3.9217741621416056,2.257347824812182,1.0,True,TerminalCell_B,
Gene_4615,1.401731314530727,0.0,1.0,False,,
Gene_4616,4.164222714371405,0.0,1.0,False,,
Gene_4617,4.579839882589477,0.0,1.0,False,,
Gene_4618,2.84191321398995,0.0,1.0,False,,
Gene_4619,4.576687164356606,0.0,1.0,False,,
Gene_4620,4.948821273685084,3.309815699884671,1.0,True,Progenitor2,
Gene_4621,3.1852976315570287,0.0,1.0,False,,
Gene_4622,3.0354174431276295,2.544394479938635,1.0,True,"Progenitor2,TerminalCell_B",Progenitor2->TerminalCell_B
Gene_4623,2.386701172200434,0.0,1.0,False,,
Gene_4624,2.399133645846836,0.0,1.0,False,,
Gene_4625,4.452454555302065,4.1711286992028835,1.0,True,TerminalCell_A,
Gene_4626,2.8610441431466813,3.795518222084477,1.0,True,"Progenitor1,TerminalCell_A",Progenitor1->TerminalCell_A
Gene_4627,3.0148400659550245,0.0,1.0,False,,
Gene_4628,4.116322128973998,0.0,1.0,False,,
Gene_4629,3.9335463158127077,0.0,1.0,False,,
Gene_4630,4.183196351707327,0.0,1.0,False,,
Gene_4631,4.138209001115884,0.0,1.0,False,,
Gene_4632,3.4340927713123706,1.3293475032050104,1.0,True,TerminalCell_B,
Gene_4633,3.3941182075537193,0.0,1.0,False,,
Gene_4634,3.9013002260600618,0.0,1.0,False,,
Gene_4635,4.218937268166345,1.7241340933923284,1.0,True,Progenitor1,
Gene_4636,3.2933868120910748,0.0,1.0,False,,
Gene_4637,4.595141959790386,0.0,1.0,False,,
Gene_4638,2.3193512645501295,0.0,1.0,False,,
Gene_4639,1.1590648346035546,0.0,1.0,False,,
Gene_4640,4.7628256838739125,2.4000130778917406,1.0,True,"Progenitor1,TerminalCell_A",Progenitor1->TerminalCell_A
Gene_4641,2.9582057518823994,0.0,1.0,False,,
Gene_4642,1.5705428532572974,3.3789259737043027,1.0,True,"StemCell,Progenitor2,TerminalCell_B",StemCell->Progenitor2;Progenitor2->TerminalCell_B
Gene_4643,1.5862425314866062,0.0,1.0,False,,
Gene_4644,3.5518190444926363,0.0,1.0,False,,
Gene_4645,2.452388252566066,0.0,1.0,False,,
Gene_4646,3.045856173410227,0.0,1.0,False,,
Gene_4647,1.3133253009176622,0.0,1.0,False,,
Gene_4648,1.1479736037598762,0.0,1.0,False,,
Gene_4649,2.2563727151736024,0.0,1.0,False,,
Gene_4650,4.076133975465541,0.0,1.0,False,,
Gene_4651,4.958763344567846,3.381275086388693,1.0,True,"StemCell,Progenitor2",StemCell->Progenitor2
Gene_4652,3.789946315525899,1.965339930857215,1.0,True,TerminalCell_A,
Gene_4653,4.335273535788968,1.2362776911031443,1.0,True,Progenitor2,
Gene_4654,2.72485919618189,0.0,1.0,False,,
Gene_4655,4.360434555525445,0.0,1.0,False,,
Gene_4656,1.7238434859304035,0.0,1.0,False,,
Gene_4657,2.967048819256375,0.0,1.0,False,,
Gene_4658,3.284846059564992,0.0,1.0,False,,
Gene_4659,2.205516475275728,1.1947084063228468,1.0,True,"StemCell,Progenitor2,TerminalCell_B",StemCell->Progenitor2;Progenitor2->TerminalCell_B
Gene_4660,4.69873629020125,0.0,1.0,False,,
Gene_4661,4.793814447662001,0.0,1.0,False,,
Gene_4662,2.1975409045753995,0.0,1.0,False,,
Gene_4663,3.618096287262307,0.0,1.0,False,,
Gene_4664,2.5223086645716415,0.0,1.0,False,,
Gene_4665,1.5095835705415355,0.0,1.0,False,,
Gene_4666,4.601232653523429,0.0,1.0,False,,
Gene_4667,2.220882048815989,0.0,1.0,False,,
Gene_4668,3.0628696053312656,0.0,1.0,False,,
Gene_4669,4.784518171361281,0.0,1.0,False,,
Gene_4670,3.3677547882942003,0.0,1.0,False,,
Gene_4671,1.2159789303447979,0.0,1.0,False,,
Gene_4672,3.9681759970608064,4.762372175483902,1.0,True,"Progenitor1,TerminalCell_A",Progenitor1->TerminalCell_A
Gene_4673,2.159888023830604,0.0,1.0,False,,
Gene_4674,3.945854199636914,0.0,1.0,False,,
Gene_4675,4.47953827552824,0.0,1.0,False,,
Gene_4676,2.7277007135107696,0.0,1.0,False,,
Gene_4677,3.2910054732573184,0.0,1.0,False,,
Gene_4678,3.7080532100039303,3.4738859536731392,1.0,True,TerminalCell_B,
Gene_4679,3.479169962155115,1.1942725333766928,1.0,True,TerminalCell_B,
Gene_4680,3.823884878472548,0.0,1.0,False,,
Gene_4681,4.055195023212807,2.6588068452058864,1.0,True,TerminalCell_B,
Gene_4682,3.7257135961647774,0.0,1.0,False,,
Gene_4683,2.659597527913907,4.403122146084732,1.0,True,"StemCell,Progenitor1",StemCell->Progenitor1
Gene_4684,3.1394063893169495,0.0,1.0,False,,
Gene_4685,3.6955768151922763,0.0,1.0,False,,
Gene_4686,3.3700255658184077,0.0,1.0,False,,
Gene_4687,2.847312631501735,0.0,1.0,False,,
Gene_4688,4.921076575517861,3.105141272053411,1.0,True,"StemCell,Progenitor1,TerminalCell_A",StemCell->Progenitor1;Progenitor1->TerminalCell_A
Gene_4689,3.6734958315569775,0.0,1.0,False,,
Gene_4690,1.1823606762015464,0.0,1.0,False,,
Gene_4691,3.1317073634336707,0.0,1.0,False,,
Gene_4692,1.5318679664339157,0.0,1.0,False,,
Gene_4693,1.060824762235205,0.0,1.0,False,,
Gene_4694,2.2377955258428783,4.809646865828709,1.0,True,"StemCell,Progenitor2,TerminalCell_B",StemCell->Progenitor2;Progenitor2->TerminalCell_B
Gene_4695,2.7760686440338045,0.0,1.0,False,,
Gene_4696,4.634276738449227,0.0,1.0,False,,
Gene_4697,2.7563865311151186,2.092985727179863,1.0,True,TerminalCell_B,
Gene_4698,1.2269422090052946,0.0,1.0,False,,
Gene_4699,4.472875535209034,3.0962431371345827,1.0,True,Progenitor2,
Gene_4700,1.6258131505369136,0.0,1.0,False,,
Gene_4701,3.9589891578051204,0.0,1.0,False,,
Gene_4702,3.8167500369972336,0.0,1.0,False,,
Gene_4703,4.699377027677606,0.0,1.0,False,,
Gene_4704,2.9829409981504686,0.0,1.0,False,,
Gene_4705,1.5863016532134764,0.0,1.0,False,,
Gene_4706,2.0217095934952276,0.0,1.0,False,,
Gene_4707,1.256811631114842,0.0,1.0,False,,
Gene_4708,2.654060094053984,0.0,1.0,False,,
Gene_4709,2.1288666273123327,0.0,1.0,False,,
Gene_4710,1.163867858538675,0.0,1.0,False,,
Gene_4711,3.679138595256151,0.0,1.0,False,,
Gene_4712,3.298055601933178,4.031374145407963,1.0,True,"StemCell,Progenitor2,TerminalCell_B",StemCell->Progenitor2;Progenitor2->TerminalCell_B
Gene_4713,2.2710159778176178,4.225552772573728,1.0,True,"StemCell,Progenitor1,TerminalCell_A",StemCell->Progenitor1;Progenitor1->TerminalCell_A
Gene_4714,1.7367570721178298,0.0,1.0,False,,
Gene_4715,3.4977023289347895,0.0,1.0,False,,
Gene_4716,1.5707815492351709,0.0,1.0,False,,
Gene_4717,2.7099609361487054,0.0,1.0,False,,
Gene_4718,1.8065167391777943,0.0,1.0,False,,
Gene_4719,1.7618911475159504,0.0,1.0,False,,
Gene_4720,3.3704521084021057,0.0,1.0,False,,
Gene_4721,1.9110031083605454,2.1144934856235875,1.0,True,Progenitor2,
Gene_4722,3.5074841568833466,0.0,1.0,False,,
Gene_4723,3.1387484865076503,0.0,1.0,False,,
Gene_4724,3.5938261382653782,0.0,1.0,False,,
Gene_4725,4.020165903982465,0.0,1.0,False,,
Gene_4726,3.8515690923534067,0.0,1.0,False,,
Gene_4727,2.542459886336973,1.5891020458758356,1.0,True,"StemCell,Progenitor1",StemCell->Progenitor1
Gene_4728,4.791337720604476,0.0,1.0,False,,
Gene_4729,1.4992137136815047,2.4121724039160775,1.0,True,TerminalCell_B,
Gene_4730,3.9089898383801067,0.0,1.0,False,,
Gene_4731,3.2581083813510907,0.0,1.0,False,,
Gene_4732,1.0543928943323184,0.0,1.0,False,,
Gene_4733,2.339815806392482,0.0,1.0,False,,
Gene_4734,2.0136598205536913,0.0,1.0,False,,
Gene_4735,3.270845203751428,0.0,1.0,False,,
Gene_4736,2.2737672646768328,0.0,1.0,False,,
Gene_4737,4.813794277069915,0.0,1.0,False,,
Gene_4738,3.6505892343135704,3.4610112663420374,1.0,True,Progenitor1,
Gene_4739,3.573326360929072,0.0,1.0,False,,
Gene_4740,2.0425169505195053,3.9101603901061903,1.0,True,"Progenitor2,TerminalCell_B",Progenitor2->TerminalCell_B
Gene_4741,4.28963623224012,0.0,1.0,False,,
Gene_4742,3.4526934616059917,0.0,1.0,False,,
Gene_4743,4.260625482253254,0.0,1.0,False,,
Gene_4744,2.901066998043966,0.0,1.0,False,,
Gene_4745,3.4956990949385136,0.0,1.0,False,,
Gene_4746,4.498804390217991,0.0,1.0,False,,
Gene_4747,1.5541314728095008,0.0,1.0,False,,
Gene_4748,2.25006874814156,0.0,1.0,False,,
Gene_4749,3.6212719168311445,0.0,1.0,False,,
Gene_4750,1.631919112036503,0.0,1.0,False,,
Gene_4751,1.6096847885038734,0.0,1.0,False,,
Gene_4752,3.2135884027462263,0.0,1.0,False,,
Gene_4753,1.4145048477491815,0.0,1.0,False,,
Gene_4754,2.553773628403533,0.0,1.0,False,,
Gene_4755,2.6566746455591908,0.0,1.0,False,,
Gene_4756,3.3435169852413216,0.0,1.0,False,,
Gene_4757,4.965977586830562,4.297310427391218,1.0,True,TerminalCell_A,
Gene_4758,3.947150147555718,0.0,1.0,False,,
Gene_4759,2.1345113082747478,4.045392406645739,1.0,True,"StemCell,Progenitor1,TerminalCell_A",StemCell->Progenitor1;Progenitor1->TerminalCell_A
Gene_4760,3.655082537408613,0.0,1.0,False,,
Gene_4761,4.980790540275177,0.0,1.0,False,,
Gene_4762,4.2514307539727945,4.061796612811092,1.0,True,"StemCell,Progenitor1,TerminalCell_A",StemCell->Progenitor1;Progenitor1->TerminalCell_A
Gene_4763,2.7109788078040835,0.0,1.0,False,,
Gene_4764,2.061534130623961,0.0,1.0,False,,
Gene_4765,1.6615992943354172,0.0,1.0,False,,
Gene_4766,4.075876996843403,0.0,1.0,False,,
Gene_4767,1.3024966913225429,3.8537441996841992,1.0,True,"Progenitor2,TerminalCell_B",Progenitor2->TerminalCell_B
Gene_4768,3.3329618339740645,0.0,1.0,False,,
Gene_4769,3.8919023271957807,0.0,1.0,False,,
Gene_4770,2.6710675202545193,0.0,1.0,False,,
Gene_4771,4.652502452806005,0.0,1.0,False,,
Gene_4772,3.0657211510947384,0.0,1.0,False,,
Gene_4773,2.373085554557138,0.0,1.0,False,,
Gene_4774,1.0064311576590765,4.974505938816554,1.0,True,TerminalCell_A,
Gene_4775,4.9379590341864725,2.932781455724398,1.0,True,TerminalCell_B,
Gene_4776,3.8052135203714554,0.0,1.0,False,,
Gene_4777,4.380554587395622,0.0,1.0,False,,
Gene_4778,3.545849738855123,0.0,1.0,False,,
Gene_4779,4.536536108250827,0.0,1.0,False,,
Gene_4780,4.596470090999272,0.0,1.0,False,,
Gene_4781,1.0540184145939278,0.0,1.0,False,,
Gene_4782,2.6568222219570203,1.3109623642553707,1.0,True,TerminalCell_A,
Gene_4783,4.181995846277532,4.653019100433408,1.0,True,TerminalCell_B,
Gene_4784,3.3778751917038496,0.0,1.0,False,,
Gene_4785,4.950202592877686,0.0,1.0,False,,
Gene_4786,4.797384577344918,0.0,1.0,False,,
Gene_4787,2.6691431659882596,0.0,1.0,False,,
Gene_4788,4.902047865447323,0.0,1.0,False,,
Gene_4789,4.244707882538926,0.0,1.0,False,,
Gene_4790,3.67810834720098,2.1104956044125864,1.0,True,TerminalCell_B,
Gene_4791,2.7020887047490647,0.0,1.0,False,,
Gene_4792,4.878664841651467,0.0,1.0,False,,
Gene_4793,4.2014329295996085,0.0,1.0,False,,
Gene_4794,4.409699165735407,0.0,1.0,False,,
Gene_4795,2.997867759951515,0.0,1.0,False,,
Gene_4796,1.4895028226376281,0.0,1.0,False,,
Gene_4797,2.91560340884551,0.0,1.0,False,,
Gene_4798,2.5211642123158713,0.0,1.0,False,,
Gene_4799,3.3290497272085005,1.4459346840136527,1.0,True,"StemCell,Progenitor1,TerminalCell_A",StemCell->Progenitor1;Progenitor1->TerminalCell_A
Gene_4800,4.321478554760915,4.055677382811708,1.0,True,"StemCell,Progenitor2",StemCell->Progenitor2
Gene_4801,2.0933504710811697,0.0,1.0,False,,
Gene_4802,3.3692757816975547,0.0,1.0,False,,
Gene_4803,1.8992524213615947,0.0,1.0,False,,
Gene_4804,3.462025553942648,0.0,1.0,False,,
Gene_4805,3.6781802069284915,0.0,1.0,False,,
Gene_4806,2.339641376500177,4.418980361658772,1.0,True,TerminalCell_B,
Gene_4807,1.4684755700946717,4.592279079675054,1.0,True,TerminalCell_B,
Gene_4808,3.117344003362484,0.0,1.0,False,,
Gene_4809,2.6356826269174944,0.0,1.0,False,,
Gene_4810,2.8855570839785196,0.0,1.0,False,,
Gene_4811,3.9573921392885856,0.0,1.0,False,,
Gene_4812,1.823775905456821,0.0,1.0,False,,
Gene_4813,1.4238830412185557,1.412178701826468,1.0,True,"StemCell,Progenitor1,TerminalCell_A",StemCell->Progenitor1;Progenitor1->TerminalCell_A
Gene_4814,3.7724173596074233,0.0,1.0,False,,
Gene_4815,4.0055488368805605,0.0,1.0,False,,
Gene_4816,2.4016771943130824,0.0,1.0,False,,
Gene_4817,3.806010821152924,0.0,1.0,False,,
Gene_4818,1.5322241288996792,0.0,1.0,False,,
Gene_4819,1.5280954797692372,2.7860641918868323,1.0,True,"StemCell,Progenitor2",StemCell->Progenitor2
Gene_4820,3.35335737967211,0.0,1.0,False,,
Gene_4821,2.5366898696677964,0.0,1.0,False,,
Gene_4822,3.121591591616264,0.0,1.0,False,,
Gene_4823,3.3930463958564796,0.0,1.0,False,,
Gene_4824,2.0046640313324584,1.8370728328115797,1.0,True,"StemCell,Progenitor2",StemCell->Progenitor2
Gene_4825,4.032424806848645,0.0,1.0,False,,
Gene_4826,2.2940655847590965,0.0,1.0,False,,
Gene_4827,3.347823278684674,0.0,1.0,False,,
Gene_4828,4.54272606952078,0.0,1.0,False,,
Gene_4829,2.8182411123190927,0.0,1.0,False,,
Gene_4830,3.754116760264166,4.66357150935926,1.0,True,Progenitor1,
Gene_4831,4.509576959243848,2.8195884727132237,1.0,True,TerminalCell_B,
Gene_4832,2.6029916150766645,0.0,1.0,False,,
Gene_4833,4.2204748794037386,0.0,1.0,False,,
Gene_4834,2.7948931420274126,0.0,1.0,False,,
Gene_4835,2.9112299259174828,0.0,1.0,False,,
Gene_4836,3.59497443948296,0.0,1.0,False,,
Gene_4837,3.2892795525115655,0.0,1.0,False,,
Gene_4838,1.3727232216401153,3.919518874370727,1.0,True,"StemCell,Progenitor1,TerminalCell_A",StemCell->Progenitor1;Progenitor1->TerminalCell_A
Gene_4839,1.315006049249111,0.0,1.0,False,,
Gene_4840,2.624606400780871,0.0,1.0,False,,
Gene_4841,2.710713384059041,0.0,1.0,False,,
Gene_4842,3.332249330811695,3.414459374210854,1.0,True,"StemCell,Progenitor2",StemCell->Progenitor2
Gene_4843,4.1229680539301325,0.0,1.0,False,,
Gene_4844,4.7305370175365,0.0,1.0,False,,
Gene_4845,3.962351508093767,3.705535752885391,1.0,True,Progenitor1,
Gene_4846,1.9097100111960912,0.0,1.0,False,,
Gene_4847,2.2790271174154384,0.0,1.0,False,,
Gene_4848,2.353795285606705,1.8970086998167033,1.0,True,Progenitor1,
Gene_4849,3.6806135277550918,0.0,1.0,False,,
Gene_4850,1.1001724143146068,0.0,1.0,False,,
Gene_4851,1.298185023128156,0.0,1.0,False,,
Gene_4852,3.5711060619678614,1.0098037861300377,1.0,True,TerminalCell_A,
Gene_4853,4.246360450130015,0.0,1.0,False,,
Gene_4854,1.4339563774771316,0.0,1.0,False,,
Gene_4855,4.8370983410188195,0.0,1.0,False,,
Gene_4856,2.388774867706708,0.0,1.0,False,,
Gene_4857,4.474472966944372,0.0,1.0,False,,
Gene_4858,3.819434863729806,1.904603188093104,1.0,True,TerminalCell_A,
Gene_4859,3.624174950378074,0.0,1.0,False,,
Gene_4860,3.1045655431367227,0.0,1.0,False,,
Gene_4861,1.0851353515348205,0.0,1.0,False,,
Gene_4862,4.402602420122566,0.0,1.0,False,,
Gene_4863,1.3316052533592373,4.917283920948735,1.0,True,"StemCell,Progenitor1,TerminalCell_A",StemCell->Progenitor1;Progenitor1->TerminalCell_A
Gene_4864,2.336820068533948,4.394101629881723,1.0,True,TerminalCell_B,
Gene_4865,1.831211980087963,0.0,1.0,False,,
Gene_4866,3.057213803104267,0.0,1.0,False,,
Gene_4867,4.78270355083667,0.0,1.0,False,,
Gene_4868,1.132333761187522,3.0717933134619693,1.0,True,"StemCell,Progenitor1,TerminalCell_A",StemCell->Progenitor1;Progenitor1->TerminalCell_A
Gene_4869,4.641341656946029,0.0,1.0,False,,
Gene_4870,1.1874226077449297,0.0,1.0,False,,
Gene_4871,1.0932270159174546,0.0,1.0,False,,
Gene_4872,1.1781019159619222,0.0,1.0,False,,
Gene_4873,3.0017726268968907,0.0,1.0,False,,
Gene_4874,4.569225707398611,0.0,1.0,False,,
Gene_4875,3.104027619207892,0.0,1.0,False,,
Gene_4876,4.281255464973597,0.0,1.0,False,,
Gene_4877,4.142078869663456,0.0,1.0,False,,
Gene_4878,2.644883816941387,0.0,1.0,False,,
Gene_4879,1.4458125802014918,0.0,1.0,False,,
Gene_4880,1.9180238716259623,0.0,1.0,False,,
Gene_4881,2.7743640989505347,0.0,1.0,False,,
Gene_4882,4.623953461679825,0.0,1.0,False,,
Gene_4883,1.9011962074346527,0.0,1.0,False,,
Gene_4884,1.8491669396396033,0.0,1.0,False,,
Gene_4885,1.3839559320514918,0.0,1.0,False,,
Gene_4886,4.714515336296542,0.0,1.0,False,,
Gene_4887,3.9901248698283536,0.0,1.0,False,,
Gene_4888,2.5315643521986058,0.0,1.0,False,,
Gene_4889,1.5931095995485065,0.0,1.0,False,,
Gene_4890,2.4811547381263597,0.0,1.0,False,,
Gene_4891,4.289387377503241,0.0,1.0,False,,
Gene_4892,3.718044642424732,0.0,1.0,False,,
Gene_4893,1.1237734194724265,0.0,1.0,False,,
Gene_4894,2.189495507207103,3.832990214251351,1.0,True,TerminalCell_A,
Gene_4895,1.344567593326528,0.0,1.0,False,,
Gene_4896,2.417289817846093,0.0,1.0,False,,
Gene_4897,2.066568502055665,0.0,1.0,False,,
Gene_4898,4.375706024320506,0.0,1.0,False,,
Gene_4899,4.529530428495404,0.0,1.0,False,,
Gene_4900,4.9138490408304865,0.0,1.0,False,,
Gene_4901,2.025567259630533,1.3670769956096032,1.0,True,TerminalCell_B,
Gene_4902,2.1971516440842835,0.0,1.0,False,,
Gene_4903,1.069950624523746,0.0,1.0,False,,
Gene_4904,3.8863880204008208,4.629900479599188,1.0,True,"StemCell,Progenitor2,TerminalCell_B",StemCell->Progenitor2;Progenitor2->TerminalCell_B
Gene_4905,1.3876731812781955,0.0,1.0,False,,
Gene_4906,1.9668623509415069,0.0,1.0,False,,
Gene_4907,4.3321944716607055,0.0,1.0,False,,
Gene_4908,2.195144635708135,0.0,1.0,False,,
Gene_4909,2.1079474141675068,0.0,1.0,False,,
Gene_4910,1.7322030407106634,0.0,1.0,False,,
Gene_4911,4.564099227459385,0.0,1.0,False,,
Gene_4912,4.961608221876936,1.1701200925289315,1.0,True,TerminalCell_A,
Gene_4913,1.4923805502801613,0.0,1.0,False,,
Gene_4914,1.5642975318391827,0.0,1.0,False,,
Gene_4915,2.7587785156724025,0.0,1.0,False,,
Gene_4916,4.243316261442395,4.981392674282509,1.0,True,"StemCell,Progenitor1",StemCell->Progenitor1
Gene_4917,1.4933076179585263,3.0096585037497885,1.0,True,Progenitor1,
Gene_4918,3.423851697732989,0.0,1.0,False,,
Gene_4919,1.0897519238056175,4.182986799712783,1.0,True,"StemCell,Progenitor2,TerminalCell_B",StemCell->Progenitor2;Progenitor2->TerminalCell_B
Gene_4920,2.9190663260404155,4.0517873311506545,1.0,True,TerminalCell_A,
Gene_4921,3.771632949260079,0.0,1.0,False,,
Gene_4922,2.3230875787190604,0.0,1.0,False,,
Gene_4923,1.7818598738460736,2.4222112017524253,1.0,True,"StemCell,Progenitor2,TerminalCell_B",StemCell->Progenitor2;Progenitor2->TerminalCell_B
Gene_4924,2.920199544506229,2.0676944946835736,1.0,True,"Progenitor1,TerminalCell_A",Progenitor1->TerminalCell_A
Gene_4925,3.1979029419771825,0.0,1.0,False,,
Gene_4926,1.691023746275334,0.0,1.0,False,,
Gene_4927,3.326825518263032,0.0,1.0,False,,
Gene_4928,3.346447529034768,1.2697150530711228,1.0,True,"StemCell,Progenitor2",StemCell->Progenitor2
Gene_4929,4.2182395388495735,0.0,1.0,False,,
Gene_4930,2.3756870654916034,0.0,1.0,False,,
Gene_4931,3.652118996012459,2.664787161041383,1.0,True,Progenitor2,
Gene_4932,3.6885145685989973,0.0,1.0,False,,
Gene_4933,2.2705327895115808,0.0,1.0,False,,
Gene_4934,4.494488365614016,0.0,1.0,False,,
Gene_4935,2.2011461092440876,0.0,1.0,False,,
Gene_4936,3.040445366372526,0.0,1.0,False,,
Gene_4937,2.0231443402998215,0.0,1.0,False,,
Gene_4938,1.650791025788636,0.0,1.0,False,,
Gene_4939,3.6519737533932632,4.3250194606906,1.0,True,Progenitor1,
Gene_4940,4.259572469185218,3.873669661326624,1.0,True,Progenitor1,
Gene_4941,3.181979974736708,0.0,1.0,False,,
Gene_4942,2.3176385593874955,0.0,1.0,False,,
Gene_4943,4.859005565213833,0.0,1.0,False,,
Gene_4944,3.8446409030608564,4.064020463038322,1.0,True,TerminalCell_A,
Gene_4945,1.9688924591816122,4.4663752848380724,1.0,True,TerminalCell_A,
Gene_4946,4.398197865268438,0.0,1.0,False,,
Gene_4947,4.913661631728994,2.4931242164192766,1.0,True,"StemCell,Progenitor1,TerminalCell_A",StemCell->Progenitor1;Progenitor1->TerminalCell_A
Gene_4948,3.83773279051354,0.0,1.0,False,,
Gene_4949,2.123490762180494,0.0,1.0,False,,
Gene_4950,3.9953496844885796,0.0,1.0,False,,
Gene_4951,3.432567396390648,0.0,1.0,False,,
Gene_4952,1.263240565708022,3.0796032310768764,1.0,True,TerminalCell_A,
Gene_4953,3.488267050537755,0.0,1.0,False,,
Gene_4954,3.2297248497903337,0.0,1.0,False,,
Gene_4955,4.184199694092952,4.811933601441397,1.0,True,TerminalCell_B,
Gene_4956,4.12306673514445,2.712760244964925,1.0,True,"StemCell,Progenitor2,TerminalCell_B",StemCell->Progenitor2;Progenitor2->TerminalCell_B
Gene_4957,2.752956998198918,0.0,1.0,False,,
Gene_4958,3.259573323081928,0.0,1.0,False,,
Gene_4959,3.354465608306432,0.0,1.0,False,,
Gene_4960,4.891502656317925,0.0,1.0,False,,
Gene_4961,2.5039112956882597,0.0,1.0,False,,
Gene_4962,4.291554328249925,0.0,1.0,False,,
Gene_4963,2.3752600822915246,0.0,1.0,False,,
Gene_4964,4.182158027151836,0.0,1.0,False,,
Gene_4965,1.8109430225117529,0.0,1.0,False,,
Gene_4966,3.3387200694623265,0.0,1.0,False,,
Gene_4967,4.531243711727789,0.0,1.0,False,,
Gene_4968,4.832641828237395,0.0,1.0,False,,
Gene_4969,2.851024146724336,0.0,1.0,False,,
Gene_4970,3.362282443852109,0.0,1.0,False,,
Gene_4971,4.847485865749757,0.0,1.0,False,,
Gene_4972,3.459772216208785,1.5977365066834937,1.0,True,Progenitor1,
Gene_4973,3.302472604029245,1.695442595845995,1.0,True,Progenitor1,
Gene_4974,2.205265736127383,0.0,1.0,False,,
Gene_4975,2.4564463896717075,0.0,1.0,False,,
Gene_4976,4.185464483022555,0.0,1.0,False,,
Gene_4977,4.177788781165532,4.577304935533197,1.0,True,"StemCell,Progenitor1",StemCell->Progenitor1
Gene_4978,2.790954759513043,0.0,1.0,False,,
Gene_4979,1.9784153716000512,0.0,1.0,False,,
Gene_4980,1.0573397046809654,0.0,1.0,False,,
Gene_4981,4.212186876090062,4.7687537819110855,1.0,True,"Progenitor2,TerminalCell_B",Progenitor2->TerminalCell_B
Gene_4982,4.964972602283006,0.0,1.0,False,,
Gene_4983,3.7224980270625307,0.0,1.0,False,,
Gene_4984,3.0225998911399663,0.0,1.0,False,,
Gene_4985,1.0475680454482132,0.0,1.0,False,,
Gene_4986,2.4030817589879168,0.0,1.0,False,,
Gene_4987,4.2054588761316705,3.306029246971544,1.0,True,"Progenitor1,TerminalCell_A",Progenitor1->TerminalCell_A
Gene_4988,3.1298053216372876,0.0,1.0,False,,
Gene_4989,3.129764384140411,0.0,1.0,False,,
Gene_4990,4.60259164449383,0.0,1.0,False,,
Gene_4991,1.586294900672057,0.0,1.0,False,,
Gene_4992,2.9897948489877697,3.0995302531687114,1.0,True,TerminalCell_A,
Gene_4993,1.7354875047218492,0.0,1.0,False,,
Gene_4994,2.340594305284562,0.0,1.0,False,,
Gene_4995,2.071220045735493,0.0,1.0,False,,
Gene_4996,4.943572662275404,0.0,1.0,False,,
Gene_4997,2.859687530203476,0.0,1.0,False,,
Gene_4998,1.455864446203437,0.0,1.0,False,,
Gene_4999,2.0312020595398175,0.0,1.0,False,,
Gene_5000,2.567612991141583,0.0,1.0,False,,
Gene_5001,2.5737995082364318,0.0,1.0,False,,
Gene_5002,3.01003441766789,0.0,1.0,False,,
Gene_5003,3.4571380873141355,0.0,1.0,False,,
Gene_5004,1.6133342558190509,1.3876626745702594,1.0,True,TerminalCell_B,
Gene_5005,4.638197015919252,0.0,1.0,False,,
Gene_5006,2.474314490301407,0.0,1.0,False,,
Gene_5007,4.18776698312814,0.0,1.0,False,,
Gene_5008,4.045398224567251,4.853551243974271,1.0,True,Progenitor1,
Gene_5009,1.001709957354957,4.5077536893140016,1.0,True,TerminalCell_B,
Gene_5010,2.3314490564471804,0.0,1.0,False,,
Gene_5011,1.0301309711087865,0.0,1.0,False,,
Gene_5012,4.878202832710496,0.0,1.0,False,,
Gene_5013,4.153957338451524,0.0,1.0,False,,
Gene_5014,2.5145791148250733,4.2460637520981965,1.0,True,"StemCell,Progenitor2,TerminalCell_B",StemCell->Progenitor2;Progenitor2->TerminalCell_B
Gene_5015,1.0039876417464417,0.0,1.0,False,,
Gene_5016,4.968602277102715,0.0,1.0,False,,
Gene_5017,3.417393312894727,0.0,1.0,False,,
Gene_5018,2.0573797350472764,0.0,1.0,False,,
Gene_5019,2.020656531398719,4.523227739006457,1.0,True,TerminalCell_B,
Gene_5020,3.9356250787795686,3.3885543755931224,1.0,True,"StemCell,Progenitor2,TerminalCell_B",StemCell->Progenitor2;Progenitor2->TerminalCell_B
Gene_5021,1.2645998454935499,0.0,1.0,False,,
Gene_5022,3.096908509706825,0.0,1.0,False,,
Gene_5023,4.582764941152085,0.0,1.0,False,,
Gene_5024,3.9993183766930636,0.0,1.0,False,,
Gene_5025,2.467711381425152,0.0,1.0,False,,
Gene_5026,3.654128278487132,0.0,1.0,False,,
Gene_5027,4.03141782567978,0.0,1.0,False,,
Gene_5028,4.018056168797878,1.9839864161620828,1.0,True,"StemCell,Progenitor1",StemCell->Progenitor1
Gene_5029,4.696379377957063,0.0,1.0,False,,
Gene_5030,1.9675876699807295,0.0,1.0,False,,
Gene_5031,4.7240439477040415,4.299971538989466,1.0,True,"StemCell,Progenitor1",StemCell->Progenitor1
Gene_5032,1.6763657759412842,3.331968932092351,1.0,True,"StemCell,Progenitor1",StemCell->Progenitor1
Gene_5033,3.047876807724415,0.0,1.0,False,,
Gene_5034,1.5561361713985256,4.8617397723856834,1.0,True,"Progenitor2,TerminalCell_B",Progenitor2->TerminalCell_B
Gene_5035,3.3078933001958633,0.0,1.0,False,,
Gene_5036,4.878434173702514,0.0,1.0,False,,
Gene_5037,1.2841224746688549,0.0,1.0,False,,
Gene_5038,2.0919761575024984,0.0,1.0,False,,
Gene_5039,2.1123476200666373,0.0,1.0,False,,
Gene_5040,2.9916516817713688,4.28546789141409,1.0,True,TerminalCell_B,
Gene_5041,4.853408980607073,0.0,1.0,False,,
Gene_5042,1.9919365949843875,0.0,1.0,False,,
Gene_5043,2.0841018385374976,0.0,1.0,False,,
Gene_5044,1.3907788113680977,0.0,1.0,False,,
Gene_5045,1.2491004129009458,0.0,1.0,False,,
Gene_5046,2.8118734449941845,0.0,1.0,False,,
Gene_5047,3.156321087654579,0.0,1.0,False,,
Gene_5048,4.3608445924336365,2.3133980528329183,1.0,True,Progenitor1,
Gene_5049,4.919357898970604,0.0,1.0,False,,
Gene_5050,4.002926044315476,1.8176715079030297,1.0,True,Progenitor1,
Gene_5051,3.9880860506463014,0.0,1.0,False,,
Gene_5052,1.1769992795088324,0.0,1.0,False,,
Gene_5053,2.3893004311610877,4.891132217940301,1.0,True,"StemCell,Progenitor2",StemCell->Progenitor2
Gene_5054,2.3320343792661666,0.0,1.0,False,,
Gene_5055,2.733532664938322,0.0,1.0,False,,
Gene_5056,2.822208786498205,0.0,1.0,False,,
Gene_5057,2.571562181397386,0.0,1.0,False,,
Gene_5058,3.7433666644436956,4.362959880200142,1.0,True,TerminalCell_A,
Gene_5059,3.2273460590858094,0.0,1.0,False,,
Gene_5060,1.6817980289499461,4.274888782444673,1.0,True,TerminalCell_B,
Gene_5061,4.641080185341363,0.0,1.0,False,,
Gene_5062,4.925841695758977,0.0,1.0,False,,
Gene_5063,2.7595254887047265,2.0810447805005525,1.0,True,Progenitor2,
Gene_5064,4.182160787784475,0.0,1.0,False,,
Gene_5065,4.068049562533783,0.0,1.0,False,,
Gene_5066,4.24091533297501,1.4544460668952581,1.0,True,"StemCell,Progenitor2,TerminalCell_B",StemCell->Progenitor2;Progenitor2->TerminalCell_B
Gene_5067,2.0242018604462504,0.0,1.0,False,,
Gene_5068,3.0447487551232055,0.0,1.0,False,,
Gene_5069,1.5048857986701263,0.0,1.0,False,,
Gene_5070,2.739908646094376,0.0,1.0,False,,
Gene_5071,2.504012865986418,0.0,1.0,False,,
Gene_5072,3.63714231850834,0.0,1.0,False,,
Gene_5073,4.601172028783669,0.0,1.0,False,,
Gene_5074,1.9738620566244962,0.0,1.0,False,,
Gene_5075,3.9509009538928996,0.0,1.0,False,,
Gene_5076,3.1801458568934518,0.0,1.0,False,,
Gene_5077,4.705750351386181,0.0,1.0,False,,
Gene_5078,3.9036750193501537,0.0,1.0,False,,
Gene_5079,3.6437370708972243,0.0,1.0,False,,
Gene_5080,4.860383585460742,0.0,1.0,False,,
Gene_5081,4.880766243720306,0.0,1.0,False,,
Gene_5082,2.8102731201777695,0.0,1.0,False,,
Gene_5083,3.3202934397323745,0.0,1.0,False,,
Gene_5084,4.131845110178292,0.0,1.0,False,,
Gene_5085,1.9504709589023577,0.0,1.0,False,,
Gene_5086,3.462143905839874,0.0,1.0,False,,
Gene_5087,1.9395556466595512,0.0,1.0,False,,
Gene_5088,4.288186077817329,0.0,1.0,False,,
Gene_5089,2.9621166795242906,0.0,1.0,False,,
Gene_5090,3.533328230545523,0.0,1.0,False,,
Gene_5091,4.867939260606387,0.0,1.0,False,,
Gene_5092,3.403612789072965,0.0,1.0,False,,
Gene_5093,2.047601244007035,0.0,1.0,False,,
Gene_5094,3.019513305767285,0.0,1.0,False,,
Gene_5095,1.9383539474516,0.0,1.0,False,,
Gene_5096,4.768296897499123,0.0,1.0,False,,
Gene_5097,1.2825407017196024,1.3078858573291168,1.0,True,"StemCell,Progenitor2,TerminalCell_B",StemCell->Progenitor2;Progenitor2->TerminalCell_B
Gene_5098,2.3800555059496915,1.8434301544369238,1.0,True,TerminalCell_B,
Gene_5099,1.4148184591474844,0.0,1.0,False,,
Gene_5100,1.723294641091488,0.0,1.0,False,,
Gene_5101,1.2094286258729219,0.0,1.0,False,,
Gene_5102,4.369281498041284,0.0,1.0,False,,
Gene_5103,3.373895477450084,0.0,1.0,False,,
Gene_5104,3.584483630235519,0.0,1.0,False,,
Gene_5105,4.684445162911953,4.386470759148033,1.0,True,"Progenitor1,TerminalCell_A",Progenitor1->TerminalCell_A
Gene_5106,3.966901943392987,3.4952123954865506,1.0,True,Progenitor1,
Gene_5107,2.0718180018001644,0.0,1.0,False,,
Gene_5108,4.7018816105931345,3.072412593253821,1.0,True,Progenitor1,
Gene_5109,3.6926860120277576,0.0,1.0,False,,
Gene_5110,4.712359295348117,0.0,1.0,False,,
Gene_5111,4.990429285713555,0.0,1.0,False,,
Gene_5112,3.923514262325609,1.036246769878613,1.0,True,TerminalCell_B,
Gene_5113,4.381611300086319,0.0,1.0,False,,
Gene_5114,2.4496414865613816,0.0,1.0,False,,
Gene_5115,3.2138769729615286,0.0,1.0,False,,
Gene_5116,3.5651577349319905,0.0,1.0,False,,
Gene_5117,3.362115577350186,0.0,1.0,False,,
Gene_5118,3.456390466495335,0.0,1.0,False,,
Gene_5119,1.7315252979843794,0.0,1.0,False,,
Gene_5120,2.0476417303047487,0.0,1.0,False,,
Gene_5121,1.2529739016387662,0.0,1.0,False,,
Gene_5122,2.4903402027800063,0.0,1.0,False,,
Gene_5123,3.0931356292061682,0.0,1.0,False,,
Gene_5124,4.795524121301184,0.0,1.0,False,,
Gene_5125,1.9906897944282815,0.0,1.0,False,,
Gene_5126,2.757554634388883,0.0,1.0,False,,
Gene_5127,2.204270238025145,0.0,1.0,False,,
Gene_5128,4.827915908074654,0.0,1.0,False,,
Gene_5129,4.987390114310564,0.0,1.0,False,,
Gene_5130,3.543396530522663,0.0,1.0,False,,
Gene_5131,2.97695952897386,4.4773601832255085,1.0,True,"StemCell,Progenitor2",StemCell->Progenitor2
Gene_5132,4.486677287816846,0.0,1.0,False,,
Gene_5133,3.8353605127795922,0.0,1.0,False,,
Gene_5134,4.333485117465296,3.050846646662745,1.0,True,Progenitor1,
Gene_5135,2.5918131443826438,3.8002957265613277,1.0,True,"Progenitor1,TerminalCell_A",Progenitor1->TerminalCell_A
Gene_5136,4.084840963916056,0.0,1.0,False,,
Gene_5137,4.649709653985967,0.0,1.0,False,,
Gene_5138,4.390910396689089,0.0,1.0,False,,
Gene_5139,3.558938091937095,0.0,1.0,False,,
Gene_5140,4.136617740380265,4.972201715997988,1.0,True,TerminalCell_B,
Gene_5141,2.0288150434532453,0.0,1.0,False,,
Gene_5142,4.618766868184929,0.0,1.0,False,,
Gene_5143,1.7795743410915645,0.0,1.0,False,,
Gene_5144,2.5989540581888373,0.0,1.0,False,,
Gene_5145,4.289874194446037,2.397181053695964,1.0,True,Progenitor2,
Gene_5146,2.6962921665860216,0.0,1.0,False,,
Gene_5147,2.4272250228722485,1.6418158545829122,1.0,True,"Progenitor2,TerminalCell_B",Progenitor2->TerminalCell_B
Gene_5148,2.648771675790686,0.0,1.0,False,,
Gene_5149,1.5034778960043091,0.0,1.0,False,,
Gene_5150,1.1613559750866829,0.0,1.0,False,,
Gene_5151,2.541728836915942,4.517664133741849,1.0,True,TerminalCell_B,
Gene_5152,1.8935192306471245,4.627397847852073,1.0,True,"StemCell,Progenitor1",StemCell->Progenitor1
Gene_5153,3.1074276517006534,0.0,1.0,False,,
Gene_5154,2.545589716397979,1.9120717016675042,1.0,True,"StemCell,Progenitor2,TerminalCell_B",StemCell->Progenitor2;Progenitor2->TerminalCell_B
Gene_5155,1.7362710335004956,0.0,1.0,False,,
Gene_5156,4.99972517365773,0.0,1.0,False,,
Gene_5157,3.216695774222466,2.8334349606641602,1.0,True,"Progenitor1,TerminalCell_A",Progenitor1->TerminalCell_A
Gene_5158,2.1843437095189864,0.0,1.0,False,,
Gene_5159,1.224465699685663,0.0,1.0,False,,
Gene_5160,3.990305810846314,0.0,1.0,False,,
Gene_5161,3.54441975778269,3.666494170520973,1.0,True,TerminalCell_B,
Gene_5162,1.8221086361953311,0.0,1.0,False,,
Gene_5163,4.220220709574287,0.0,1.0,False,,
Gene_5164,4.46203259822788,0.0,1.0,False,,
Gene_5165,4.99259654492398,4.865451774212321,1.0,True,"Progenitor1,TerminalCell_A",Progenitor1->TerminalCell_A
Gene_5166,2.766609375722985,0.0,1.0,False,,
Gene_5167,4.612639059726663,0.0,1.0,False,,
Gene_5168,1.7429282381471194,0.0,1.0,False,,
Gene_5169,3.1481753967197577,0.0,1.0,False,,
Gene_5170,1.8612346508703275,0.0,1.0,False,,
Gene_5171,3.7563785483540135,1.483446187788609,1.0,True,"StemCell,Progenitor1,TerminalCell_A",StemCell->Progenitor1;Progenitor1->TerminalCell_A
Gene_5172,2.0860395236914626,0.0,1.0,False,,
Gene_5173,2.042620175316054,0.0,1.0,False,,
Gene_5174,4.259037436852648,3.042595262506482,1.0,True,Progenitor1,
Gene_5175,3.774733284445618,3.8342677692775244,1.0,True,"Progenitor1,TerminalCell_A",Progenitor1->TerminalCell_A
Gene_5176,2.4170585302442067,0.0,1.0,False,,
Gene_5177,4.310295527033228,0.0,1.0,False,,
Gene_5178,1.7013499563746244,0.0,1.0,False,,
Gene_5179,4.162726553174611,4.053247879009579,1.0,True,TerminalCell_B,
Gene_5180,4.437818119746932,0.0,1.0,False,,
Gene_5181,2.820707233735912,0.0,1.0,False,,
Gene_5182,3.7797947229009745,0.0,1.0,False,,
Gene_5183,2.466244874512335,0.0,1.0,False,,
Gene_5184,4.334938877885831,0.0,1.0,False,,
Gene_5185,2.2629906907217348,0.0,1.0,False,,
Gene_5186,1.2717161625569458,0.0,1.0,False,,
Gene_5187,3.0476573004241096,0.0,1.0,False,,
Gene_5188,3.027061505743176,0.0,1.0,False,,
Gene_5189,3.4130137338451516,3.0836718697460364,1.0,True,Progenitor2,
Gene_5190,4.624746984604081,1.6027746213005245,1.0,True,"StemCell,Progenitor1,TerminalCell_A",StemCell->Progenitor1;Progenitor1->TerminalCell_A
Gene_5191,4.784289554269348,0.0,1.0,False,,
Gene_5192,4.285723588203304,0.0,1.0,False,,
Gene_5193,1.3103980528369985,4.218683864844544,1.0,True,TerminalCell_A,
Gene_5194,4.742274709367464,0.0,1.0,False,,
Gene_5195,2.520835522222148,1.1016119319140985,1.0,True,"StemCell,Progenitor2",StemCell->Progenitor2
Gene_5196,4.555151744970663,0.0,1.0,False,,
Gene_5197,4.694008734675716,0.0,1.0,False,,
Gene_5198,3.174896978045236,0.0,1.0,False,,
Gene_5199,2.5903634922012007,0.0,1.0,False,,
Gene_5200,4.1014195606452715,0.0,1.0,False,,
Gene_5201,2.586344081977574,0.0,1.0,False,,
Gene_5202,3.819747902074678,0.0,1.0,False,,
Gene_5203,4.323984217149636,3.4092037233509984,1.0,True,"StemCell,Progenitor1,TerminalCell_A",StemCell->Progenitor1;Progenitor1->TerminalCell_A
Gene_5204,1.7962289706411525,3.234752402040557,1.0,True,TerminalCell_A,
Gene_5205,4.655162617417046,3.9619352839294764,1.0,True,Progenitor2,
Gene_5206,4.0199518479096685,2.679588592129846,1.0,True,TerminalCell_A,
Gene_5207,1.6139602572584328,2.7589862884305187,1.0,True,Progenitor2,
Gene_5208,3.8487943808660274,0.0,1.0,False,,
Gene_5209,4.14223868858466,3.206647987681209,1.0,True,"Progenitor2,TerminalCell_B",Progenitor2->TerminalCell_B
Gene_5210,4.527983172846592,0.0,1.0,False,,
Gene_5211,1.1613805112237858,2.5822980122267944,1.0,True,"StemCell,Progenitor2,TerminalCell_B",StemCell->Progenitor2;Progenitor2->TerminalCell_B
Gene_5212,4.816100956647833,0.0,1.0,False,,
Gene_5213,4.224016176785686,1.3667529061135117,1.0,True,TerminalCell_B,
Gene_5214,3.7104083517725646,0.0,1.0,False,,
Gene_5215,2.7440592249400435,0.0,1.0,False,,
Gene_5216,3.4560559201916923,3.4009595348321295,1.0,True,TerminalCell_A,
Gene_5217,1.5055288706031384,0.0,1.0,False,,
Gene_5218,4.078017658575739,3.510867689585962,1.0,True,"StemCell,Progenitor2",StemCell->Progenitor2
Gene_5219,1.7698674178157856,0.0,1.0,False,,
Gene_5220,2.4617325652508004,2.1538078163050454,1.0,True,Progenitor1,
Gene_5221,4.8669488843363835,4.667648919636497,1.0,True,TerminalCell_B,
Gene_5222,2.0943280956068273,0.0,1.0,False,,
Gene_5223,1.3303669505973672,0.0,1.0,False,,
Gene_5224,4.626649290562169,0.0,1.0,False,,
Gene_5225,2.1371990716144214,0.0,1.0,False,,
Gene_5226,3.6345741518469543,0.0,1.0,False,,
Gene_5227,4.282502933569208,0.0,1.0,False,,
Gene_5228,3.5961603361166556,0.0,1.0,False,,
Gene_5229,1.127113308088433,0.0,1.0,False,,
Gene_5230,2.2526923468471343,0.0,1.0,False,,
Gene_5231,1.4466251261145344,2.0031340843636998,1.0,True,"Progenitor1,TerminalCell_A",Progenitor1->TerminalCell_A
Gene_5232,3.7581866147343237,0.0,1.0,False,,
Gene_5233,3.268514443920792,0.0,1.0,False,,
Gene_5234,3.0899209659529165,1.370818246047806,1.0,True,Progenitor1,
Gene_5235,2.8496824328941908,0.0,1.0,False,,
Gene_5236,1.3503478554079473,0.0,1.0,False,,
Gene_5237,4.098869330670935,0.0,1.0,False,,
Gene_5238,4.739491654097069,0.0,1.0,False,,
Gene_5239,3.381483425188529,0.0,1.0,False,,
Gene_5240,1.8367806017651547,0.0,1.0,False,,
Gene_5241,4.473675193417725,0.0,1.0,False,,
Gene_5242,4.234536254531383,0.0,1.0,False,,
Gene_5243,2.5107593657021265,0.0,1.0,False,,
Gene_5244,1.9748479408565212,0.0,1.0,False,,
Gene_5245,3.4223166379526573,0.0,1.0,False,,
Gene_5246,3.6008711777684077,0.0,1.0,False,,
Gene_5247,4.876495158532107,0.0,1.0,False,,
Gene_5248,1.5787395927858339,0.0,1.0,False,,
Gene_5249,2.1458355026519937,0.0,1.0,False,,
Gene_5250,1.7714944262533132,0.0,1.0,False,,
Gene_5251,4.274650047102935,0.0,1.0,False,,
Gene_5252,2.7756847412461436,0.0,1.0,False,,
Gene_5253,3.3325394183631247,0.0,1.0,False,,
Gene_5254,1.9820340188159085,0.0,1.0,False,,
Gene_5255,2.3275605892712785,0.0,1.0,False,,
Gene_5256,4.6003356985901735,4.519588286636015,1.0,True,Progenitor1,
Gene_5257,4.550800501409576,0.0,1.0,False,,
Gene_5258,4.1827281864812935,0.0,1.0,False,,
Gene_5259,2.625847091400458,1.2138160713012889,1.0,True,"StemCell,Progenitor2",StemCell->Progenitor2
Gene_5260,3.33511815833349,0.0,1.0,False,,
Gene_5261,1.6614965187593889,0.0,1.0,False,,
Gene_5262,3.8793225219176533,4.791141539797307,1.0,True,"Progenitor1,TerminalCell_A",Progenitor1->TerminalCell_A
Gene_5263,1.9847488389425725,0.0,1.0,False,,
Gene_5264,4.5176833154842875,0.0,1.0,False,,
Gene_5265,4.435421551372531,0.0,1.0,False,,
Gene_5266,1.737670171155147,1.349350055904266,1.0,True,"StemCell,Progenitor1",StemCell->Progenitor1
Gene_5267,1.1241960743257224,0.0,1.0,False,,
Gene_5268,2.104430944491112,0.0,1.0,False,,
Gene_5269,2.6832918287478895,0.0,1.0,False,,
Gene_5270,4.6657252427239655,0.0,1.0,False,,
Gene_5271,1.3405653644744464,0.0,1.0,False,,
Gene_5272,1.064685938508851,0.0,1.0,False,,
Gene_5273,4.40226795739021,0.0,1.0,False,,
Gene_5274,2.3534148609967995,3.7853595123265493,1.0,True,"Progenitor1,TerminalCell_A",Progenitor1->TerminalCell_A
Gene_5275,1.7842146975134017,2.73465405920021,1.0,True,Progenitor1,
Gene_5276,2.2685981718123545,0.0,1.0,False,,
Gene_5277,2.1454046053790643,2.4768626655039316,1.0,True,TerminalCell_A,
Gene_5278,2.937215303892388,0.0,1.0,False,,
Gene_5279,2.8137306023021837,0.0,1.0,False,,
Gene_5280,3.5845861193613455,2.4593991187614614,1.0,True,"StemCell,Progenitor1",StemCell->Progenitor1
Gene_5281,4.238640101333887,0.0,1.0,False,,
Gene_5282,1.9325604424159404,0.0,1.0,False,,
Gene_5283,3.0092053806920127,0.0,1.0,False,,
Gene_5284,1.3849611177208159,2.5342242701559,1.0,True,Progenitor2,
Gene_5285,2.7659427334252604,0.0,1.0,False,,
Gene_5286,1.3904615023084923,4.905317242214817,1.0,True,TerminalCell_A,
Gene_5287,1.7077815653198565,0.0,1.0,False,,
Gene_5288,2.4587477076347914,2.1388470569550715,1.0,True,TerminalCell_A,
Gene_5289,2.8096027450750882,0.0,1.0,False,,
Gene_5290,1.4975982519787019,0.0,1.0,False,,
Gene_5291,2.2357642278221515,0.0,1.0,False,,
Gene_5292,3.743401462340708,0.0,1.0,False,,
Gene_5293,2.655363215914655,3.9959950954983294,1.0,True,Progenitor2,
Gene_5294,2.3863643121890337,0.0,1.0,False,,
Gene_5295,3.7106081422794053,1.6879037881912864,1.0,True,"Progenitor1,TerminalCell_A",Progenitor1->TerminalCell_A
Gene_5296,3.2624721211652656,0.0,1.0,False,,
Gene_5297,4.177926558872906,0.0,1.0,False,,
Gene_5298,1.1263359146156757,0.0,1.0,False,,
Gene_5299,3.8508682949302577,0.0,1.0,False,,
Gene_5300,3.7290484352686915,4.114931129055174,1.0,True,TerminalCell_A,
Gene_5301,3.581221819157544,0.0,1.0,False,,
Gene_5302,2.235780729002361,2.4702567693370563,1.0,True,TerminalCell_B,
Gene_5303,1.2582482773514019,0.0,1.0,False,,
Gene_5304,3.0516545748962445,0.0,1.0,False,,
Gene_5305,1.2492746318945551,4.723608766576297,1.0,True,"StemCell,Progenitor2,TerminalCell_B",StemCell->Progenitor2;Progenitor2->TerminalCell_B
Gene_5306,3.5687643714945496,0.0,1.0,False,,
Gene_5307,2.3150118827230894,0.0,1.0,False,,
Gene_5308,2.412293974203177,0.0,1.0,False,,
Gene_5309,4.412189369219517,2.58856269166838,1.0,True,TerminalCell_A,
Gene_5310,1.404975594012761,4.885989427365896,1.0,True,"StemCell,Progenitor1",StemCell->Progenitor1
Gene_5311,4.330531000652854,3.080479965031856,1.0,True,TerminalCell_A,
Gene_5312,2.0601399799634184,3.282516130887788,1.0,True,TerminalCell_A,
Gene_5313,3.1630971255818423,3.8675347738451733,1.0,True,Progenitor1,
Gene_5314,3.005528867990451,3.1875265987842885,1.0,True,TerminalCell_A,
Gene_5315,1.6513570886825484,2.003459192703428,1.0,True,Progenitor2,
Gene_5316,1.1489739983518503,0.0,1.0,False,,
Gene_5317,3.525020469909753,0.0,1.0,False,,
Gene_5318,4.6817019069219725,0.0,1.0,False,,
Gene_5319,3.1534758563278853,0.0,1.0,False,,
Gene_5320,1.0688043978597115,0.0,1.0,False,,
Gene_5321,3.5226199132340827,0.0,1.0,False,,
Gene_5322,3.953431515162885,0.0,1.0,False,,
Gene_5323,1.9827708427321653,4.902359096738742,1.0,True,TerminalCell_B,
Gene_5324,2.0841604497125044,0.0,1.0,False,,
Gene_5325,3.758442557830937,0.0,1.0,False,,
Gene_5326,1.2379513133625113,4.904092987479532,1.0,True,Progenitor2,
Gene_5327,4.585948525696746,0.0,1.0,False,,
Gene_5328,1.8895365819091499,0.0,1.0,False,,
Gene_5329,2.743902187454655,0.0,1.0,False,,
Gene_5330,1.2704696226726204,0.0,1.0,False,,
Gene_5331,4.381353346805378,0.0,1.0,False,,
Gene_5332,3.1586115136277333,1.6429028487126307,1.0,True,"StemCell,Progenitor1",StemCell->Progenitor1
Gene_5333,4.687662071382229,0.0,1.0,False,,
Gene_5334,3.395598673057967,0.0,1.0,False,,
Gene_5335,4.379952408356099,2.6170174465444216,1.0,True,"StemCell,Progenitor1",StemCell->Progenitor1
Gene_5336,4.5172860896984695,0.0,1.0,False,,
Gene_5337,2.6327861788494222,0.0,1.0,False,,
Gene_5338,4.781920100006051,0.0,1.0,False,,
Gene_5339,2.029386013229806,3.5391485897128785,1.0,True,TerminalCell_A,
Gene_5340,1.2696060527742867,0.0,1.0,False,,
Gene_5341,4.590266106870713,0.0,1.0,False,,
Gene_5342,3.1496290125417703,0.0,1.0,False,,
Gene_5343,4.229794446672127,1.0706854129007741,1.0,True,TerminalCell_B,
Gene_5344,1.1565874752632364,0.0,1.0,False,,
Gene_5345,2.6736690267942116,4.5130297847940195,1.0,True,TerminalCell_B,
Gene_5346,4.68594545244048,0.0,1.0,False,,
Gene_5347,4.992916409992388,0.0,1.0,False,,
Gene_5348,3.2350517515571373,0.0,1.0,False,,
Gene_5349,4.291138470997994,0.0,1.0,False,,
Gene_5350,2.8926594527742706,0.0,1.0,False,,
Gene_5351,2.058223835147551,0.0,1.0,False,,
Gene_5352,3.708349002803456,0.0,1.0,False,,
Gene_5353,3.896908616666979,2.369934983625342,1.0,True,"Progenitor1,TerminalCell_A",Progenitor1->TerminalCell_A
Gene_5354,2.1718957209757774,0.0,1.0,False,,
Gene_5355,3.0866877437391245,0.0,1.0,False,,
Gene_5356,1.272494772205619,0.0,1.0,False,,
Gene_5357,2.045427009197687,0.0,1.0,False,,
Gene_5358,3.196047673199934,1.604717097523193,1.0,True,"StemCell,Progenitor1",StemCell->Progenitor1
Gene_5359,3.360019414339611,0.0,1.0,False,,
Gene_5360,4.339901269331088,0.0,1.0,False,,
Gene_5361,3.992191295375379,4.676832568848694,1.0,True,Progenitor2,
Gene_5362,2.2784344869768414,0.0,1.0,False,,
Gene_5363,2.6794207550446725,0.0,1.0,False,,
Gene_5364,4.199632759697999,4.556357031118108,1.0,True,TerminalCell_B,
Gene_5365,4.961132525965311,4.165799436614291,1.0,True,TerminalCell_A,
Gene_5366,1.7764028379602022,0.0,1.0,False,,
Gene_5367,2.8515543370230065,0.0,1.0,False,,
Gene_5368,2.9872310070360126,1.2515278917727546,1.0,True,"Progenitor1,TerminalCell_A",Progenitor1->TerminalCell_A
Gene_5369,4.599539115785974,1.0447306930774718,1.0,True,"StemCell,Progenitor1",StemCell->Progenitor1
Gene_5370,4.327920849121926,0.0,1.0,False,,
Gene_5371,3.674181796159774,0.0,1.0,False,,
Gene_5372,4.3579489991202776,0.0,1.0,False,,
Gene_5373,3.9376359197257274,0.0,1.0,False,,
Gene_5374,1.6711514013820548,0.0,1.0,False,,
Gene_5375,2.755942203077718,0.0,1.0,False,,
Gene_5376,3.519988582330811,2.3978397695978817,1.0,True,"Progenitor2,TerminalCell_B",Progenitor2->TerminalCell_B
Gene_5377,4.927807779402606,4.855059709490741,1.0,True,"Progenitor2,TerminalCell_B",Progenitor2->TerminalCell_B
Gene_5378,3.234741411110607,0.0,1.0,False,,
Gene_5379,2.974653832499079,0.0,1.0,False,,
Gene_5380,3.3361249101126336,2.431015659289367,1.0,True,"StemCell,Progenitor2,TerminalCell_B",StemCell->Progenitor2;Progenitor2->TerminalCell_B
Gene_5381,3.554071847551858,1.3101421761557663,1.0,True,"StemCell,Progenitor1",StemCell->Progenitor1
Gene_5382,4.0681440188639675,0.0,1.0,False,,
Gene_5383,2.4346577283844284,0.0,1.0,False,,
Gene_5384,2.725760300374475,0.0,1.0,False,,
Gene_5385,4.111922777992224,0.0,1.0,False,,
Gene_5386,4.3809644309473645,0.0,1.0,False,,
Gene_5387,4.538925586001528,0.0,1.0,False,,
Gene_5388,4.895622978365571,2.674962501542862,1.0,True,Progenitor2,
Gene_5389,1.6164585728192016,0.0,1.0,False,,
Gene_5390,1.8434272671777299,0.0,1.0,False,,
Gene_5391,2.0802355779547743,0.0,1.0,False,,
Gene_5392,4.632121200568662,0.0,1.0,False,,
Gene_5393,3.9172527596270688,0.0,1.0,False,,
Gene_5394,2.1380959390576266,0.0,1.0,False,,
Gene_5395,1.6516181496418487,3.320201830205837,1.0,True,TerminalCell_A,
Gene_5396,3.1885752258603968,0.0,1.0,False,,
Gene_5397,4.500534701697746,0.0,1.0,False,,
Gene_5398,4.461711450877431,3.2676515135644997,1.0,True,TerminalCell_B,
Gene_5399,2.8254761057185513,3.8656475371677086,1.0,True,TerminalCell_B,
Gene_5400,1.2859503669178993,0.0,1.0,False,,
Gene_5401,1.914349423262487,0.0,1.0,False,,
Gene_5402,2.0356515061497986,3.992436768289686,1.0,True,TerminalCell_B,
Gene_5403,3.0514499486153355,0.0,1.0,False,,
Gene_5404,4.599010638405289,0.0,1.0,False,,
Gene_5405,2.843818260926649,0.0,1.0,False,,
Gene_5406,4.471971161482184,0.0,1.0,False,,
Gene_5407,4.827493818697208,0.0,1.0,False,,
Gene_5408,2.1458996144529485,0.0,1.0,False,,
Gene_5409,2.787751080576698,0.0,1.0,False,,
Gene_5410,4.269664069057164,0.0,1.0,False,,
Gene_5411,3.250344674764536,0.0,1.0,False,,
Gene_5412,3.3291629342908107,2.8641174510015093,1.0,True,TerminalCell_B,
Gene_5413,2.3253569097662417,0.0,1.0,False,,
Gene_5414,1.9189130160694585,0.0,1.0,False,,
Gene_5415,4.20819689200445,0.0,1.0,False,,
Gene_5416,1.7315854605862517,0.0,1.0,False,,
Gene_5417,3.1375845260286224,0.0,1.0,False,,
Gene_5418,2.96836355177921,0.0,1.0,False,,
Gene_5419,4.600331088997576,2.0785415888162664,1.0,True,Progenitor2,
Gene_5420,2.7249939849062366,2.546268316817828,1.0,True,Progenitor2,
Gene_5421,2.216653312476556,0.0,1.0,False,,
Gene_5422,2.176729107580492,0.0,1.0,False,,
Gene_5423,2.849698280439494,0.0,1.0,False,,
Gene_5424,1.0580928364745255,0.0,1.0,False,,
Gene_5425,1.7283336620580005,0.0,1.0,False,,
Gene_5426,3.3415401309443573,0.0,1.0,False,,
Gene_5427,1.7049390375001114,0.0,1.0,False,,
Gene_5428,2.6380294581687957,1.2811079989093779,1.0,True,"StemCell,Progenitor2,TerminalCell_B",StemCell->Progenitor2;Progenitor2->TerminalCell_B
Gene_5429,1.1749662978292124,0.0,1.0,False,,
Gene_5430,4.5000032716317655,0.0,1.0,False,,
Gene_5431,1.1510909805408756,0.0,1.0,False,,
Gene_5432,1.6400991583587294,0.0,1.0,False,,
Gene_5433,4.476829411210424,0.0,1.0,False,,
Gene_5434,1.7874372427389567,0.0,1.0,False,,
Gene_5435,3.5178304826074833,0.0,1.0,False,,
Gene_5436,4.000579800821159,0.0,1.0,False,,
Gene_5437,2.890626931757766,4.782508316574324,1.0,True,"StemCell,Progenitor1",StemCell->Progenitor1
Gene_5438,3.3359676760448354,0.0,1.0,False,,
Gene_5439,2.6185197119317727,0.0,1.0,False,,
Gene_5440,1.0641135978581904,0.0,1.0,False,,
Gene_5441,2.9664040476976115,0.0,1.0,False,,
Gene_5442,1.7047296465462884,0.0,1.0,False,,
Gene_5443,2.0028506581491645,0.0,1.0,False,,
Gene_5444,4.6103349967196525,0.0,1.0,False,,
Gene_5445,2.418015977836278,1.5667226509337335,1.0,True,"StemCell,Progenitor1,TerminalCell_A",StemCell->Progenitor1;Progenitor1->TerminalCell_A
Gene_5446,1.488917002207455,0.0,1.0,False,,
Gene_5447,1.647289869597822,2.7276527906642434,1.0,True,"StemCell,Progenitor2,TerminalCell_B",StemCell->Progenitor2;Progenitor2->TerminalCell_B
Gene_5448,2.0141945430824935,0.0,1.0,False,,
Gene_5449,2.416779049302803,0.0,1.0,False,,
Gene_5450,1.696510314142874,0.0,1.0,False,,
Gene_5451,3.2369550880567752,4.091353873995532,1.0,True,Progenitor1,
Gene_5452,1.3063518800256224,0.0,1.0,False,,
Gene_5453,1.4003909877926275,0.0,1.0,False,,
Gene_5454,4.629719483651698,0.0,1.0,False,,
Gene_5455,3.1225907132564674,0.0,1.0,False,,
Gene_5456,3.5640901543408336,0.0,1.0,False,,
Gene_5457,4.008919002698476,0.0,1.0,False,,
Gene_5458,1.2458466843389036,0.0,1.0,False,,
Gene_5459,3.6578922261682285,0.0,1.0,False,,
Gene_5460,1.4079880245065373,0.0,1.0,False,,
Gene_5461,3.4076705661384077,0.0,1.0,False,,
Gene_5462,1.6174063681871673,0.0,1.0,False,,
Gene_5463,1.3514525231661532,0.0,1.0,False,,
Gene_5464,2.755575320877377,0.0,1.0,False,,
Gene_5465,4.630298013927563,0.0,1.0,False,,
Gene_5466,4.458221480463044,3.6025197103125586,1.0,True,Progenitor2,
Gene_5467,2.448502174187477,0.0,1.0,False,,
Gene_5468,2.78183114452248,0.0,1.0,False,,
Gene_5469,1.346227452202612,3.0900038220790056,1.0,True,"StemCell,Progenitor2,TerminalCell_B",StemCell->Progenitor2;Progenitor2->TerminalCell_B
Gene_5470,3.119171527147074,0.0,1.0,False,,
Gene_5471,3.5046842531437843,0.0,1.0,False,,
Gene_5472,2.6297565389950943,0.0,1.0,False,,
Gene_5473,3.725754619973249,2.113116730550869,1.0,True,TerminalCell_A,
Gene_5474,3.0312616189097503,0.0,1.0,False,,
Gene_5475,1.2807637947428798,0.0,1.0,False,,
Gene_5476,3.2780572948318034,0.0,1.0,False,,
Gene_5477,4.9146892551851815,1.9571718868110004,1.0,True,"StemCell,Progenitor1",StemCell->Progenitor1
Gene_5478,2.0514795457500403,1.5155158745327695,1.0,True,"Progenitor1,TerminalCell_A",Progenitor1->TerminalCell_A
Gene_5479,1.171497325382886,0.0,1.0,False,,
Gene_5480,1.8129542552061633,0.0,1.0,False,,
Gene_5481,2.00660855371249,0.0,1.0,False,,
Gene_5482,4.0043831695956715,0.0,1.0,False,,
Gene_5483,2.601518526127309,0.0,1.0,False,,
Gene_5484,1.4373829636895805,0.0,1.0,False,,
Gene_5485,2.730966895697577,0.0,1.0,False,,
Gene_5486,3.6188828919906313,2.2151936932908485,1.0,True,"StemCell,Progenitor2,TerminalCell_B",StemCell->Progenitor2;Progenitor2->TerminalCell_B
Gene_5487,3.208113749764689,0.0,1.0,False,,
Gene_5488,4.763460082393511,0.0,1.0,False,,
Gene_5489,3.068832056804733,0.0,1.0,False,,
Gene_5490,2.431329373594837,0.0,1.0,False,,
Gene_5491,2.197596968742977,4.788694337917656,1.0,True,Progenitor1,
Gene_5492,1.5277893003376404,0.0,1.0,False,,
Gene_5493,1.6424188990255795,0.0,1.0,False,,
Gene_5494,2.75720817156,0.0,1.0,False,,
Gene_5495,2.203795103347181,0.0,1.0,False,,
Gene_5496,2.0399022037494876,0.0,1.0,False,,
Gene_5497,2.794972505723606,0.0,1.0,False,,
Gene_5498,3.7325432669288707,0.0,1.0,False,,
Gene_5499,2.041255037789265,0.0,1.0,False,,
Gene_5500,1.607395394603388,0.0,1.0,False,,
Gene_5501,2.7838227906088027,0.0,1.0,False,,
Gene_5502,3.733176567743138,4.1763907578612,1.0,True,"Progenitor1,TerminalCell_A",Progenitor1->TerminalCell_A
Gene_5503,3.4569781361001746,0.0,1.0,False,,
Gene_5504,1.7277559733254195,0.0,1.0,False,,
Gene_5505,1.0758261599653807,3.9730608667790213,1.0,True,"Progenitor1,TerminalCell_A",Progenitor1->TerminalCell_A
Gene_5506,1.9826510072126315,0.0,1.0,False,,
Gene_5507,2.256030655720604,0.0,1.0,False,,
Gene_5508,4.500246103021318,0.0,1.0,False,,
Gene_5509,2.8002887405382095,0.0,1.0,False,,
Gene_5510,1.0148699291584116,0.0,1.0,False,,
Gene_5511,4.659083757282051,0.0,1.0,False,,
Gene_5512,3.763181168024345,4.867630103077504,1.0,True,TerminalCell_B,
Gene_5513,1.2154569970457252,0.0,1.0,False,,
Gene_5514,4.93114740748561,0.0,1.0,False,,
Gene_5515,3.856126364673358,0.0,1.0,False,,
Gene_5516,2.6041948822596708,4.925109219042577,1.0,True,"StemCell,Progenitor2,TerminalCell_B",StemCell->Progenitor2;Progenitor2->TerminalCell_B
Gene_5517,1.6786302663444914,0.0,1.0,False,,
Gene_5518,1.8194948028889497,4.803968852339359,1.0,True,"StemCell,Progenitor1",StemCell->Progenitor1
Gene_5519,4.799255890571219,0.0,1.0,False,,
Gene_5520,4.43441980155489,0.0,1.0,False,,
Gene_5521,3.832332132005129,0.0,1.0,False,,
Gene_5522,1.5179949123973944,0.0,1.0,False,,
Gene_5523,4.909785686667597,0.0,1.0,False,,
Gene_5524,1.9327091579199007,0.0,1.0,False,,
Gene_5525,2.0279265198146104,0.0,1.0,False,,
Gene_5526,2.818457276782077,0.0,1.0,False,,
Gene_5527,1.151447042937562,0.0,1.0,False,,
Gene_5528,3.2017751032371082,0.0,1.0,False,,
Gene_5529,4.05201654701809,3.6945551257128146,1.0,True,TerminalCell_A,
Gene_5530,4.843553277202902,2.4118168550271286,1.0,True,"StemCell,Progenitor2,TerminalCell_B",StemCell->Progenitor2;Progenitor2->TerminalCell_B
Gene_5531,4.6808492708837095,0.0,1.0,False,,
Gene_5532,4.1303449053829535,0.0,1.0,False,,
Gene_5533,4.998097127748995,3.5195314945876173,1.0,True,"StemCell,Progenitor2,TerminalCell_B",StemCell->Progenitor2;Progenitor2->TerminalCell_B
Gene_5534,2.704441506608349,0.0,1.0,False,,
Gene_5535,1.8585948138069242,4.803704107313057,1.0,True,"Progenitor1,TerminalCell_A",Progenitor1->TerminalCell_A
Gene_5536,3.464523006247368,0.0,1.0,False,,
Gene_5537,4.838877143669692,0.0,1.0,False,,
Gene_5538,4.4971597190768335,0.0,1.0,False,,
Gene_5539,2.329579119239883,0.0,1.0,False,,
Gene_5540,3.308458474252604,0.0,1.0,False,,
Gene_5541,3.1506745021838363,0.0,1.0,False,,
Gene_5542,1.547855651514951,4.165598660318132,1.0,True,"StemCell,Progenitor1",StemCell->Progenitor1
Gene_5543,3.836935938863155,1.4553100844782354,1.0,True,TerminalCell_A,
Gene_5544,3.196106273842862,0.0,1.0,False,,
Gene_5545,3.462312274606603,0.0,1.0,False,,
Gene_5546,2.6027260738480162,3.5063504446685174,1.0,True,"StemCell,Progenitor2,TerminalCell_B",StemCell->Progenitor2;Progenitor2->TerminalCell_B
Gene_5547,2.124070506355852,4.555492423448889,1.0,True,TerminalCell_B,
Gene_5548,1.8133835785129708,0.0,1.0,False,,
Gene_5549,3.5918296445370608,0.0,1.0,False,,
Gene_5550,3.0758983424337907,0.0,1.0,False,,
Gene_5551,3.9343871164837556,4.36772367543035,1.0,True,TerminalCell_B,
Gene_5552,1.5610193012609201,0.0,1.0,False,,
Gene_5553,3.4741255105914224,3.0397195034760207,1.0,True,"StemCell,Progenitor2",StemCell->Progenitor2
Gene_5554,1.8930612245808143,0.0,1.0,False,,
Gene_5555,2.52684541542952,3.2165081923753367,1.0,True,"StemCell,Progenitor1",StemCell->Progenitor1
Gene_5556,4.99862636438713,0.0,1.0,False,,
Gene_5557,1.0176450264367234,0.0,1.0,False,,
Gene_5558,1.8086321287219915,0.0,1.0,False,,
Gene_5559,2.823305538434981,0.0,1.0,False,,
Gene_5560,1.9777417978937946,0.0,1.0,False,,
Gene_5561,1.7699893875524597,0.0,1.0,False,,
Gene_5562,1.8385245924399505,0.0,1.0,False,,
Gene_5563,1.4674308253821136,0.0,1.0,False,,
Gene_5564,2.999685596701388,0.0,1.0,False,,
Gene_5565,2.6831401510817403,0.0,1.0,False,,
Gene_5566,3.4096322146979903,0.0,1.0,False,,
Gene_5567,1.7838733014604657,0.0,1.0,False,,
Gene_5568,2.175864990194663,0.0,1.0,False,,
Gene_5569,2.289828559557723,0.0,1.0,False,,
Gene_5570,4.133836984391229,0.0,1.0,False,,
Gene_5571,3.9162896199632216,2.428344412124771,1.0,True,TerminalCell_B,
Gene_5572,1.284905909830437,0.0,1.0,False,,
Gene_5573,1.673674886116895,1.5212751493269434,1.0,True,"StemCell,Progenitor1,TerminalCell_A",StemCell->Progenitor1;Progenitor1->TerminalCell_A
Gene_5574,3.532963517399827,2.1266585873141772,1.0,True,"StemCell,Progenitor2",StemCell->Progenitor2
Gene_5575,2.6324187291735046,0.0,1.0,False,,
Gene_5576,1.3896174706230724,0.0,1.0,False,,
Gene_5577,3.526572075769224,0.0,1.0,False,,
Gene_5578,2.8132628973548828,0.0,1.0,False,,
Gene_5579,2.9923601337352346,0.0,1.0,False,,
Gene_5580,4.644983057308077,0.0,1.0,False,,
Gene_5581,2.751339444142384,2.833605767032647,1.0,True,"StemCell,Progenitor1",StemCell->Progenitor1
Gene_5582,4.093187481641364,0.0,1.0,False,,
Gene_5583,3.6396310199213264,0.0,1.0,False,,
Gene_5584,2.793560415728693,0.0,1.0,False,,
Gene_5585,2.6192537588146108,0.0,1.0,False,,
Gene_5586,2.952970597731097,1.8030838600837176,1.0,True,TerminalCell_A,
Gene_5587,4.069032550726137,0.0,1.0,False,,
Gene_5588,3.419359299099765,4.226146715150699,1.0,True,Progenitor1,
Gene_5589,2.191791693008668,0.0,1.0,False,,
Gene_5590,2.289299347011881,0.0,1.0,False,,
Gene_5591,1.404420077801941,0.0,1.0,False,,
Gene_5592,2.4205374374675883,0.0,1.0,False,,
Gene_5593,4.165329099060304,1.540689493158483,1.0,True,TerminalCell_B,
Gene_5594,4.5634988669844265,0.0,1.0,False,,
Gene_5595,3.081413604071134,0.0,1.0,False,,
Gene_5596,4.467360945106945,0.0,1.0,False,,
Gene_5597,2.47564436349827,0.0,1.0,False,,
Gene_5598,4.499853931165222,3.3778994292636377,1.0,True,"StemCell,Progenitor2,TerminalCell_B",StemCell->Progenitor2;Progenitor2->TerminalCell_B
Gene_5599,1.031479108646879,1.2022984055799748,1.0,True,TerminalCell_B,
Gene_5600,3.5569610767374247,0.0,1.0,False,,
Gene_5601,4.080055070022057,1.0072043074028412,1.0,True,"StemCell,Progenitor1,TerminalCell_A",StemCell->Progenitor1;Progenitor1->TerminalCell_A
Gene_5602,1.0407046325051503,0.0,1.0,False,,
Gene_5603,4.9065249286897155,2.52902047400668,1.0,True,Progenitor2,
Gene_5604,1.546081778419575,4.277525249626713,1.0,True,"StemCell,Progenitor1",StemCell->Progenitor1
Gene_5605,2.157333008560837,0.0,1.0,False,,
Gene_5606,3.421667187532847,0.0,1.0,False,,
Gene_5607,4.402465424893937,2.180268551523302,1.0,True,TerminalCell_A,
Gene_5608,1.900226701181925,4.996948548271719,1.0,True,TerminalCell_B,
Gene_5609,2.832366856018349,0.0,1.0,False,,
Gene_5610,1.06494927068487,0.0,1.0,False,,
Gene_5611,3.1486111537118693,0.0,1.0,False,,
Gene_5612,4.358183371422406,0.0,1.0,False,,
Gene_5613,4.958467153309938,0.0,1.0,False,,
Gene_5614,1.357988521934956,0.0,1.0,False,,
Gene_5615,3.1828267515849897,0.0,1.0,False,,
Gene_5616,2.995746386014468,0.0,1.0,False,,
Gene_5617,4.256828016752412,0.0,1.0,False,,
Gene_5618,1.0978456455536953,0.0,1.0,False,,
Gene_5619,1.5989995866610038,0.0,1.0,False,,
Gene_5620,2.382550333471836,0.0,1.0,False,,
Gene_5621,4.1599605616726,0.0,1.0,False,,
Gene_5622,2.957682401207204,2.3900498586898897,1.0,True,"StemCell,Progenitor2",StemCell->Progenitor2
Gene_5623,3.7314875095742845,0.0,1.0,False,,
Gene_5624,4.756670756432936,3.3346117921821374,1.0,True,TerminalCell_A,
Gene_5625,2.997311410233804,4.523293536183809,1.0,True,Progenitor1,
Gene_5626,2.0897602252079137,0.0,1.0,False,,
Gene_5627,1.89762640367007,0.0,1.0,False,,
Gene_5628,2.1020291501224952,0.0,1.0,False,,
Gene_5629,1.0044083599355873,1.8900771760136599,1.0,True,"Progenitor1,TerminalCell_A",Progenitor1->TerminalCell_A
Gene_5630,1.4071802279332544,0.0,1.0,False,,
Gene_5631,2.0359159413996264,4.833612891202574,1.0,True,TerminalCell_B,
Gene_5632,2.9940199764849678,1.9213031405693872,1.0,True,TerminalCell_B,
Gene_5633,2.4999942318383983,0.0,1.0,False,,
Gene_5634,4.043361206612715,0.0,1.0,False,,
Gene_5635,4.020873713277757,0.0,1.0,False,,
Gene_5636,2.436805874492799,0.0,1.0,False,,
Gene_5637,1.546100503283208,0.0,1.0,False,,
Gene_5638,3.764046903203476,0.0,1.0,False,,
Gene_5639,2.4111373812579124,0.0,1.0,False,,
Gene_5640,2.9899723639337243,3.8548541613832574,1.0,True,TerminalCell_B,
Gene_5641,3.741777440536489,0.0,1.0,False,,
Gene_5642,2.879080162701877,0.0,1.0,False,,
Gene_5643,4.891752762800916,0.0,1.0,False,,
Gene_5644,4.335121606844757,2.2250519061573066,1.0,True,TerminalCell_A,
Gene_5645,1.5356805885457994,0.0,1.0,False,,
Gene_5646,1.0719430193808401,0.0,1.0,False,,
Gene_5647,2.692373617083533,4.804308875696497,1.0,True,TerminalCell_A,
Gene_5648,3.6090226330527138,0.0,1.0,False,,
Gene_5649,3.1289308310546224,0.0,1.0,False,,
Gene_5650,1.8574222976497907,0.0,1.0,False,,
Gene_5651,4.571616246106348,0.0,1.0,False,,
Gene_5652,4.839309783285283,0.0,1.0,False,,
Gene_5653,1.4808182600920592,0.0,1.0,False,,
Gene_5654,2.8746851603839247,4.40462448846051,1.0,True,"Progenitor2,TerminalCell_B",Progenitor2->TerminalCell_B
Gene_5655,1.5732943028920792,0.0,1.0,False,,
Gene_5656,4.114545736048455,0.0,1.0,False,,
Gene_5657,3.86920653254763,0.0,1.0,False,,
Gene_5658,4.849909224788313,0.0,1.0,False,,
Gene_5659,2.095284864755985,0.0,1.0,False,,
Gene_5660,2.71234242574793,0.0,1.0,False,,
Gene_5661,3.165708828141354,0.0,1.0,False,,
Gene_5662,2.884428351258556,0.0,1.0,False,,
Gene_5663,4.248300640052501,2.722756323683761,1.0,True,"Progenitor2,TerminalCell_B",Progenitor2->TerminalCell_B
Gene_5664,2.8222403574687758,0.0,1.0,False,,
Gene_5665,1.3681655647212847,0.0,1.0,False,,
Gene_5666,2.5426454493418453,0.0,1.0,False,,
Gene_5667,2.144059929430514,3.276054305706706,1.0,True,Progenitor2,
Gene_5668,3.082690480945538,0.0,1.0,False,,
Gene_5669,2.260011245630015,0.0,1.0,False,,
Gene_5670,2.0540934096384285,0.0,1.0,False,,
Gene_5671,4.756230460621345,0.0,1.0,False,,
Gene_5672,4.8798236042187515,0.0,1.0,False,,
Gene_5673,2.571030480145974,0.0,1.0,False,,
Gene_5674,4.582771450545543,0.0,1.0,False,,
Gene_5675,4.929032973885157,0.0,1.0,False,,
Gene_5676,4.0883991425452,3.6284001875874274,1.0,True,"StemCell,Progenitor1,TerminalCell_A",StemCell->Progenitor1;Progenitor1->TerminalCell_A
Gene_5677,3.0571126834336715,0.0,1.0,False,,
Gene_5678,2.324456837371716,0.0,1.0,False,,
Gene_5679,2.6997030158472954,0.0,1.0,False,,
Gene_5680,2.2722179922199874,4.657530954147472,1.0,True,TerminalCell_B,
Gene_5681,2.2375657893553953,0.0,1.0,False,,
Gene_5682,4.635714054561724,3.611299870440725,1.0,True,Progenitor1,
Gene_5683,3.9854550325303215,0.0,1.0,False,,
Gene_5684,3.439741535941891,0.0,1.0,False,,
Gene_5685,2.144814345053773,3.728029209370032,1.0,True,"Progenitor2,TerminalCell_B",Progenitor2->TerminalCell_B
Gene_5686,1.4588971445376382,0.0,1.0,False,,
Gene_5687,3.4498754837236927,0.0,1.0,False,,
Gene_5688,1.4338333621170034,3.8785256359430345,1.0,True,Progenitor2,
Gene_5689,4.119025894573506,0.0,1.0,False,,
Gene_5690,3.8317695258275863,0.0,1.0,False,,
Gene_5691,2.0753602762713634,0.0,1.0,False,,
Gene_5692,2.50880779742048,1.7387970512062476,1.0,True,"StemCell,Progenitor2",StemCell->Progenitor2
Gene_5693,1.0164242693253653,2.357114321291301,1.0,True,TerminalCell_A,
Gene_5694,2.504958421051494,0.0,1.0,False,,
Gene_5695,4.024521251170665,0.0,1.0,False,,
Gene_5696,2.044390546002197,3.3245223324043893,1.0,True,Progenitor2,
Gene_5697,2.8970462805904846,2.598835976699934,1.0,True,Progenitor1,
Gene_5698,1.1440202596645714,0.0,1.0,False,,
Gene_5699,4.208696642136445,4.9215131756253125,1.0,True,TerminalCell_B,
Gene_5700,4.0681785629844445,0.0,1.0,False,,
Gene_5701,3.1643814426107437,0.0,1.0,False,,
Gene_5702,3.714171398259608,0.0,1.0,False,,
Gene_5703,4.29462777709848,0.0,1.0,False,,
Gene_5704,2.099167381301898,0.0,1.0,False,,
Gene_5705,2.789193127021862,0.0,1.0,False,,
Gene_5706,4.532498518019567,3.2117255467313055,1.0,True,TerminalCell_A,
Gene_5707,4.311029386126886,0.0,1.0,False,,
Gene_5708,3.822500951006824,0.0,1.0,False,,
Gene_5709,4.1083088237742595,0.0,1.0,False,,
Gene_5710,1.6741945604000783,0.0,1.0,False,,
Gene_5711,2.400690822185671,0.0,1.0,False,,
Gene_5712,3.0946699689611252,0.0,1.0,False,,
Gene_5713,2.083769163471379,0.0,1.0,False,,
Gene_5714,1.3766640315262566,0.0,1.0,False,,
Gene_5715,3.5414470098515984,3.4190418787978167,1.0,True,"StemCell,Progenitor1",StemCell->Progenitor1
Gene_5716,4.2277254429134,0.0,1.0,False,,
Gene_5717,1.5773121607589284,3.9679556313781763,1.0,True,"Progenitor1,TerminalCell_A",Progenitor1->TerminalCell_A
Gene_5718,3.4453203907372822,0.0,1.0,False,,
Gene_5719,1.8294496202566837,0.0,1.0,False,,
Gene_5720,4.197533424277179,1.8009634977526328,1.0,True,Progenitor2,
Gene_5721,3.9306957571661805,0.0,1.0,False,,
Gene_5722,3.9652195261180934,0.0,1.0,False,,
Gene_5723,3.0645789255921354,4.677125191987396,1.0,True,Progenitor1,
Gene_5724,1.0823645152252053,0.0,1.0,False,,
Gene_5725,1.1433190292617712,0.0,1.0,False,,
Gene_5726,2.8617929608675157,0.0,1.0,False,,
Gene_5727,2.047078591960522,0.0,1.0,False,,
Gene_5728,1.1537848391451395,1.9443456101671206,1.0,True,TerminalCell_A,
Gene_5729,4.950668768441512,0.0,1.0,False,,
Gene_5730,2.385587179635623,0.0,1.0,False,,
Gene_5731,3.250668564358767,2.050352546597356,1.0,True,"Progenitor1,TerminalCell_A",Progenitor1->TerminalCell_A
Gene_5732,4.2863019494955985,0.0,1.0,False,,
Gene_5733,1.1592034009671304,1.2226981256754779,1.0,True,TerminalCell_A,
Gene_5734,4.7258175865197,0.0,1.0,False,,
Gene_5735,4.212088722565603,0.0,1.0,False,,
Gene_5736,2.193932994197295,0.0,1.0,False,,
Gene_5737,3.6966375273909455,0.0,1.0,False,,
Gene_5738,1.3016175774900005,0.0,1.0,False,,
Gene_5739,1.2964260448408567,0.0,1.0,False,,
Gene_5740,4.7446476561038,0.0,1.0,False,,
Gene_5741,4.867545050973078,0.0,1.0,False,,
Gene_5742,1.7030761436229018,1.3070298254751673,1.0,True,TerminalCell_A,
Gene_5743,1.326643334085087,0.0,1.0,False,,
Gene_5744,4.474965843622518,1.9159875053123132,1.0,True,Progenitor1,
Gene_5745,4.18087189613291,0.0,1.0,False,,
Gene_5746,2.0244582959391266,2.358570501926999,1.0,True,"StemCell,Progenitor2,TerminalCell_B",StemCell->Progenitor2;Progenitor2->TerminalCell_B
Gene_5747,3.646564071061267,0.0,1.0,False,,
Gene_5748,2.207351725567892,0.0,1.0,False,,
Gene_5749,1.7074613799338616,0.0,1.0,False,,
Gene_5750,1.4679607276107354,1.0665239090358418,1.0,True,"StemCell,Progenitor1,TerminalCell_A",StemCell->Progenitor1;Progenitor1->TerminalCell_A
Gene_5751,2.3003928740813993,4.429274601022907,1.0,True,"StemCell,Progenitor2,TerminalCell_B",StemCell->Progenitor2;Progenitor2->TerminalCell_B
Gene_5752,4.783490174456974,0.0,1.0,False,,
Gene_5753,2.9014530832900056,1.795487348888892,1.0,True,"StemCell,Progenitor1,TerminalCell_A",StemCell->Progenitor1;Progenitor1->TerminalCell_A
Gene_5754,2.441967607183348,0.0,1.0,False,,
Gene_5755,1.783458398624851,0.0,1.0,False,,
Gene_5756,1.4999453165710563,0.0,1.0,False,,
Gene_5757,1.4890376329738615,0.0,1.0,False,,
Gene_5758,3.7356349578951913,3.3442887480518837,1.0,True,TerminalCell_A,
Gene_5759,1.3766582117537283,0.0,1.0,False,,
Gene_5760,4.182754903669152,0.0,1.0,False,,
Gene_5761,4.425535529135357,2.6018103817146025,1.0,True,Progenitor2,
Gene_5762,4.0406078971373125,0.0,1.0,False,,
Gene_5763,2.0819120521085437,0.0,1.0,False,,
Gene_5764,4.915542634024269,0.0,1.0,False,,
Gene_5765,1.2735964684549468,2.7361045821614463,1.0,True,"Progenitor1,TerminalCell_A",Progenitor1->TerminalCell_A
Gene_5766,3.8854381298471927,0.0,1.0,False,,
Gene_5767,4.975252533492998,0.0,1.0,False,,
Gene_5768,2.516096692852258,0.0,1.0,False,,
Gene_5769,2.65063221007635,0.0,1.0,False,,
Gene_5770,1.4663086344962544,0.0,1.0,False,,
Gene_5771,2.862356093652015,3.9097695666839045,1.0,True,"Progenitor1,TerminalCell_A",Progenitor1->TerminalCell_A
Gene_5772,3.3258327552212847,3.722213530180861,1.0,True,"Progenitor1,TerminalCell_A",Progenitor1->TerminalCell_A
Gene_5773,2.614751764750379,0.0,1.0,False,,
Gene_5774,1.819890493623452,1.0657426457141073,1.0,True,Progenitor1,
Gene_5775,4.827743742316588,0.0,1.0,False,,
Gene_5776,3.7056450774411362,0.0,1.0,False,,
Gene_5777,2.5278632259667484,2.4795490045956092,1.0,True,Progenitor2,
Gene_5778,1.177703941248938,0.0,1.0,False,,
Gene_5779,3.6506723756855757,0.0,1.0,False,,
Gene_5780,3.3792102398958273,0.0,1.0,False,,
Gene_5781,4.819989412932641,0.0,1.0,False,,
Gene_5782,1.6402047469098613,3.175053896625791,1.0,True,TerminalCell_B,
Gene_5783,2.1148646974947263,0.0,1.0,False,,
Gene_5784,3.237856591060187,1.369131799116945,1.0,True,TerminalCell_A,
Gene_5785,4.19307223292302,0.0,1.0,False,,
Gene_5786,3.7876238814520296,0.0,1.0,False,,
Gene_5787,3.39204568753766,0.0,1.0,False,,
Gene_5788,3.018665383705206,3.148195755698007,1.0,True,Progenitor2,
Gene_5789,3.716198122017307,0.0,1.0,False,,
Gene_5790,1.463021739275281,3.992435686095658,1.0,True,Progenitor1,
Gene_5791,1.4495980403648283,4.991060063804749,1.0,True,Progenitor1,
Gene_5792,2.738435156263475,0.0,1.0,False,,
Gene_5793,1.7002313941935325,0.0,1.0,False,,
Gene_5794,3.4060191015573706,2.525872375137428,1.0,True,TerminalCell_A,
Gene_5795,4.5758759722347,0.0,1.0,False,,
Gene_5796,4.955846822255185,0.0,1.0,False,,
Gene_5797,2.4711066490321603,0.0,1.0,False,,
Gene_5798,4.399077792509811,0.0,1.0,False,,
Gene_5799,4.395570180171205,4.949929565238415,1.0,True,"Progenitor1,TerminalCell_A",Progenitor1->TerminalCell_A
Gene_5800,4.3149646556069925,0.0,1.0,False,,
Gene_5801,3.557125785646946,0.0,1.0,False,,
Gene_5802,4.871282841308133,0.0,1.0,False,,
Gene_5803,2.0698755866773206,4.3078138535633705,1.0,True,TerminalCell_B,
Gene_5804,2.8947479055469887,0.0,1.0,False,,
Gene_5805,3.863083103228944,1.6475966053492304,1.0,True,TerminalCell_A,
Gene_5806,2.1490893362506496,0.0,1.0,False,,
Gene_5807,4.1263337877307436,0.0,1.0,False,,
Gene_5808,1.4613345954334882,0.0,1.0,False,,
Gene_5809,2.2210533672704136,0.0,1.0,False,,
Gene_5810,1.6931807328570478,2.6130745447468646,1.0,True,Progenitor2,
Gene_5811,1.2851825710567617,0.0,1.0,False,,
Gene_5812,2.1497154561470113,4.108535321975211,1.0,True,Progenitor2,
Gene_5813,4.010666843130277,0.0,1.0,False,,
Gene_5814,4.321532642787577,0.0,1.0,False,,
Gene_5815,1.8472449057384988,0.0,1.0,False,,
Gene_5816,4.870377480136357,0.0,1.0,False,,
Gene_5817,4.7852037966220085,0.0,1.0,False,,
Gene_5818,4.070237493061283,0.0,1.0,False,,
Gene_5819,2.1488608290393434,1.9850551662018954,1.0,True,"StemCell,Progenitor2,TerminalCell_B",StemCell->Progenitor2;Progenitor2->TerminalCell_B
Gene_5820,3.9916450576205302,0.0,1.0,False,,
Gene_5821,2.9622278127807267,3.406429670744671,1.0,True,Progenitor2,
Gene_5822,1.655770903528612,0.0,1.0,False,,
Gene_5823,3.8560306767360895,0.0,1.0,False,,
Gene_5824,4.216422258134273,0.0,1.0,False,,
Gene_5825,4.673468647923692,0.0,1.0,False,,
Gene_5826,4.581412501165122,2.837952486445123,1.0,True,Progenitor2,
Gene_5827,1.4135484600520054,0.0,1.0,False,,
Gene_5828,1.6320692278334556,0.0,1.0,False,,
Gene_5829,3.9106988342609177,0.0,1.0,False,,
Gene_5830,1.827966512597627,0.0,1.0,False,,
Gene_5831,2.870922408612141,0.0,1.0,False,,
Gene_5832,1.2175148677047498,0.0,1.0,False,,
Gene_5833,4.478417465484261,0.0,1.0,False,,
Gene_5834,4.086330830278952,0.0,1.0,False,,
Gene_5835,3.463447577432118,0.0,1.0,False,,
Gene_5836,3.4591316695991,4.725333571789399,1.0,True,TerminalCell_B,
Gene_5837,4.544243796951548,0.0,1.0,False,,
Gene_5838,4.013681958547068,0.0,1.0,False,,
Gene_5839,2.9807221154358516,4.971770393376262,1.0,True,"StemCell,Progenitor2",StemCell->Progenitor2
Gene_5840,4.3776858287583496,3.07575852769837,1.0,True,"StemCell,Progenitor2,TerminalCell_B",StemCell->Progenitor2;Progenitor2->TerminalCell_B
Gene_5841,2.9936398772151724,3.2150636488025657,1.0,True,TerminalCell_A,
Gene_5842,1.103419012471357,3.6125347519486946,1.0,True,"StemCell,Progenitor2,TerminalCell_B",StemCell->Progenitor2;Progenitor2->TerminalCell_B
Gene_5843,4.378346775868048,0.0,1.0,False,,
Gene_5844,4.78686872299018,0.0,1.0,False,,
Gene_5845,1.7538908503922386,2.635708388286978,1.0,True,TerminalCell_A,
Gene_5846,4.27816984411124,0.0,1.0,False,,
Gene_5847,3.878409491722052,0.0,1.0,False,,
Gene_5848,4.434315882068128,0.0,1.0,False,,
Gene_5849,1.7488156731634814,0.0,1.0,False,,
Gene_5850,2.983941445105005,0.0,1.0,False,,
Gene_5851,4.280421623106159,2.605381182263983,1.0,True,TerminalCell_A,
Gene_5852,3.782102808019959,0.0,1.0,False,,
Gene_5853,4.773448630190968,0.0,1.0,False,,
Gene_5854,2.039760509495526,0.0,1.0,False,,
Gene_5855,1.8141688794583906,0.0,1.0,False,,
Gene_5856,4.595776548732356,0.0,1.0,False,,
Gene_5857,3.724161152386548,2.217097298209168,1.0,True,"StemCell,Progenitor1",StemCell->Progenitor1
Gene_5858,2.8691145130514086,0.0,1.0,False,,
Gene_5859,2.9982026635098387,0.0,1.0,False,,
Gene_5860,2.51354021505801,0.0,1.0,False,,
Gene_5861,1.5985782956878318,1.9903005834440153,1.0,True,"StemCell,Progenitor1",StemCell->Progenitor1
Gene_5862,1.6316998362412969,0.0,1.0,False,,
Gene_5863,4.643851863391841,0.0,1.0,False,,
Gene_5864,1.6498642129847845,0.0,1.0,False,,
Gene_5865,2.9445303772393454,0.0,1.0,False,,
Gene_5866,4.494019562415954,0.0,1.0,False,,
Gene_5867,1.7395533979750293,1.1521088399711057,1.0,True,"StemCell,Progenitor2,TerminalCell_B",StemCell->Progenitor2;Progenitor2->TerminalCell_B
Gene_5868,1.5137197738714945,0.0,1.0,False,,
Gene_5869,1.6242595824541404,0.0,1.0,False,,
Gene_5870,1.5646098302893314,0.0,1.0,False,,
Gene_5871,2.905358687719322,2.528794918897305,1.0,True,TerminalCell_B,
Gene_5872,4.11019507184818,0.0,1.0,False,,
Gene_5873,2.1311721207359358,0.0,1.0,False,,
Gene_5874,3.396263125916411,0.0,1.0,False,,
Gene_5875,4.4415666288344,0.0,1.0,False,,
Gene_5876,4.444400416346097,3.393976211579401,1.0,True,"StemCell,Progenitor1,TerminalCell_A",StemCell->Progenitor1;Progenitor1->TerminalCell_A
Gene_5877,1.0528866513596675,2.825207319906366,1.0,True,"Progenitor1,TerminalCell_A",Progenitor1->TerminalCell_A
Gene_5878,3.3508821849249504,2.6270744910965638,1.0,True,"StemCell,Progenitor2,TerminalCell_B",StemCell->Progenitor2;Progenitor2->TerminalCell_B
Gene_5879,3.674914595335001,2.138461944686775,1.0,True,"StemCell,Progenitor1",StemCell->Progenitor1
Gene_5880,1.1090065766549957,2.5201703512608082,1.0,True,TerminalCell_B,
Gene_5881,3.204332490182215,0.0,1.0,False,,
Gene_5882,1.4207342927020306,0.0,1.0,False,,
Gene_5883,2.426351236699827,0.0,1.0,False,,
Gene_5884,4.436315279948392,0.0,1.0,False,,
Gene_5885,3.807490446505695,2.4935063492445138,1.0,True,TerminalCell_B,
Gene_5886,4.958851807903285,0.0,1.0,False,,
Gene_5887,2.192429526860484,0.0,1.0,False,,
Gene_5888,4.469100857844198,0.0,1.0,False,,
Gene_5889,2.28777991144327,0.0,1.0,False,,
Gene_5890,2.174125837605057,2.708654090768532,1.0,True,TerminalCell_B,
Gene_5891,1.9342562858059549,0.0,1.0,False,,
Gene_5892,3.792131662389975,0.0,1.0,False,,
Gene_5893,4.3951841309385316,0.0,1.0,False,,
Gene_5894,1.8704277672062437,0.0,1.0,False,,
Gene_5895,3.0857795354459037,1.3508608251716177,1.0,True,Progenitor1,
Gene_5896,3.859775037976398,0.0,1.0,False,,
Gene_5897,1.8301087254092137,0.0,1.0,False,,
Gene_5898,4.882514801378405,0.0,1.0,False,,
Gene_5899,3.8882765764676512,0.0,1.0,False,,
Gene_5900,2.4364508490801673,4.1056723323785675,1.0,True,Progenitor2,
Gene_5901,1.7156688822400938,0.0,1.0,False,,
Gene_5902,3.807709685716139,0.0,1.0,False,,
Gene_5903,4.641370663929374,1.5824537394118452,1.0,True,TerminalCell_B,
Gene_5904,4.835035199966772,0.0,1.0,False,,
Gene_5905,2.9440449020094346,0.0,1.0,False,,
Gene_5906,2.8476755006493084,0.0,1.0,False,,
Gene_5907,1.78180148955885,0.0,1.0,False,,
Gene_5908,1.8860629371426763,4.785778395614098,1.0,True,"StemCell,Progenitor1,TerminalCell_A",StemCell->Progenitor1;Progenitor1->TerminalCell_A
Gene_5909,4.976612287001796,0.0,1.0,False,,
Gene_5910,4.6233509361771254,4.701239825908114,1.0,True,"StemCell,Progenitor2",StemCell->Progenitor2
Gene_5911,1.124344760572312,2.479649644847528,1.0,True,"StemCell,Progenitor2",StemCell->Progenitor2
Gene_5912,2.4174189400523023,3.269876643363092,1.0,True,"Progenitor1,TerminalCell_A",Progenitor1->TerminalCell_A
Gene_5913,4.09878884147846,0.0,1.0,False,,
Gene_5914,4.542163823004213,0.0,1.0,False,,
Gene_5915,2.9912730762388273,0.0,1.0,False,,
Gene_5916,4.924354555650311,1.2935952106979163,1.0,True,"StemCell,Progenitor1",StemCell->Progenitor1
Gene_5917,1.2845234778756103,0.0,1.0,False,,
Gene_5918,1.8330219963478664,0.0,1.0,False,,
Gene_5919,1.735023263499591,0.0,1.0,False,,
Gene_5920,4.992069620676214,2.6648609020826144,1.0,True,"StemCell,Progenitor2,TerminalCell_B",StemCell->Progenitor2;Progenitor2->TerminalCell_B
Gene_5921,1.068013563791156,0.0,1.0,False,,
Gene_5922,4.915846428339279,0.0,1.0,False,,
Gene_5923,2.389228093270998,0.0,1.0,False,,
Gene_5924,4.291734578915998,0.0,1.0,False,,
Gene_5925,3.821024019807795,0.0,1.0,False,,
Gene_5926,4.297123182657952,0.0,1.0,False,,
Gene_5927,3.50077568424575,0.0,1.0,False,,
Gene_5928,4.198488042863685,0.0,1.0,False,,
Gene_5929,1.2524442161983607,1.9435153318585363,1.0,True,"StemCell,Progenitor1",StemCell->Progenitor1
Gene_5930,4.568670415348071,3.73865783803101,1.0,True,"StemCell,Progenitor1",StemCell->Progenitor1
Gene_5931,3.7603806878489205,0.0,1.0,False,,
Gene_5932,1.576182755359532,0.0,1.0,False,,
Gene_5933,1.9242256310396084,0.0,1.0,False,,
Gene_5934,4.512155749026763,0.0,1.0,False,,
Gene_5935,2.4428164628595344,0.0,1.0,False,,
Gene_5936,3.3063326455411883,1.1383752323822844,1.0,True,TerminalCell_A,
Gene_5937,4.817915183898531,1.9579636581985014,1.0,True,Progenitor1,
Gene_5938,4.175298478736399,0.0,1.0,False,,
Gene_5939,3.4158868839880743,0.0,1.0,False,,
Gene_5940,2.792750855545717,0.0,1.0,False,,
Gene_5941,1.0172719716348237,1.3284643239258052,1.0,True,TerminalCell_B,
Gene_5942,2.78874432711604,0.0,1.0,False,,
Gene_5943,4.362303390058373,0.0,1.0,False,,
Gene_5944,4.385249277883899,0.0,1.0,False,,
Gene_5945,1.4823063107926258,0.0,1.0,False,,
Gene_5946,3.6890091857802174,0.0,1.0,False,,
Gene_5947,1.5085305401148568,4.509647471078801,1.0,True,Progenitor2,
Gene_5948,2.295491293134752,0.0,1.0,False,,
Gene_5949,2.4199586434409754,2.7733328439370397,1.0,True,"StemCell,Progenitor2",StemCell->Progenitor2
Gene_5950,4.55003778278039,0.0,1.0,False,,
Gene_5951,2.3479689784108073,0.0,1.0,False,,
Gene_5952,3.1962152380354856,0.0,1.0,False,,
Gene_5953,4.825830022541133,0.0,1.0,False,,
Gene_5954,2.084814153368795,0.0,1.0,False,,
Gene_5955,2.2801399760147616,0.0,1.0,False,,
Gene_5956,1.8576938183128613,0.0,1.0,False,,
Gene_5957,4.396842335694496,1.8006547012855312,1.0,True,TerminalCell_B,
Gene_5958,2.940965533124146,0.0,1.0,False,,
Gene_5959,2.428904871358022,0.0,1.0,False,,
Gene_5960,3.7604571999927505,0.0,1.0,False,,
Gene_5961,3.8080524075592543,0.0,1.0,False,,
Gene_5962,3.784317181231535,0.0,1.0,False,,
Gene_5963,1.914556983107445,0.0,1.0,False,,
Gene_5964,4.745047265990478,4.409223553563898,1.0,True,"StemCell,Progenitor2,TerminalCell_B",StemCell->Progenitor2;Progenitor2->TerminalCell_B
Gene_5965,4.716325371067554,0.0,1.0,False,,
Gene_5966,2.0466924939064315,2.875993107472415,1.0,True,Progenitor2,
Gene_5967,4.381615944977527,0.0,1.0,False,,
Gene_5968,2.423218241273996,0.0,1.0,False,,
Gene_5969,4.556004260088391,2.8593730850454606,1.0,True,TerminalCell_A,
Gene_5970,3.0409470174212596,0.0,1.0,False,,
Gene_5971,4.22383180089064,3.913630948351185,1.0,True,"StemCell,Progenitor2",StemCell->Progenitor2
Gene_5972,1.6835541714761297,4.744307605186078,1.0,True,"StemCell,Progenitor1,TerminalCell_A",StemCell->Progenitor1;Progenitor1->TerminalCell_A
Gene_5973,4.615904793765765,0.0,1.0,False,,
Gene_5974,3.3440198624253648,1.0036585027115796,1.0,True,Progenitor1,
Gene_5975,4.191502663709576,0.0,1.0,False,,
Gene_5976,4.832423853380381,0.0,1.0,False,,
Gene_5977,3.8840396508293002,1.1498165179105393,1.0,True,TerminalCell_B,
Gene_5978,3.776446946865494,0.0,1.0,False,,
Gene_5979,1.3245804207755398,0.0,1.0,False,,
Gene_5980,1.5179152322064193,0.0,1.0,False,,
Gene_5981,3.6788636421202816,0.0,1.0,False,,
Gene_5982,1.6546306492013088,0.0,1.0,False,,
Gene_5983,3.2115221664430558,1.8851312984511792,1.0,True,TerminalCell_B,
Gene_5984,1.5693892857628717,0.0,1.0,False,,
Gene_5985,1.2480147081456607,1.5793079063098752,1.0,True,Progenitor1,
Gene_5986,1.491577474483091,0.0,1.0,False,,
Gene_5987,3.826048556487263,0.0,1.0,False,,
Gene_5988,3.2896739926877157,0.0,1.0,False,,
Gene_5989,3.529896555366166,2.465227185339758,1.0,True,"Progenitor2,TerminalCell_B",Progenitor2->TerminalCell_B
Gene_5990,3.7258132480295,0.0,1.0,False,,
Gene_5991,4.834369033219086,0.0,1.0,False,,
Gene_5992,4.906805019337156,0.0,1.0,False,,
Gene_5993,3.721968808870329,0.0,1.0,False,,
Gene_5994,4.7552036448893364,0.0,1.0,False,,
Gene_5995,2.7055917064808948,2.4712579730998754,1.0,True,TerminalCell_B,
Gene_5996,2.209243658521235,0.0,1.0,False,,
Gene_5997,2.843918792400552,0.0,1.0,False,,
Gene_5998,3.7520247182232978,0.0,1.0,False,,
Gene_5999,1.640127414659725,0.0,1.0,False,,
