mutation_id,is_baseline,is_denovo,is_false,mutation_type,cells_with_mutation
baseline_m2311,True,False,False,Baseline,1000
baseline_m5481,True,False,False,Baseline,1000
baseline_m7252,True,False,False,Baseline,1000
baseline_m7569,True,False,False,Baseline,1000
baseline_m8942,True,False,False,Baseline,1000
m10002,False,True,False,De Novo,268
m10003,False,True,False,De Novo,188
m10004,False,True,False,De Novo,203
m10005,False,True,False,De Novo,181
m10006,False,True,False,De Novo,184
m10008,False,True,False,De Novo,360
m10009,False,True,False,De Novo,186
m10010,False,True,False,De Novo,184
m10011,False,True,False,De Novo,187
m10012,False,True,False,De Novo,189
m10014,False,True,False,De Novo,212
m10015,False,True,False,De Novo,231
m10017,False,True,False,De Novo,185
m10018,False,True,False,De Novo,183
m10019,False,True,False,De Novo,209
m10020,False,True,False,De Novo,185
m10022,False,True,False,De Novo,202
m10023,False,True,False,De Novo,208
m10024,False,True,False,De Novo,190
m10025,False,True,False,De Novo,199
m10027,False,True,False,De Novo,206
m10029,False,True,False,De Novo,185
m10030,False,True,False,De Novo,201
m10031,False,True,False,De Novo,277
m10033,False,True,False,De Novo,184
m10034,False,True,False,De Novo,261
m10035,False,True,False,De Novo,205
m10037,False,True,False,De Novo,207
m10038,False,True,False,De Novo,181
m10039,False,True,False,De Novo,236
m10040,False,True,False,De Novo,167
m10041,False,True,False,De Novo,187
m10044,False,True,False,De Novo,211
m10045,False,True,False,De Novo,197
m10047,False,True,False,De Novo,259
m10048,False,True,False,De Novo,187
m10049,False,True,False,De Novo,192
m10053,False,True,False,De Novo,204
m10054,False,True,False,De Novo,404
m10055,False,True,False,De Novo,187
m10057,False,True,False,De Novo,323
m10059,False,True,False,De Novo,196
m10060,False,True,False,De Novo,701
m10061,False,True,False,De Novo,186
m10062,False,True,False,De Novo,207
m10063,False,True,False,De Novo,192
m10064,False,True,False,De Novo,183
m10065,False,True,False,De Novo,194
m10066,False,True,False,De Novo,179
m10067,False,True,False,De Novo,181
m10068,False,True,False,De Novo,185
m10069,False,True,False,De Novo,167
m10070,False,True,False,De Novo,194
m10071,False,True,False,De Novo,279
m10072,False,True,False,De Novo,189
m10073,False,True,False,De Novo,232
m10074,False,True,False,De Novo,208
m10075,False,True,False,De Novo,193
m10076,False,True,False,De Novo,200
m10077,False,True,False,De Novo,189
m10078,False,True,False,De Novo,186
m10079,False,True,False,De Novo,235
m10080,False,True,False,De Novo,190
m10082,False,True,False,De Novo,283
m10083,False,True,False,De Novo,165
m10084,False,True,False,De Novo,181
m10085,False,True,False,De Novo,177
m10086,False,True,False,De Novo,226
m10087,False,True,False,De Novo,192
m10088,False,True,False,De Novo,174
m10089,False,True,False,De Novo,300
m10090,False,True,False,De Novo,592
m10091,False,True,False,De Novo,189
m10092,False,True,False,De Novo,181
m10093,False,True,False,De Novo,185
m10094,False,True,False,De Novo,182
m10095,False,True,False,De Novo,261
m10096,False,True,False,De Novo,171
m10097,False,True,False,De Novo,257
m10098,False,True,False,De Novo,361
m10099,False,True,False,De Novo,187
m10100,False,True,False,De Novo,170
m10101,False,True,False,De Novo,189
m10103,False,True,False,De Novo,329
m10104,False,True,False,De Novo,222
m10107,False,True,False,De Novo,299
m10109,False,True,False,De Novo,207
m10111,False,True,False,De Novo,193
m10112,False,True,False,De Novo,205
m10113,False,True,False,De Novo,189
m10114,False,True,False,De Novo,164
m10116,False,True,False,De Novo,254
m10117,False,True,False,De Novo,213
m10119,False,True,False,De Novo,200
m10120,False,True,False,De Novo,174
m10123,False,True,False,De Novo,195
m10124,False,True,False,De Novo,190
m10125,False,True,False,De Novo,164
m10126,False,True,False,De Novo,272
m10128,False,True,False,De Novo,187
m10129,False,True,False,De Novo,209
m10130,False,True,False,De Novo,201
m10131,False,True,False,De Novo,181
m10132,False,True,False,De Novo,186
m10134,False,True,False,De Novo,207
m10135,False,True,False,De Novo,387
m10136,False,True,False,De Novo,285
m10137,False,True,False,De Novo,221
m10138,False,True,False,De Novo,192
m10139,False,True,False,De Novo,196
m10141,False,True,False,De Novo,227
m10142,False,True,False,De Novo,228
m10143,False,True,False,De Novo,207
m10144,False,True,False,De Novo,184
m10145,False,True,False,De Novo,192
m10146,False,True,False,De Novo,190
m10147,False,True,False,De Novo,175
m10150,False,True,False,De Novo,190
m10152,False,True,False,De Novo,181
m10153,False,True,False,De Novo,184
m10154,False,True,False,De Novo,290
m10155,False,True,False,De Novo,234
m10156,False,True,False,De Novo,212
m10157,False,True,False,De Novo,209
m10158,False,True,False,De Novo,195
m10159,False,True,False,De Novo,176
m10160,False,True,False,De Novo,181
m10161,False,True,False,De Novo,234
m10162,False,True,False,De Novo,213
m10164,False,True,False,De Novo,243
m10165,False,True,False,De Novo,242
m10166,False,True,False,De Novo,266
m10167,False,True,False,De Novo,207
m10168,False,True,False,De Novo,209
m10169,False,True,False,De Novo,187
m10170,False,True,False,De Novo,157
m10171,False,True,False,De Novo,197
m10173,False,True,False,De Novo,196
m10174,False,True,False,De Novo,215
m10175,False,True,False,De Novo,299
m10176,False,True,False,De Novo,204
m10177,False,True,False,De Novo,187
m10179,False,True,False,De Novo,192
m10180,False,True,False,De Novo,282
m10181,False,True,False,De Novo,176
m10182,False,True,False,De Novo,374
m10183,False,True,False,De Novo,179
m10184,False,True,False,De Novo,222
m10185,False,True,False,De Novo,193
m10186,False,True,False,De Novo,326
m10187,False,True,False,De Novo,186
m10188,False,True,False,De Novo,156
m10189,False,True,False,De Novo,215
m10190,False,True,False,De Novo,210
m10191,False,True,False,De Novo,173
m10193,False,True,False,De Novo,189
m10194,False,True,False,De Novo,183
m10195,False,True,False,De Novo,174
m10196,False,True,False,De Novo,223
m10197,False,True,False,De Novo,177
m10198,False,True,False,De Novo,177
m10199,False,True,False,De Novo,181
m10200,False,True,False,De Novo,214
m10201,False,True,False,De Novo,185
m10202,False,True,False,De Novo,207
m10203,False,True,False,De Novo,695
m10204,False,True,False,De Novo,390
m10205,False,True,False,De Novo,203
m10206,False,True,False,De Novo,174
m10208,False,True,False,De Novo,177
m10209,False,True,False,De Novo,819
m10211,False,True,False,De Novo,216
m10212,False,True,False,De Novo,187
m10213,False,True,False,De Novo,252
m10214,False,True,False,De Novo,205
m10215,False,True,False,De Novo,185
m10217,False,True,False,De Novo,173
m10218,False,True,False,De Novo,195
m10219,False,True,False,De Novo,203
m10220,False,True,False,De Novo,185
m10221,False,True,False,De Novo,295
m10222,False,True,False,De Novo,235
m10223,False,True,False,De Novo,192
m10225,False,True,False,De Novo,199
m10226,False,True,False,De Novo,285
m10227,False,True,False,De Novo,174
m10228,False,True,False,De Novo,197
m10229,False,True,False,De Novo,212
m10230,False,True,False,De Novo,326
m10231,False,True,False,De Novo,164
m10234,False,True,False,De Novo,189
m10235,False,True,False,De Novo,408
m10236,False,True,False,De Novo,188
m10237,False,True,False,De Novo,186
m10238,False,True,False,De Novo,247
m10240,False,True,False,De Novo,191
m10242,False,True,False,De Novo,190
m10243,False,True,False,De Novo,178
m10245,False,True,False,De Novo,195
m10246,False,True,False,De Novo,186
m10247,False,True,False,De Novo,327
m10248,False,True,False,De Novo,217
m10249,False,True,False,De Novo,193
m10251,False,True,False,De Novo,265
m10252,False,True,False,De Novo,188
m10253,False,True,False,De Novo,215
m10256,False,True,False,De Novo,224
m10257,False,True,False,De Novo,244
m10259,False,True,False,De Novo,183
m10260,False,True,False,De Novo,742
m10261,False,True,False,De Novo,185
m10262,False,True,False,De Novo,204
m10263,False,True,False,De Novo,173
m10264,False,True,False,De Novo,196
m10265,False,True,False,De Novo,167
m10266,False,True,False,De Novo,192
m10267,False,True,False,De Novo,259
m10268,False,True,False,De Novo,196
m10269,False,True,False,De Novo,204
m10270,False,True,False,De Novo,278
m10271,False,True,False,De Novo,710
m10272,False,True,False,De Novo,738
m10273,False,True,False,De Novo,217
m10274,False,True,False,De Novo,211
m10275,False,True,False,De Novo,170
m10276,False,True,False,De Novo,213
m10277,False,True,False,De Novo,237
m10278,False,True,False,De Novo,286
m10279,False,True,False,De Novo,196
m10281,False,True,False,De Novo,319
m10282,False,True,False,De Novo,199
m10284,False,True,False,De Novo,185
m10285,False,True,False,De Novo,245
m10286,False,True,False,De Novo,501
m10287,False,True,False,De Novo,193
m10288,False,True,False,De Novo,271
m10292,False,True,False,De Novo,362
m10293,False,True,False,De Novo,227
m10294,False,True,False,De Novo,184
m10296,False,True,False,De Novo,273
m10297,False,True,False,De Novo,172
m10299,False,True,False,De Novo,163
m10300,False,True,False,De Novo,261
m10301,False,True,False,De Novo,175
m10302,False,True,False,De Novo,194
m10303,False,True,False,De Novo,166
m10304,False,True,False,De Novo,269
m10305,False,True,False,De Novo,206
m10306,False,True,False,De Novo,269
m10308,False,True,False,De Novo,181
m10309,False,True,False,De Novo,175
m10310,False,True,False,De Novo,199
m10311,False,True,False,De Novo,176
m10315,False,True,False,De Novo,193
m10316,False,True,False,De Novo,182
m10317,False,True,False,De Novo,219
m10318,False,True,False,De Novo,191
m10320,False,True,False,De Novo,191
m10322,False,True,False,De Novo,214
m10323,False,True,False,De Novo,396
m10324,False,True,False,De Novo,245
m10325,False,True,False,De Novo,189
m10326,False,True,False,De Novo,172
m10327,False,True,False,De Novo,195
m10328,False,True,False,De Novo,214
m10329,False,True,False,De Novo,218
m10331,False,True,False,De Novo,186
m10332,False,True,False,De Novo,165
m10333,False,True,False,De Novo,192
m10334,False,True,False,De Novo,191
m10336,False,True,False,De Novo,209
m10337,False,True,False,De Novo,222
m10338,False,True,False,De Novo,277
m10339,False,True,False,De Novo,184
m10341,False,True,False,De Novo,180
m10342,False,True,False,De Novo,221
m10344,False,True,False,De Novo,189
m10345,False,True,False,De Novo,231
m10346,False,True,False,De Novo,207
m10348,False,True,False,De Novo,504
m10349,False,True,False,De Novo,205
m10351,False,True,False,De Novo,168
m10353,False,True,False,De Novo,192
m10354,False,True,False,De Novo,191
m10356,False,True,False,De Novo,213
m10358,False,True,False,De Novo,193
m10360,False,True,False,De Novo,169
m10361,False,True,False,De Novo,214
m10362,False,True,False,De Novo,195
m10363,False,True,False,De Novo,195
m10364,False,True,False,De Novo,200
m10365,False,True,False,De Novo,188
m10369,False,True,False,De Novo,232
m10370,False,True,False,De Novo,234
m10371,False,True,False,De Novo,373
m10372,False,True,False,De Novo,172
m10374,False,True,False,De Novo,190
m10376,False,True,False,De Novo,177
m10378,False,True,False,De Novo,219
m10380,False,True,False,De Novo,161
m10381,False,True,False,De Novo,166
m10382,False,True,False,De Novo,291
m10383,False,True,False,De Novo,203
m10384,False,True,False,De Novo,392
m10385,False,True,False,De Novo,272
m10386,False,True,False,De Novo,193
m10387,False,True,False,De Novo,181
m10388,False,True,False,De Novo,174
m10389,False,True,False,De Novo,204
m10390,False,True,False,De Novo,191
m10391,False,True,False,De Novo,186
m10392,False,True,False,De Novo,204
m10393,False,True,False,De Novo,214
m10396,False,True,False,De Novo,172
m10397,False,True,False,De Novo,203
m10398,False,True,False,De Novo,238
m10399,False,True,False,De Novo,290
m10400,False,True,False,De Novo,172
m10402,False,True,False,De Novo,316
m10403,False,True,False,De Novo,176
m10404,False,True,False,De Novo,160
m10405,False,True,False,De Novo,313
m10406,False,True,False,De Novo,171
m10407,False,True,False,De Novo,195
m10410,False,True,False,De Novo,277
m10411,False,True,False,De Novo,188
m10412,False,True,False,De Novo,264
m10413,False,True,False,De Novo,173
m10414,False,True,False,De Novo,174
m10416,False,True,False,De Novo,174
m10417,False,True,False,De Novo,674
m10418,False,True,False,De Novo,225
m10419,False,True,False,De Novo,161
m10420,False,True,False,De Novo,220
m10421,False,True,False,De Novo,276
m10423,False,True,False,De Novo,191
m10425,False,True,False,De Novo,240
m10426,False,True,False,De Novo,178
m10427,False,True,False,De Novo,191
m10428,False,True,False,De Novo,198
m10429,False,True,False,De Novo,190
m10430,False,True,False,De Novo,173
m10432,False,True,False,De Novo,172
m10433,False,True,False,De Novo,207
m10435,False,True,False,De Novo,188
m10438,False,True,False,De Novo,175
m10439,False,True,False,De Novo,205
m10441,False,True,False,De Novo,298
m10442,False,True,False,De Novo,250
m10444,False,True,False,De Novo,179
m10445,False,True,False,De Novo,194
m10446,False,True,False,De Novo,167
m10448,False,True,False,De Novo,323
m10449,False,True,False,De Novo,214
m10450,False,True,False,De Novo,227
m10451,False,True,False,De Novo,204
m10452,False,True,False,De Novo,262
m10453,False,True,False,De Novo,197
m10454,False,True,False,De Novo,217
m10455,False,True,False,De Novo,193
m10456,False,True,False,De Novo,186
m10457,False,True,False,De Novo,168
m10458,False,True,False,De Novo,200
m10459,False,True,False,De Novo,175
m10460,False,True,False,De Novo,198
m10461,False,True,False,De Novo,168
m10462,False,True,False,De Novo,182
m10464,False,True,False,De Novo,189
m10465,False,True,False,De Novo,194
m10466,False,True,False,De Novo,172
m10468,False,True,False,De Novo,196
m10469,False,True,False,De Novo,269
m10470,False,True,False,De Novo,195
m10471,False,True,False,De Novo,200
m10472,False,True,False,De Novo,161
m10473,False,True,False,De Novo,268
m10474,False,True,False,De Novo,173
m10475,False,True,False,De Novo,282
m10476,False,True,False,De Novo,193
m10477,False,True,False,De Novo,178
m10479,False,True,False,De Novo,214
m10481,False,True,False,De Novo,175
m10482,False,True,False,De Novo,182
m10483,False,True,False,De Novo,175
m10484,False,True,False,De Novo,189
m10486,False,True,False,De Novo,198
m10487,False,True,False,De Novo,210
m10488,False,True,False,De Novo,313
m10489,False,True,False,De Novo,176
m10491,False,True,False,De Novo,362
m10492,False,True,False,De Novo,403
m10493,False,True,False,De Novo,216
m10494,False,True,False,De Novo,200
m10495,False,True,False,De Novo,254
m10497,False,True,False,De Novo,184
m10500,False,True,False,De Novo,188
m10501,False,True,False,De Novo,270
m10502,False,True,False,De Novo,212
m10503,False,True,False,De Novo,174
m10504,False,True,False,De Novo,205
m10505,False,True,False,De Novo,188
m10506,False,True,False,De Novo,204
m10507,False,True,False,De Novo,189
m10508,False,True,False,De Novo,188
m10510,False,True,False,De Novo,164
m10511,False,True,False,De Novo,248
m10512,False,True,False,De Novo,184
m10513,False,True,False,De Novo,206
m10514,False,True,False,De Novo,283
m10515,False,True,False,De Novo,157
m10517,False,True,False,De Novo,171
m10519,False,True,False,De Novo,296
m10521,False,True,False,De Novo,232
m10522,False,True,False,De Novo,258
m10523,False,True,False,De Novo,177
m10525,False,True,False,De Novo,203
m10526,False,True,False,De Novo,281
m10527,False,True,False,De Novo,182
m10528,False,True,False,De Novo,188
m10529,False,True,False,De Novo,179
m10530,False,True,False,De Novo,186
m10531,False,True,False,De Novo,241
m10533,False,True,False,De Novo,190
m10534,False,True,False,De Novo,246
m10536,False,True,False,De Novo,184
m10537,False,True,False,De Novo,280
m10538,False,True,False,De Novo,197
m10540,False,True,False,De Novo,200
m10541,False,True,False,De Novo,213
m10542,False,True,False,De Novo,180
m10545,False,True,False,De Novo,182
m10546,False,True,False,De Novo,201
m10548,False,True,False,De Novo,171
m10549,False,True,False,De Novo,182
m10550,False,True,False,De Novo,183
m10551,False,True,False,De Novo,177
m10552,False,True,False,De Novo,205
m10553,False,True,False,De Novo,214
m10554,False,True,False,De Novo,202
m10556,False,True,False,De Novo,189
m10557,False,True,False,De Novo,191
m10558,False,True,False,De Novo,230
m10559,False,True,False,De Novo,189
m10560,False,True,False,De Novo,188
m10563,False,True,False,De Novo,174
m10564,False,True,False,De Novo,179
m10567,False,True,False,De Novo,190
m10568,False,True,False,De Novo,827
m10569,False,True,False,De Novo,224
m10570,False,True,False,De Novo,216
m10571,False,True,False,De Novo,262
m10573,False,True,False,De Novo,178
m10574,False,True,False,De Novo,221
m10575,False,True,False,De Novo,199
m10576,False,True,False,De Novo,214
m10578,False,True,False,De Novo,176
m10580,False,True,False,De Novo,229
m10582,False,True,False,De Novo,195
m10583,False,True,False,De Novo,220
m10584,False,True,False,De Novo,199
m10585,False,True,False,De Novo,207
m10587,False,True,False,De Novo,203
m10588,False,True,False,De Novo,200
m10589,False,True,False,De Novo,163
m10591,False,True,False,De Novo,204
m10592,False,True,False,De Novo,201
m10593,False,True,False,De Novo,191
m10594,False,True,False,De Novo,265
m10595,False,True,False,De Novo,172
m10596,False,True,False,De Novo,182
m10599,False,True,False,De Novo,191
m10600,False,True,False,De Novo,251
m10601,False,True,False,De Novo,204
m10602,False,True,False,De Novo,197
m10603,False,True,False,De Novo,205
m10604,False,True,False,De Novo,184
m10605,False,True,False,De Novo,193
m10607,False,True,False,De Novo,186
m10608,False,True,False,De Novo,190
m10609,False,True,False,De Novo,193
m10610,False,True,False,De Novo,216
m10611,False,True,False,De Novo,176
m10612,False,True,False,De Novo,172
m10613,False,True,False,De Novo,202
m10615,False,True,False,De Novo,176
m10616,False,True,False,De Novo,205
m10618,False,True,False,De Novo,199
m10619,False,True,False,De Novo,186
m10620,False,True,False,De Novo,189
m10621,False,True,False,De Novo,204
m10622,False,True,False,De Novo,466
m10623,False,True,False,De Novo,198
m10624,False,True,False,De Novo,244
m10625,False,True,False,De Novo,273
m10626,False,True,False,De Novo,210
m10627,False,True,False,De Novo,160
m10628,False,True,False,De Novo,192
m10629,False,True,False,De Novo,202
m10630,False,True,False,De Novo,211
m10631,False,True,False,De Novo,183
m10632,False,True,False,De Novo,208
m10634,False,True,False,De Novo,219
m10635,False,True,False,De Novo,181
m10636,False,True,False,De Novo,181
m10637,False,True,False,De Novo,193
m10639,False,True,False,De Novo,172
m10641,False,True,False,De Novo,209
m10642,False,True,False,De Novo,191
m10643,False,True,False,De Novo,164
m10644,False,True,False,De Novo,179
m10645,False,True,False,De Novo,203
m10646,False,True,False,De Novo,206
m10647,False,True,False,De Novo,211
m10649,False,True,False,De Novo,187
m10650,False,True,False,De Novo,195
m10651,False,True,False,De Novo,583
m10652,False,True,False,De Novo,189
m10654,False,True,False,De Novo,178
m10655,False,True,False,De Novo,186
m10656,False,True,False,De Novo,184
m10657,False,True,False,De Novo,249
m10658,False,True,False,De Novo,193
m10659,False,True,False,De Novo,283
m10660,False,True,False,De Novo,189
m10661,False,True,False,De Novo,231
m10662,False,True,False,De Novo,706
m10663,False,True,False,De Novo,185
m10666,False,True,False,De Novo,194
m10668,False,True,False,De Novo,205
m10670,False,True,False,De Novo,166
m10671,False,True,False,De Novo,182
m10672,False,True,False,De Novo,189
m10673,False,True,False,De Novo,195
m10674,False,True,False,De Novo,177
m10675,False,True,False,De Novo,186
m10676,False,True,False,De Novo,278
m10677,False,True,False,De Novo,169
m10679,False,True,False,De Novo,185
m10680,False,True,False,De Novo,174
m10681,False,True,False,De Novo,168
m10682,False,True,False,De Novo,196
m10683,False,True,False,De Novo,238
m10684,False,True,False,De Novo,252
m10685,False,True,False,De Novo,182
m10686,False,True,False,De Novo,166
m10687,False,True,False,De Novo,177
m10688,False,True,False,De Novo,272
m10689,False,True,False,De Novo,272
m10690,False,True,False,De Novo,174
m10691,False,True,False,De Novo,192
m10693,False,True,False,De Novo,180
m10695,False,True,False,De Novo,221
m10697,False,True,False,De Novo,257
m10698,False,True,False,De Novo,204
m10699,False,True,False,De Novo,214
m10700,False,True,False,De Novo,180
m10701,False,True,False,De Novo,197
m10703,False,True,False,De Novo,184
m10704,False,True,False,De Novo,183
m10705,False,True,False,De Novo,185
m10706,False,True,False,De Novo,168
m10707,False,True,False,De Novo,214
m10708,False,True,False,De Novo,222
m10710,False,True,False,De Novo,204
m10712,False,True,False,De Novo,186
m10713,False,True,False,De Novo,247
m10715,False,True,False,De Novo,256
m10716,False,True,False,De Novo,190
m10717,False,True,False,De Novo,186
m10718,False,True,False,De Novo,183
m10719,False,True,False,De Novo,180
m10720,False,True,False,De Novo,195
m10721,False,True,False,De Novo,195
m10722,False,True,False,De Novo,232
m10723,False,True,False,De Novo,264
m10725,False,True,False,De Novo,320
m10726,False,True,False,De Novo,292
m10727,False,True,False,De Novo,187
m10728,False,True,False,De Novo,189
m10729,False,True,False,De Novo,179
m10734,False,True,False,De Novo,177
m10735,False,True,False,De Novo,190
m10736,False,True,False,De Novo,197
m10737,False,True,False,De Novo,183
m10738,False,True,False,De Novo,203
m10739,False,True,False,De Novo,187
m10740,False,True,False,De Novo,194
m10741,False,True,False,De Novo,194
m10742,False,True,False,De Novo,262
m10743,False,True,False,De Novo,191
m10744,False,True,False,De Novo,169
m10745,False,True,False,De Novo,231
m10746,False,True,False,De Novo,266
m10748,False,True,False,De Novo,179
m10749,False,True,False,De Novo,199
m10750,False,True,False,De Novo,207
m10751,False,True,False,De Novo,181
m10752,False,True,False,De Novo,290
m10753,False,True,False,De Novo,210
m10754,False,True,False,De Novo,160
m10755,False,True,False,De Novo,187
m10756,False,True,False,De Novo,191
m10758,False,True,False,De Novo,270
m10759,False,True,False,De Novo,197
m10760,False,True,False,De Novo,288
m10761,False,True,False,De Novo,214
m10763,False,True,False,De Novo,165
m10764,False,True,False,De Novo,195
m10766,False,True,False,De Novo,195
m10769,False,True,False,De Novo,185
m10770,False,True,False,De Novo,182
m10771,False,True,False,De Novo,204
m10773,False,True,False,De Novo,222
m10774,False,True,False,De Novo,211
m10776,False,True,False,De Novo,200
m10777,False,True,False,De Novo,168
m10778,False,True,False,De Novo,193
m10779,False,True,False,De Novo,240
m10780,False,True,False,De Novo,200
m10782,False,True,False,De Novo,202
m10783,False,True,False,De Novo,191
m10785,False,True,False,De Novo,863
m10786,False,True,False,De Novo,251
m10787,False,True,False,De Novo,201
m10788,False,True,False,De Novo,187
m10789,False,True,False,De Novo,171
m10790,False,True,False,De Novo,181
m10792,False,True,False,De Novo,179
m10793,False,True,False,De Novo,181
m10794,False,True,False,De Novo,192
m10796,False,True,False,De Novo,867
m10797,False,True,False,De Novo,197
m10798,False,True,False,De Novo,169
m10799,False,True,False,De Novo,184
m10802,False,True,False,De Novo,176
m10803,False,True,False,De Novo,247
m10804,False,True,False,De Novo,178
m10805,False,True,False,De Novo,205
m10806,False,True,False,De Novo,343
m10809,False,True,False,De Novo,205
m10810,False,True,False,De Novo,172
m10811,False,True,False,De Novo,207
m10812,False,True,False,De Novo,221
m10813,False,True,False,De Novo,356
m10814,False,True,False,De Novo,205
m10815,False,True,False,De Novo,166
m10816,False,True,False,De Novo,238
m10818,False,True,False,De Novo,207
m10819,False,True,False,De Novo,201
m10821,False,True,False,De Novo,178
m10822,False,True,False,De Novo,186
m10823,False,True,False,De Novo,187
m10824,False,True,False,De Novo,392
m10825,False,True,False,De Novo,185
m10826,False,True,False,De Novo,175
m10827,False,True,False,De Novo,171
m10829,False,True,False,De Novo,235
m10830,False,True,False,De Novo,181
m10831,False,True,False,De Novo,197
m10832,False,True,False,De Novo,223
m10833,False,True,False,De Novo,176
m10834,False,True,False,De Novo,183
m10836,False,True,False,De Novo,384
m10837,False,True,False,De Novo,244
m10839,False,True,False,De Novo,193
m10841,False,True,False,De Novo,204
m10842,False,True,False,De Novo,188
m10845,False,True,False,De Novo,195
m10846,False,True,False,De Novo,181
m10847,False,True,False,De Novo,202
m10848,False,True,False,De Novo,264
m10849,False,True,False,De Novo,183
m10850,False,True,False,De Novo,197
m10851,False,True,False,De Novo,192
m10852,False,True,False,De Novo,220
m10853,False,True,False,De Novo,267
m10854,False,True,False,De Novo,187
m10856,False,True,False,De Novo,200
m10858,False,True,False,De Novo,180
m10859,False,True,False,De Novo,178
m10861,False,True,False,De Novo,176
m10862,False,True,False,De Novo,217
m10863,False,True,False,De Novo,192
m10864,False,True,False,De Novo,218
m10865,False,True,False,De Novo,184
m10866,False,True,False,De Novo,257
m10868,False,True,False,De Novo,167
m10869,False,True,False,De Novo,176
m10872,False,True,False,De Novo,213
m10873,False,True,False,De Novo,206
m10874,False,True,False,De Novo,198
m10876,False,True,False,De Novo,303
m10877,False,True,False,De Novo,201
m10879,False,True,False,De Novo,210
m10881,False,True,False,De Novo,211
m10882,False,True,False,De Novo,167
m10884,False,True,False,De Novo,170
m10886,False,True,False,De Novo,216
m10887,False,True,False,De Novo,332
m10889,False,True,False,De Novo,181
m10891,False,True,False,De Novo,278
m10892,False,True,False,De Novo,313
m10893,False,True,False,De Novo,198
m10894,False,True,False,De Novo,309
m10895,False,True,False,De Novo,187
m10896,False,True,False,De Novo,190
m10897,False,True,False,De Novo,197
m10898,False,True,False,De Novo,204
m10899,False,True,False,De Novo,176
m10900,False,True,False,De Novo,180
m10901,False,True,False,De Novo,247
m10902,False,True,False,De Novo,203
m10903,False,True,False,De Novo,276
m10906,False,True,False,De Novo,197
m10907,False,True,False,De Novo,174
m10908,False,True,False,De Novo,241
m10912,False,True,False,De Novo,267
m10915,False,True,False,De Novo,182
m10916,False,True,False,De Novo,176
m10917,False,True,False,De Novo,258
m10918,False,True,False,De Novo,179
m10919,False,True,False,De Novo,193
m10920,False,True,False,De Novo,267
m10921,False,True,False,De Novo,276
m10922,False,True,False,De Novo,179
m10923,False,True,False,De Novo,180
m10924,False,True,False,De Novo,194
m10925,False,True,False,De Novo,254
m10926,False,True,False,De Novo,192
m10927,False,True,False,De Novo,189
m10928,False,True,False,De Novo,224
m10929,False,True,False,De Novo,290
m10930,False,True,False,De Novo,282
m10931,False,True,False,De Novo,189
m10933,False,True,False,De Novo,227
m10934,False,True,False,De Novo,211
m10935,False,True,False,De Novo,276
m10936,False,True,False,De Novo,235
m10937,False,True,False,De Novo,197
m10940,False,True,False,De Novo,190
m10941,False,True,False,De Novo,424
m10943,False,True,False,De Novo,173
m10944,False,True,False,De Novo,261
m10945,False,True,False,De Novo,166
m10946,False,True,False,De Novo,193
m10947,False,True,False,De Novo,223
m10948,False,True,False,De Novo,194
m10949,False,True,False,De Novo,177
m10950,False,True,False,De Novo,255
m10952,False,True,False,De Novo,195
m10953,False,True,False,De Novo,214
m10954,False,True,False,De Novo,158
m10955,False,True,False,De Novo,321
m10957,False,True,False,De Novo,256
m10958,False,True,False,De Novo,197
m10961,False,True,False,De Novo,205
m10962,False,True,False,De Novo,514
m10963,False,True,False,De Novo,183
m10964,False,True,False,De Novo,171
m10965,False,True,False,De Novo,175
m10967,False,True,False,De Novo,247
m10968,False,True,False,De Novo,197
m10969,False,True,False,De Novo,189
m10970,False,True,False,De Novo,186
m10972,False,True,False,De Novo,200
m10973,False,True,False,De Novo,226
m10974,False,True,False,De Novo,205
m10976,False,True,False,De Novo,191
m10977,False,True,False,De Novo,206
m10978,False,True,False,De Novo,194
m10980,False,True,False,De Novo,200
m10981,False,True,False,De Novo,241
m10983,False,True,False,De Novo,190
m10985,False,True,False,De Novo,167
m10988,False,True,False,De Novo,207
m10989,False,True,False,De Novo,182
m10990,False,True,False,De Novo,208
m10991,False,True,False,De Novo,179
m10992,False,True,False,De Novo,173
m10994,False,True,False,De Novo,195
m10996,False,True,False,De Novo,493
m10997,False,True,False,De Novo,180
m10998,False,True,False,De Novo,259
m11000,False,True,False,De Novo,202
m11001,False,True,False,De Novo,169
m11002,False,True,False,De Novo,241
m11003,False,True,False,De Novo,192
m11004,False,True,False,De Novo,573
m11006,False,True,False,De Novo,191
m11008,False,True,False,De Novo,616
m11009,False,True,False,De Novo,219
m11010,False,True,False,De Novo,751
m11012,False,True,False,De Novo,171
m11013,False,True,False,De Novo,210
m11014,False,True,False,De Novo,185
m11015,False,True,False,De Novo,171
m11018,False,True,False,De Novo,186
m11019,False,True,False,De Novo,170
m11020,False,True,False,De Novo,169
m11021,False,True,False,De Novo,214
m11022,False,True,False,De Novo,200
m11023,False,True,False,De Novo,195
m11024,False,True,False,De Novo,300
m11025,False,True,False,De Novo,182
m11026,False,True,False,De Novo,239
m11027,False,True,False,De Novo,189
m11028,False,True,False,De Novo,194
m11029,False,True,False,De Novo,185
m11030,False,True,False,De Novo,174
m11031,False,True,False,De Novo,171
m11034,False,True,False,De Novo,184
m11035,False,True,False,De Novo,311
m11036,False,True,False,De Novo,171
m11037,False,True,False,De Novo,180
m11039,False,True,False,De Novo,176
m11040,False,True,False,De Novo,168
m11041,False,True,False,De Novo,176
m11042,False,True,False,De Novo,162
m11043,False,True,False,De Novo,215
m11044,False,True,False,De Novo,421
m11045,False,True,False,De Novo,199
m11046,False,True,False,De Novo,184
m11048,False,True,False,De Novo,187
m11049,False,True,False,De Novo,183
m11050,False,True,False,De Novo,257
m11051,False,True,False,De Novo,194
m11052,False,True,False,De Novo,762
m11053,False,True,False,De Novo,197
m11054,False,True,False,De Novo,201
m11055,False,True,False,De Novo,209
m11056,False,True,False,De Novo,182
m11057,False,True,False,De Novo,192
m11058,False,True,False,De Novo,305
m11059,False,True,False,De Novo,192
m11060,False,True,False,De Novo,188
m11061,False,True,False,De Novo,197
m11062,False,True,False,De Novo,259
m11065,False,True,False,De Novo,167
m11068,False,True,False,De Novo,711
m11069,False,True,False,De Novo,183
m11070,False,True,False,De Novo,174
m11072,False,True,False,De Novo,322
m11073,False,True,False,De Novo,178
m11074,False,True,False,De Novo,176
m11075,False,True,False,De Novo,208
m11076,False,True,False,De Novo,192
m11077,False,True,False,De Novo,292
m11079,False,True,False,De Novo,196
m11080,False,True,False,De Novo,177
m11081,False,True,False,De Novo,549
m11082,False,True,False,De Novo,175
m11083,False,True,False,De Novo,859
m11084,False,True,False,De Novo,174
m11085,False,True,False,De Novo,191
m11086,False,True,False,De Novo,202
m11087,False,True,False,De Novo,181
m11088,False,True,False,De Novo,201
m11089,False,True,False,De Novo,211
m11090,False,True,False,De Novo,190
m11091,False,True,False,De Novo,175
m11092,False,True,False,De Novo,183
m11093,False,True,False,De Novo,364
m11094,False,True,False,De Novo,188
m11095,False,True,False,De Novo,168
m11096,False,True,False,De Novo,173
m11097,False,True,False,De Novo,201
m11098,False,True,False,De Novo,174
m11099,False,True,False,De Novo,212
m11100,False,True,False,De Novo,166
m11101,False,True,False,De Novo,434
m11102,False,True,False,De Novo,204
m11103,False,True,False,De Novo,189
m11104,False,True,False,De Novo,179
m11105,False,True,False,De Novo,220
m11106,False,True,False,De Novo,191
m11107,False,True,False,De Novo,177
m11109,False,True,False,De Novo,252
m11110,False,True,False,De Novo,183
m11111,False,True,False,De Novo,184
m11112,False,True,False,De Novo,190
m11113,False,True,False,De Novo,173
m11114,False,True,False,De Novo,198
m11116,False,True,False,De Novo,176
m11117,False,True,False,De Novo,214
m11118,False,True,False,De Novo,195
m11119,False,True,False,De Novo,210
m11121,False,True,False,De Novo,341
m11123,False,True,False,De Novo,267
m11124,False,True,False,De Novo,188
m11128,False,True,False,De Novo,200
m11130,False,True,False,De Novo,195
m11133,False,True,False,De Novo,200
m11134,False,True,False,De Novo,204
m11135,False,True,False,De Novo,173
m11136,False,True,False,De Novo,175
m11137,False,True,False,De Novo,306
m11138,False,True,False,De Novo,184
m11139,False,True,False,De Novo,237
m11140,False,True,False,De Novo,192
m11142,False,True,False,De Novo,190
m11143,False,True,False,De Novo,183
m11144,False,True,False,De Novo,202
m11145,False,True,False,De Novo,169
m11146,False,True,False,De Novo,177
m11148,False,True,False,De Novo,215
m11150,False,True,False,De Novo,158
m11151,False,True,False,De Novo,273
m11152,False,True,False,De Novo,180
m11153,False,True,False,De Novo,160
m11155,False,True,False,De Novo,185
m11156,False,True,False,De Novo,211
m11157,False,True,False,De Novo,183
m11158,False,True,False,De Novo,412
m11160,False,True,False,De Novo,160
m11161,False,True,False,De Novo,213
m11162,False,True,False,De Novo,481
m11163,False,True,False,De Novo,285
m11164,False,True,False,De Novo,200
m11165,False,True,False,De Novo,336
m11166,False,True,False,De Novo,183
m11167,False,True,False,De Novo,187
m11168,False,True,False,De Novo,195
m11169,False,True,False,De Novo,186
m11171,False,True,False,De Novo,254
m11172,False,True,False,De Novo,185
m11173,False,True,False,De Novo,172
m11174,False,True,False,De Novo,186
m11175,False,True,False,De Novo,237
m11177,False,True,False,De Novo,170
m11179,False,True,False,De Novo,181
m11180,False,True,False,De Novo,186
m11181,False,True,False,De Novo,187
m11183,False,True,False,De Novo,191
m11184,False,True,False,De Novo,185
m11185,False,True,False,De Novo,232
m11186,False,True,False,De Novo,206
m11187,False,True,False,De Novo,200
m11189,False,True,False,De Novo,182
m11192,False,True,False,De Novo,179
m11193,False,True,False,De Novo,166
m11195,False,True,False,De Novo,579
m11197,False,True,False,De Novo,171
m11199,False,True,False,De Novo,188
m11201,False,True,False,De Novo,204
m11203,False,True,False,De Novo,170
m11204,False,True,False,De Novo,210
m11205,False,True,False,De Novo,184
m11206,False,True,False,De Novo,183
m11207,False,True,False,De Novo,189
m11209,False,True,False,De Novo,177
m11210,False,True,False,De Novo,204
m11211,False,True,False,De Novo,192
m11212,False,True,False,De Novo,181
m11213,False,True,False,De Novo,169
m11215,False,True,False,De Novo,182
m11216,False,True,False,De Novo,174
m11218,False,True,False,De Novo,207
m11219,False,True,False,De Novo,187
m11220,False,True,False,De Novo,281
m11221,False,True,False,De Novo,212
m11222,False,True,False,De Novo,201
m11223,False,True,False,De Novo,270
m11224,False,True,False,De Novo,199
m11225,False,True,False,De Novo,198
m11227,False,True,False,De Novo,173
m11228,False,True,False,De Novo,192
m11229,False,True,False,De Novo,197
m11230,False,True,False,De Novo,168
m11231,False,True,False,De Novo,168
m11232,False,True,False,De Novo,184
m11233,False,True,False,De Novo,228
m11234,False,True,False,De Novo,164
m11236,False,True,False,De Novo,212
m11237,False,True,False,De Novo,195
m11238,False,True,False,De Novo,201
m11239,False,True,False,De Novo,210
m11240,False,True,False,De Novo,171
m11241,False,True,False,De Novo,175
m11242,False,True,False,De Novo,209
m11243,False,True,False,De Novo,177
m11244,False,True,False,De Novo,170
m11245,False,True,False,De Novo,199
m11246,False,True,False,De Novo,174
m11247,False,True,False,De Novo,202
m11249,False,True,False,De Novo,170
m11250,False,True,False,De Novo,182
m11251,False,True,False,De Novo,207
m11252,False,True,False,De Novo,205
m11253,False,True,False,De Novo,200
m11254,False,True,False,De Novo,203
m11255,False,True,False,De Novo,288
m11256,False,True,False,De Novo,220
m11257,False,True,False,De Novo,204
m11258,False,True,False,De Novo,171
m11259,False,True,False,De Novo,295
m11260,False,True,False,De Novo,190
m11261,False,True,False,De Novo,213
m11262,False,True,False,De Novo,177
m11263,False,True,False,De Novo,199
m11264,False,True,False,De Novo,299
m11265,False,True,False,De Novo,172
m11266,False,True,False,De Novo,193
m11268,False,True,False,De Novo,173
m11269,False,True,False,De Novo,179
m11270,False,True,False,De Novo,283
m11271,False,True,False,De Novo,200
m11272,False,True,False,De Novo,178
m11273,False,True,False,De Novo,274
m11274,False,True,False,De Novo,224
m11275,False,True,False,De Novo,209
m11276,False,True,False,De Novo,178
m11277,False,True,False,De Novo,257
m11278,False,True,False,De Novo,269
m11280,False,True,False,De Novo,199
m11281,False,True,False,De Novo,193
m11283,False,True,False,De Novo,191
m11284,False,True,False,De Novo,166
m11285,False,True,False,De Novo,194
m11286,False,True,False,De Novo,234
m11287,False,True,False,De Novo,190
m11288,False,True,False,De Novo,265
m11289,False,True,False,De Novo,538
m11290,False,True,False,De Novo,192
m11291,False,True,False,De Novo,197
m11292,False,True,False,De Novo,173
m11293,False,True,False,De Novo,173
m11294,False,True,False,De Novo,192
m11295,False,True,False,De Novo,173
m11296,False,True,False,De Novo,206
m11297,False,True,False,De Novo,185
m11298,False,True,False,De Novo,192
m11299,False,True,False,De Novo,239
m11300,False,True,False,De Novo,171
m11301,False,True,False,De Novo,253
m11302,False,True,False,De Novo,865
m11303,False,True,False,De Novo,177
m11305,False,True,False,De Novo,179
m11306,False,True,False,De Novo,180
m11307,False,True,False,De Novo,170
m11308,False,True,False,De Novo,195
m11309,False,True,False,De Novo,182
m11311,False,True,False,De Novo,667
m11312,False,True,False,De Novo,205
m11313,False,True,False,De Novo,202
m11314,False,True,False,De Novo,243
m11315,False,True,False,De Novo,194
m11316,False,True,False,De Novo,294
m11318,False,True,False,De Novo,181
m11319,False,True,False,De Novo,194
m11320,False,True,False,De Novo,193
m11321,False,True,False,De Novo,816
m11322,False,True,False,De Novo,185
m11323,False,True,False,De Novo,171
m11325,False,True,False,De Novo,194
m11327,False,True,False,De Novo,181
m11328,False,True,False,De Novo,310
m11329,False,True,False,De Novo,198
m11331,False,True,False,De Novo,199
m11332,False,True,False,De Novo,230
m11333,False,True,False,De Novo,287
m11334,False,True,False,De Novo,215
m11336,False,True,False,De Novo,183
m11337,False,True,False,De Novo,185
m11338,False,True,False,De Novo,221
m11339,False,True,False,De Novo,167
m11340,False,True,False,De Novo,183
m11341,False,True,False,De Novo,187
m11342,False,True,False,De Novo,202
m11344,False,True,False,De Novo,159
m11345,False,True,False,De Novo,813
m11346,False,True,False,De Novo,187
m11347,False,True,False,De Novo,174
m11348,False,True,False,De Novo,208
m11349,False,True,False,De Novo,182
m11350,False,True,False,De Novo,208
m11352,False,True,False,De Novo,185
m11354,False,True,False,De Novo,229
m11355,False,True,False,De Novo,192
m11356,False,True,False,De Novo,208
m11357,False,True,False,De Novo,374
m11359,False,True,False,De Novo,196
m11360,False,True,False,De Novo,184
m11361,False,True,False,De Novo,179
m11362,False,True,False,De Novo,177
m11363,False,True,False,De Novo,205
m11364,False,True,False,De Novo,194
m11365,False,True,False,De Novo,213
m11366,False,True,False,De Novo,189
m11367,False,True,False,De Novo,188
m11369,False,True,False,De Novo,184
m11370,False,True,False,De Novo,333
m11372,False,True,False,De Novo,192
m11373,False,True,False,De Novo,163
m11374,False,True,False,De Novo,205
m11375,False,True,False,De Novo,200
m11376,False,True,False,De Novo,176
m11377,False,True,False,De Novo,192
m11378,False,True,False,De Novo,244
m11379,False,True,False,De Novo,196
m11380,False,True,False,De Novo,185
m11382,False,True,False,De Novo,199
m11383,False,True,False,De Novo,398
m11384,False,True,False,De Novo,195
m11385,False,True,False,De Novo,189
m11386,False,True,False,De Novo,191
m11387,False,True,False,De Novo,174
m11388,False,True,False,De Novo,185
m11389,False,True,False,De Novo,190
m11390,False,True,False,De Novo,189
m11391,False,True,False,De Novo,202
m11392,False,True,False,De Novo,268
m11393,False,True,False,De Novo,168
m11394,False,True,False,De Novo,186
m11395,False,True,False,De Novo,194
m11397,False,True,False,De Novo,201
m11398,False,True,False,De Novo,174
m11400,False,True,False,De Novo,252
m11401,False,True,False,De Novo,172
m11402,False,True,False,De Novo,296
m11403,False,True,False,De Novo,221
m11407,False,True,False,De Novo,199
m11408,False,True,False,De Novo,444
m11409,False,True,False,De Novo,178
m11410,False,True,False,De Novo,216
m11411,False,True,False,De Novo,517
m11412,False,True,False,De Novo,298
m11414,False,True,False,De Novo,213
m11415,False,True,False,De Novo,198
m11416,False,True,False,De Novo,198
m11418,False,True,False,De Novo,275
m11419,False,True,False,De Novo,256
m11420,False,True,False,De Novo,216
m11421,False,True,False,De Novo,196
m11422,False,True,False,De Novo,177
m11423,False,True,False,De Novo,187
m11424,False,True,False,De Novo,194
m11425,False,True,False,De Novo,171
m11426,False,True,False,De Novo,193
m11427,False,True,False,De Novo,191
m11428,False,True,False,De Novo,171
m11429,False,True,False,De Novo,198
m11430,False,True,False,De Novo,211
m11431,False,True,False,De Novo,180
m11433,False,True,False,De Novo,191
m11434,False,True,False,De Novo,221
m11435,False,True,False,De Novo,313
m11436,False,True,False,De Novo,258
m11438,False,True,False,De Novo,181
m11439,False,True,False,De Novo,195
m11440,False,True,False,De Novo,165
m11441,False,True,False,De Novo,201
m11442,False,True,False,De Novo,169
m11443,False,True,False,De Novo,194
m11444,False,True,False,De Novo,183
m11445,False,True,False,De Novo,209
m11446,False,True,False,De Novo,194
m11447,False,True,False,De Novo,284
m11449,False,True,False,De Novo,189
m11450,False,True,False,De Novo,185
m11451,False,True,False,De Novo,180
m11452,False,True,False,De Novo,163
m11454,False,True,False,De Novo,171
m11455,False,True,False,De Novo,187
m11456,False,True,False,De Novo,174
m11457,False,True,False,De Novo,189
m11458,False,True,False,De Novo,264
m11459,False,True,False,De Novo,258
m11461,False,True,False,De Novo,187
m11462,False,True,False,De Novo,184
m11463,False,True,False,De Novo,183
m11466,False,True,False,De Novo,174
m11468,False,True,False,De Novo,181
m11470,False,True,False,De Novo,194
m11471,False,True,False,De Novo,231
m11472,False,True,False,De Novo,175
m11473,False,True,False,De Novo,272
m11474,False,True,False,De Novo,193
m11475,False,True,False,De Novo,178
m11476,False,True,False,De Novo,182
m11477,False,True,False,De Novo,284
m11478,False,True,False,De Novo,187
m11480,False,True,False,De Novo,199
m11481,False,True,False,De Novo,226
m11483,False,True,False,De Novo,254
m11484,False,True,False,De Novo,181
m11485,False,True,False,De Novo,190
m11487,False,True,False,De Novo,283
m11488,False,True,False,De Novo,178
m11489,False,True,False,De Novo,155
m11490,False,True,False,De Novo,175
m11491,False,True,False,De Novo,163
m11492,False,True,False,De Novo,197
m11493,False,True,False,De Novo,192
m11494,False,True,False,De Novo,303
m11495,False,True,False,De Novo,205
m11496,False,True,False,De Novo,179
m11497,False,True,False,De Novo,184
m11498,False,True,False,De Novo,187
m11499,False,True,False,De Novo,208
m11501,False,True,False,De Novo,269
m11502,False,True,False,De Novo,205
m11503,False,True,False,De Novo,211
m11504,False,True,False,De Novo,177
m11505,False,True,False,De Novo,204
m11506,False,True,False,De Novo,268
m11508,False,True,False,De Novo,337
m11509,False,True,False,De Novo,262
m11510,False,True,False,De Novo,182
m11511,False,True,False,De Novo,172
m11512,False,True,False,De Novo,205
m11513,False,True,False,De Novo,505
m11514,False,True,False,De Novo,187
m11515,False,True,False,De Novo,217
m11516,False,True,False,De Novo,281
m11517,False,True,False,De Novo,166
m11518,False,True,False,De Novo,185
m11519,False,True,False,De Novo,177
m11521,False,True,False,De Novo,184
m11522,False,True,False,De Novo,171
m11523,False,True,False,De Novo,200
m11524,False,True,False,De Novo,207
m11525,False,True,False,De Novo,181
m11526,False,True,False,De Novo,191
m11530,False,True,False,De Novo,205
m11531,False,True,False,De Novo,265
m11532,False,True,False,De Novo,175
m11533,False,True,False,De Novo,223
m11534,False,True,False,De Novo,208
m11535,False,True,False,De Novo,212
m11536,False,True,False,De Novo,190
m11537,False,True,False,De Novo,199
m11538,False,True,False,De Novo,787
m11539,False,True,False,De Novo,178
m11540,False,True,False,De Novo,175
m11541,False,True,False,De Novo,203
m11542,False,True,False,De Novo,179
m11543,False,True,False,De Novo,174
m11544,False,True,False,De Novo,200
m11545,False,True,False,De Novo,171
m11546,False,True,False,De Novo,198
m11547,False,True,False,De Novo,194
m11548,False,True,False,De Novo,260
m11549,False,True,False,De Novo,188
m11550,False,True,False,De Novo,175
m11551,False,True,False,De Novo,157
m11552,False,True,False,De Novo,161
m11554,False,True,False,De Novo,215
m11555,False,True,False,De Novo,212
m11556,False,True,False,De Novo,195
m11559,False,True,False,De Novo,216
m11560,False,True,False,De Novo,174
m11561,False,True,False,De Novo,179
m11562,False,True,False,De Novo,179
m11563,False,True,False,De Novo,300
m11564,False,True,False,De Novo,191
m11565,False,True,False,De Novo,198
m11566,False,True,False,De Novo,183
m11567,False,True,False,De Novo,174
m11568,False,True,False,De Novo,760
m11569,False,True,False,De Novo,188
m11570,False,True,False,De Novo,197
m11571,False,True,False,De Novo,170
m11572,False,True,False,De Novo,182
m11573,False,True,False,De Novo,238
m11575,False,True,False,De Novo,208
m11576,False,True,False,De Novo,209
m11577,False,True,False,De Novo,174
m11578,False,True,False,De Novo,162
m11579,False,True,False,De Novo,188
m11580,False,True,False,De Novo,159
m11583,False,True,False,De Novo,179
m11584,False,True,False,De Novo,597
m11585,False,True,False,De Novo,275
m11586,False,True,False,De Novo,202
m11587,False,True,False,De Novo,258
m11588,False,True,False,De Novo,298
m11589,False,True,False,De Novo,167
m11590,False,True,False,De Novo,217
m11592,False,True,False,De Novo,160
m11593,False,True,False,De Novo,216
m11597,False,True,False,De Novo,221
m11599,False,True,False,De Novo,202
m11601,False,True,False,De Novo,862
m11602,False,True,False,De Novo,182
m11603,False,True,False,De Novo,185
m11604,False,True,False,De Novo,185
m11605,False,True,False,De Novo,204
m11606,False,True,False,De Novo,248
m11609,False,True,False,De Novo,180
m11610,False,True,False,De Novo,187
m11611,False,True,False,De Novo,278
m11612,False,True,False,De Novo,196
m11613,False,True,False,De Novo,186
m11614,False,True,False,De Novo,166
m11615,False,True,False,De Novo,176
m11616,False,True,False,De Novo,203
m11617,False,True,False,De Novo,201
m11618,False,True,False,De Novo,172
m11619,False,True,False,De Novo,365
m11620,False,True,False,De Novo,403
m11622,False,True,False,De Novo,202
m11625,False,True,False,De Novo,182
m11626,False,True,False,De Novo,168
m11627,False,True,False,De Novo,243
m11628,False,True,False,De Novo,178
m11629,False,True,False,De Novo,275
m11630,False,True,False,De Novo,175
m11632,False,True,False,De Novo,201
m11633,False,True,False,De Novo,183
m11634,False,True,False,De Novo,193
m11636,False,True,False,De Novo,161
m11637,False,True,False,De Novo,176
m11638,False,True,False,De Novo,186
m11639,False,True,False,De Novo,201
m11640,False,True,False,De Novo,219
m11642,False,True,False,De Novo,189
m11643,False,True,False,De Novo,163
m11644,False,True,False,De Novo,169
m11645,False,True,False,De Novo,266
m11646,False,True,False,De Novo,274
m11647,False,True,False,De Novo,171
m11648,False,True,False,De Novo,181
m11650,False,True,False,De Novo,181
m11651,False,True,False,De Novo,418
m11653,False,True,False,De Novo,168
m11654,False,True,False,De Novo,181
m11655,False,True,False,De Novo,254
m11656,False,True,False,De Novo,217
m11657,False,True,False,De Novo,204
m11659,False,True,False,De Novo,191
m11661,False,True,False,De Novo,302
m11662,False,True,False,De Novo,180
m11664,False,True,False,De Novo,168
m11666,False,True,False,De Novo,208
m11667,False,True,False,De Novo,444
m11668,False,True,False,De Novo,199
m11669,False,True,False,De Novo,203
m11670,False,True,False,De Novo,385
m11671,False,True,False,De Novo,191
m11675,False,True,False,De Novo,182
m11676,False,True,False,De Novo,193
m11678,False,True,False,De Novo,166
m11679,False,True,False,De Novo,283
m11680,False,True,False,De Novo,179
m11681,False,True,False,De Novo,216
m11682,False,True,False,De Novo,293
m11683,False,True,False,De Novo,183
m11684,False,True,False,De Novo,254
m11685,False,True,False,De Novo,185
m11686,False,True,False,De Novo,172
m11687,False,True,False,De Novo,191
m11688,False,True,False,De Novo,219
m11689,False,True,False,De Novo,226
m11690,False,True,False,De Novo,188
m11691,False,True,False,De Novo,211
m11692,False,True,False,De Novo,185
m11693,False,True,False,De Novo,191
m11695,False,True,False,De Novo,182
m11699,False,True,False,De Novo,197
m11700,False,True,False,De Novo,236
m11701,False,True,False,De Novo,233
m11702,False,True,False,De Novo,223
m11704,False,True,False,De Novo,173
m11705,False,True,False,De Novo,184
m11707,False,True,False,De Novo,172
m11708,False,True,False,De Novo,314
m11709,False,True,False,De Novo,230
m11710,False,True,False,De Novo,763
m11711,False,True,False,De Novo,293
m11713,False,True,False,De Novo,215
m11714,False,True,False,De Novo,180
m11715,False,True,False,De Novo,189
m11716,False,True,False,De Novo,191
m11717,False,True,False,De Novo,159
m11718,False,True,False,De Novo,196
m11719,False,True,False,De Novo,189
m11720,False,True,False,De Novo,273
m11721,False,True,False,De Novo,278
m11723,False,True,False,De Novo,200
m11724,False,True,False,De Novo,213
m11725,False,True,False,De Novo,199
m11726,False,True,False,De Novo,273
m11728,False,True,False,De Novo,187
m11729,False,True,False,De Novo,203
m11730,False,True,False,De Novo,172
m11731,False,True,False,De Novo,185
m11732,False,True,False,De Novo,189
m11733,False,True,False,De Novo,266
m11736,False,True,False,De Novo,215
m11737,False,True,False,De Novo,208
m11738,False,True,False,De Novo,303
m11739,False,True,False,De Novo,206
m11740,False,True,False,De Novo,169
m11742,False,True,False,De Novo,221
m11743,False,True,False,De Novo,185
m11744,False,True,False,De Novo,241
m11745,False,True,False,De Novo,247
m11746,False,True,False,De Novo,183
m11748,False,True,False,De Novo,181
m11749,False,True,False,De Novo,559
m11752,False,True,False,De Novo,199
m11754,False,True,False,De Novo,186
m11755,False,True,False,De Novo,272
m11756,False,True,False,De Novo,207
m11757,False,True,False,De Novo,177
m11758,False,True,False,De Novo,202
m11762,False,True,False,De Novo,252
m11763,False,True,False,De Novo,178
m11764,False,True,False,De Novo,185
m11765,False,True,False,De Novo,204
m11766,False,True,False,De Novo,233
m11767,False,True,False,De Novo,201
m11768,False,True,False,De Novo,347
m11769,False,True,False,De Novo,183
m11770,False,True,False,De Novo,162
m11771,False,True,False,De Novo,341
m11772,False,True,False,De Novo,188
m11773,False,True,False,De Novo,260
m11774,False,True,False,De Novo,271
m11775,False,True,False,De Novo,184
m11777,False,True,False,De Novo,218
m11778,False,True,False,De Novo,170
m11779,False,True,False,De Novo,186
m11780,False,True,False,De Novo,192
m11781,False,True,False,De Novo,251
m11782,False,True,False,De Novo,187
m11783,False,True,False,De Novo,168
m11784,False,True,False,De Novo,162
m11787,False,True,False,De Novo,226
m11788,False,True,False,De Novo,214
m11790,False,True,False,De Novo,301
m11791,False,True,False,De Novo,192
m11792,False,True,False,De Novo,193
m11795,False,True,False,De Novo,193
m11796,False,True,False,De Novo,183
m11798,False,True,False,De Novo,278
m11799,False,True,False,De Novo,257
m11800,False,True,False,De Novo,189
m11801,False,True,False,De Novo,178
m11802,False,True,False,De Novo,162
m11804,False,True,False,De Novo,190
m11805,False,True,False,De Novo,182
m11806,False,True,False,De Novo,192
m11808,False,True,False,De Novo,193
m11809,False,True,False,De Novo,304
m11811,False,True,False,De Novo,194
m11812,False,True,False,De Novo,177
m11813,False,True,False,De Novo,176
m11814,False,True,False,De Novo,186
m11815,False,True,False,De Novo,317
m11816,False,True,False,De Novo,194
m11819,False,True,False,De Novo,181
m11820,False,True,False,De Novo,205
m11821,False,True,False,De Novo,208
m11822,False,True,False,De Novo,178
m11823,False,True,False,De Novo,190
m11824,False,True,False,De Novo,188
m11825,False,True,False,De Novo,184
m11826,False,True,False,De Novo,195
m11827,False,True,False,De Novo,226
m11829,False,True,False,De Novo,178
m11830,False,True,False,De Novo,192
m11831,False,True,False,De Novo,289
m11832,False,True,False,De Novo,174
m11833,False,True,False,De Novo,245
m11834,False,True,False,De Novo,196
m11835,False,True,False,De Novo,193
m11836,False,True,False,De Novo,200
m11837,False,True,False,De Novo,193
m11838,False,True,False,De Novo,195
m11839,False,True,False,De Novo,281
m11842,False,True,False,De Novo,275
m11843,False,True,False,De Novo,799
m11844,False,True,False,De Novo,178
m11845,False,True,False,De Novo,187
m11846,False,True,False,De Novo,201
m11847,False,True,False,De Novo,179
m11849,False,True,False,De Novo,186
m11850,False,True,False,De Novo,179
m11851,False,True,False,De Novo,197
m11852,False,True,False,De Novo,256
m11853,False,True,False,De Novo,183
m11855,False,True,False,De Novo,253
m11856,False,True,False,De Novo,245
m11857,False,True,False,De Novo,232
m11858,False,True,False,De Novo,249
m11859,False,True,False,De Novo,248
m11860,False,True,False,De Novo,210
m11862,False,True,False,De Novo,236
m11864,False,True,False,De Novo,296
m11866,False,True,False,De Novo,263
m11869,False,True,False,De Novo,182
m11870,False,True,False,De Novo,315
m11872,False,True,False,De Novo,173
m11873,False,True,False,De Novo,190
m11874,False,True,False,De Novo,201
m11875,False,True,False,De Novo,178
m11877,False,True,False,De Novo,301
m11878,False,True,False,De Novo,232
m11879,False,True,False,De Novo,183
m11880,False,True,False,De Novo,202
m11882,False,True,False,De Novo,199
m11883,False,True,False,De Novo,172
m11885,False,True,False,De Novo,210
m11886,False,True,False,De Novo,191
m11887,False,True,False,De Novo,194
m11888,False,True,False,De Novo,171
m11889,False,True,False,De Novo,598
m11891,False,True,False,De Novo,271
m11892,False,True,False,De Novo,209
m11893,False,True,False,De Novo,175
m11894,False,True,False,De Novo,276
m11895,False,True,False,De Novo,184
m11896,False,True,False,De Novo,180
m11897,False,True,False,De Novo,230
m11898,False,True,False,De Novo,253
m11899,False,True,False,De Novo,266
m11900,False,True,False,De Novo,186
m11901,False,True,False,De Novo,296
m11902,False,True,False,De Novo,170
m11903,False,True,False,De Novo,180
m11905,False,True,False,De Novo,177
m11908,False,True,False,De Novo,194
m11909,False,True,False,De Novo,175
m11911,False,True,False,De Novo,474
m11912,False,True,False,De Novo,191
m11914,False,True,False,De Novo,200
m11915,False,True,False,De Novo,183
m11916,False,True,False,De Novo,183
m11918,False,True,False,De Novo,184
m11919,False,True,False,De Novo,204
m11920,False,True,False,De Novo,178
m11921,False,True,False,De Novo,277
m11922,False,True,False,De Novo,183
m11923,False,True,False,De Novo,232
m11924,False,True,False,De Novo,203
m11926,False,True,False,De Novo,199
m11927,False,True,False,De Novo,220
m11928,False,True,False,De Novo,243
m11929,False,True,False,De Novo,285
m11930,False,True,False,De Novo,200
m11931,False,True,False,De Novo,686
m11933,False,True,False,De Novo,192
m11934,False,True,False,De Novo,212
m11935,False,True,False,De Novo,187
m11936,False,True,False,De Novo,203
m11937,False,True,False,De Novo,247
m11938,False,True,False,De Novo,192
m11939,False,True,False,De Novo,179
m11940,False,True,False,De Novo,205
m11941,False,True,False,De Novo,182
m11943,False,True,False,De Novo,190
m11944,False,True,False,De Novo,186
m11945,False,True,False,De Novo,252
m11947,False,True,False,De Novo,173
m11948,False,True,False,De Novo,252
m11949,False,True,False,De Novo,262
m11950,False,True,False,De Novo,210
m11951,False,True,False,De Novo,158
m11952,False,True,False,De Novo,169
m11953,False,True,False,De Novo,199
m11954,False,True,False,De Novo,209
m11955,False,True,False,De Novo,177
m11956,False,True,False,De Novo,251
m11957,False,True,False,De Novo,511
m11960,False,True,False,De Novo,195
m11961,False,True,False,De Novo,213
m11962,False,True,False,De Novo,232
m11963,False,True,False,De Novo,282
m11964,False,True,False,De Novo,176
m11965,False,True,False,De Novo,246
m11966,False,True,False,De Novo,184
m11967,False,True,False,De Novo,207
m11968,False,True,False,De Novo,210
m11970,False,True,False,De Novo,216
m11971,False,True,False,De Novo,199
m11972,False,True,False,De Novo,158
m11973,False,True,False,De Novo,204
m11975,False,True,False,De Novo,191
m11976,False,True,False,De Novo,196
m11977,False,True,False,De Novo,229
m11978,False,True,False,De Novo,311
m11979,False,True,False,De Novo,218
m11980,False,True,False,De Novo,742
m11981,False,True,False,De Novo,169
m11982,False,True,False,De Novo,210
m11983,False,True,False,De Novo,419
m11984,False,True,False,De Novo,175
m11985,False,True,False,De Novo,206
m11986,False,True,False,De Novo,200
m11988,False,True,False,De Novo,179
m11990,False,True,False,De Novo,156
m11991,False,True,False,De Novo,185
m11992,False,True,False,De Novo,181
m11993,False,True,False,De Novo,189
m11994,False,True,False,De Novo,173
m11995,False,True,False,De Novo,175
m11996,False,True,False,De Novo,235
m11998,False,True,False,De Novo,178
m12000,False,True,False,De Novo,549
m12001,False,True,False,De Novo,205
m12002,False,True,False,De Novo,198
m12003,False,True,False,De Novo,203
m12004,False,True,False,De Novo,191
m12005,False,True,False,De Novo,191
m12006,False,True,False,De Novo,182
m12008,False,True,False,De Novo,182
m12009,False,True,False,De Novo,186
m12010,False,True,False,De Novo,206
m12011,False,True,False,De Novo,182
m12013,False,True,False,De Novo,271
m12014,False,True,False,De Novo,208
m12015,False,True,False,De Novo,159
m12016,False,True,False,De Novo,168
m12017,False,True,False,De Novo,189
m12018,False,True,False,De Novo,187
m12019,False,True,False,De Novo,185
m12021,False,True,False,De Novo,201
m12022,False,True,False,De Novo,347
m12025,False,True,False,De Novo,224
m12026,False,True,False,De Novo,206
m12027,False,True,False,De Novo,177
m12028,False,True,False,De Novo,169
m12029,False,True,False,De Novo,205
m12030,False,True,False,De Novo,175
m12031,False,True,False,De Novo,311
m12033,False,True,False,De Novo,171
m12035,False,True,False,De Novo,187
m12036,False,True,False,De Novo,181
m12037,False,True,False,De Novo,196
m12039,False,True,False,De Novo,171
m12040,False,True,False,De Novo,186
m12041,False,True,False,De Novo,270
m12042,False,True,False,De Novo,207
m12043,False,True,False,De Novo,781
m12044,False,True,False,De Novo,455
m12048,False,True,False,De Novo,191
m12049,False,True,False,De Novo,312
m12052,False,True,False,De Novo,180
m12054,False,True,False,De Novo,170
m12055,False,True,False,De Novo,192
m12057,False,True,False,De Novo,182
m12058,False,True,False,De Novo,190
m12059,False,True,False,De Novo,212
m12060,False,True,False,De Novo,199
m12061,False,True,False,De Novo,173
m12064,False,True,False,De Novo,180
m12065,False,True,False,De Novo,185
m12069,False,True,False,De Novo,199
m12070,False,True,False,De Novo,193
m12071,False,True,False,De Novo,268
m12072,False,True,False,De Novo,196
m12073,False,True,False,De Novo,186
m12074,False,True,False,De Novo,215
m12075,False,True,False,De Novo,173
m12077,False,True,False,De Novo,250
m12078,False,True,False,De Novo,183
m12079,False,True,False,De Novo,187
m12081,False,True,False,De Novo,220
m12082,False,True,False,De Novo,182
m12083,False,True,False,De Novo,215
m12084,False,True,False,De Novo,180
m12086,False,True,False,De Novo,191
m12087,False,True,False,De Novo,185
m12088,False,True,False,De Novo,195
m12089,False,True,False,De Novo,177
m12090,False,True,False,De Novo,192
m12091,False,True,False,De Novo,178
m12092,False,True,False,De Novo,178
m12094,False,True,False,De Novo,178
m12095,False,True,False,De Novo,201
m12097,False,True,False,De Novo,179
m12098,False,True,False,De Novo,673
m12100,False,True,False,De Novo,180
m12102,False,True,False,De Novo,210
m12103,False,True,False,De Novo,193
m12104,False,True,False,De Novo,196
m12105,False,True,False,De Novo,174
m12106,False,True,False,De Novo,201
m12107,False,True,False,De Novo,173
m12108,False,True,False,De Novo,175
m12111,False,True,False,De Novo,196
m12112,False,True,False,De Novo,188
m12113,False,True,False,De Novo,178
m12114,False,True,False,De Novo,197
m12116,False,True,False,De Novo,202
m12117,False,True,False,De Novo,188
m12118,False,True,False,De Novo,179
m12119,False,True,False,De Novo,175
m12120,False,True,False,De Novo,212
m12121,False,True,False,De Novo,458
m12122,False,True,False,De Novo,251
m12123,False,True,False,De Novo,287
m12124,False,True,False,De Novo,182
m12125,False,True,False,De Novo,181
m12126,False,True,False,De Novo,266
m12127,False,True,False,De Novo,184
m12128,False,True,False,De Novo,185
m12129,False,True,False,De Novo,184
m12130,False,True,False,De Novo,258
m12132,False,True,False,De Novo,196
m12134,False,True,False,De Novo,182
m12135,False,True,False,De Novo,205
m12136,False,True,False,De Novo,184
m12137,False,True,False,De Novo,175
m12138,False,True,False,De Novo,195
m12139,False,True,False,De Novo,185
m12140,False,True,False,De Novo,195
m12141,False,True,False,De Novo,418
m12142,False,True,False,De Novo,419
m12143,False,True,False,De Novo,202
m12144,False,True,False,De Novo,198
m12145,False,True,False,De Novo,550
m12146,False,True,False,De Novo,180
m12147,False,True,False,De Novo,198
m12148,False,True,False,De Novo,190
m12150,False,True,False,De Novo,187
m12151,False,True,False,De Novo,202
m12152,False,True,False,De Novo,280
m12153,False,True,False,De Novo,153
m12155,False,True,False,De Novo,190
m12157,False,True,False,De Novo,192
m12158,False,True,False,De Novo,219
m12159,False,True,False,De Novo,182
m12160,False,True,False,De Novo,184
m12161,False,True,False,De Novo,205
m12162,False,True,False,De Novo,187
m12163,False,True,False,De Novo,184
m12164,False,True,False,De Novo,212
m12165,False,True,False,De Novo,217
m12166,False,True,False,De Novo,173
m12167,False,True,False,De Novo,206
m12168,False,True,False,De Novo,191
m12169,False,True,False,De Novo,174
m12170,False,True,False,De Novo,216
m12173,False,True,False,De Novo,205
m12174,False,True,False,De Novo,196
m12175,False,True,False,De Novo,196
m12176,False,True,False,De Novo,241
m12177,False,True,False,De Novo,177
m12178,False,True,False,De Novo,273
m12179,False,True,False,De Novo,190
m12180,False,True,False,De Novo,179
m12184,False,True,False,De Novo,208
m12185,False,True,False,De Novo,183
m12186,False,True,False,De Novo,801
m12189,False,True,False,De Novo,169
m12190,False,True,False,De Novo,170
m12191,False,True,False,De Novo,190
m12192,False,True,False,De Novo,311
m12193,False,True,False,De Novo,192
m12194,False,True,False,De Novo,189
m12196,False,True,False,De Novo,195
m12197,False,True,False,De Novo,191
m12198,False,True,False,De Novo,237
m12199,False,True,False,De Novo,189
m12200,False,True,False,De Novo,215
m12201,False,True,False,De Novo,182
m12202,False,True,False,De Novo,173
m12204,False,True,False,De Novo,288
m12205,False,True,False,De Novo,237
m12207,False,True,False,De Novo,190
m12208,False,True,False,De Novo,286
m12209,False,True,False,De Novo,175
m12211,False,True,False,De Novo,198
m12212,False,True,False,De Novo,174
m12213,False,True,False,De Novo,217
m12215,False,True,False,De Novo,684
m12216,False,True,False,De Novo,181
m12218,False,True,False,De Novo,192
m12219,False,True,False,De Novo,181
m12220,False,True,False,De Novo,195
m12221,False,True,False,De Novo,831
m12223,False,True,False,De Novo,180
m12225,False,True,False,De Novo,225
m12226,False,True,False,De Novo,194
m12228,False,True,False,De Novo,214
m12229,False,True,False,De Novo,393
m12231,False,True,False,De Novo,167
m12232,False,True,False,De Novo,177
m12233,False,True,False,De Novo,509
m12234,False,True,False,De Novo,188
m12237,False,True,False,De Novo,161
m12238,False,True,False,De Novo,196
m12239,False,True,False,De Novo,235
m12240,False,True,False,De Novo,182
m12241,False,True,False,De Novo,258
m12242,False,True,False,De Novo,170
m12243,False,True,False,De Novo,159
m12244,False,True,False,De Novo,250
m12245,False,True,False,De Novo,199
m12246,False,True,False,De Novo,186
m12248,False,True,False,De Novo,176
m12249,False,True,False,De Novo,174
m12251,False,True,False,De Novo,263
m12252,False,True,False,De Novo,263
m12253,False,True,False,De Novo,270
m12254,False,True,False,De Novo,199
m12255,False,True,False,De Novo,222
m12256,False,True,False,De Novo,158
m12257,False,True,False,De Novo,205
m12258,False,True,False,De Novo,212
m12259,False,True,False,De Novo,238
m12260,False,True,False,De Novo,170
m12261,False,True,False,De Novo,198
m12262,False,True,False,De Novo,194
m12263,False,True,False,De Novo,190
m12264,False,True,False,De Novo,157
m12267,False,True,False,De Novo,218
m12268,False,True,False,De Novo,197
m12269,False,True,False,De Novo,210
m12270,False,True,False,De Novo,172
m12272,False,True,False,De Novo,207
m12273,False,True,False,De Novo,189
m12274,False,True,False,De Novo,198
m12277,False,True,False,De Novo,183
m12278,False,True,False,De Novo,198
m12279,False,True,False,De Novo,171
m12281,False,True,False,De Novo,245
m12282,False,True,False,De Novo,179
m12283,False,True,False,De Novo,240
m12284,False,True,False,De Novo,161
m12285,False,True,False,De Novo,176
m12286,False,True,False,De Novo,187
m12287,False,True,False,De Novo,206
m12288,False,True,False,De Novo,186
m12290,False,True,False,De Novo,634
m12292,False,True,False,De Novo,274
m12293,False,True,False,De Novo,206
m12294,False,True,False,De Novo,214
m12296,False,True,False,De Novo,213
m12298,False,True,False,De Novo,190
m12299,False,True,False,De Novo,186
m12300,False,True,False,De Novo,207
m12301,False,True,False,De Novo,179
m12302,False,True,False,De Novo,214
m12303,False,True,False,De Novo,172
m12304,False,True,False,De Novo,173
m12305,False,True,False,De Novo,320
m12306,False,True,False,De Novo,272
m12307,False,True,False,De Novo,195
m12308,False,True,False,De Novo,395
m12309,False,True,False,De Novo,214
m12311,False,True,False,De Novo,219
m12313,False,True,False,De Novo,170
m12314,False,True,False,De Novo,195
m12315,False,True,False,De Novo,270
m12317,False,True,False,De Novo,209
m12318,False,True,False,De Novo,756
m12319,False,True,False,De Novo,209
m12320,False,True,False,De Novo,200
m12322,False,True,False,De Novo,195
m12325,False,True,False,De Novo,173
m12326,False,True,False,De Novo,166
m12327,False,True,False,De Novo,192
m12328,False,True,False,De Novo,187
m12329,False,True,False,De Novo,202
m12330,False,True,False,De Novo,185
m12331,False,True,False,De Novo,207
m12333,False,True,False,De Novo,505
m12334,False,True,False,De Novo,179
m12335,False,True,False,De Novo,253
m12336,False,True,False,De Novo,194
m12337,False,True,False,De Novo,190
m12339,False,True,False,De Novo,209
m12340,False,True,False,De Novo,214
m12341,False,True,False,De Novo,227
m12342,False,True,False,De Novo,267
m12343,False,True,False,De Novo,197
m12344,False,True,False,De Novo,188
m12345,False,True,False,De Novo,175
m12347,False,True,False,De Novo,190
m12348,False,True,False,De Novo,218
m12349,False,True,False,De Novo,179
m12350,False,True,False,De Novo,169
m12351,False,True,False,De Novo,340
m12352,False,True,False,De Novo,234
m12354,False,True,False,De Novo,198
m12355,False,True,False,De Novo,197
m12356,False,True,False,De Novo,181
m12357,False,True,False,De Novo,251
m12359,False,True,False,De Novo,240
m12360,False,True,False,De Novo,194
m12362,False,True,False,De Novo,264
m12363,False,True,False,De Novo,192
m12365,False,True,False,De Novo,185
m12366,False,True,False,De Novo,184
m12367,False,True,False,De Novo,207
m12369,False,True,False,De Novo,238
m12370,False,True,False,De Novo,176
m12371,False,True,False,De Novo,176
m12372,False,True,False,De Novo,205
m12374,False,True,False,De Novo,172
m12375,False,True,False,De Novo,569
m12377,False,True,False,De Novo,188
m12378,False,True,False,De Novo,200
m12380,False,True,False,De Novo,199
m12381,False,True,False,De Novo,190
m12382,False,True,False,De Novo,206
m12385,False,True,False,De Novo,181
m12386,False,True,False,De Novo,178
m12389,False,True,False,De Novo,286
m12390,False,True,False,De Novo,182
m12391,False,True,False,De Novo,162
m12392,False,True,False,De Novo,288
m12394,False,True,False,De Novo,184
m12395,False,True,False,De Novo,177
m12397,False,True,False,De Novo,210
m12398,False,True,False,De Novo,166
m12399,False,True,False,De Novo,189
m12401,False,True,False,De Novo,280
m12402,False,True,False,De Novo,218
m12404,False,True,False,De Novo,277
m12405,False,True,False,De Novo,193
m12406,False,True,False,De Novo,224
m12407,False,True,False,De Novo,192
m12408,False,True,False,De Novo,210
m12409,False,True,False,De Novo,276
m12411,False,True,False,De Novo,175
m12412,False,True,False,De Novo,169
m12414,False,True,False,De Novo,201
m12415,False,True,False,De Novo,194
m12417,False,True,False,De Novo,210
m12418,False,True,False,De Novo,174
m12419,False,True,False,De Novo,178
m12421,False,True,False,De Novo,181
m12422,False,True,False,De Novo,214
m12423,False,True,False,De Novo,183
m12424,False,True,False,De Novo,188
m12425,False,True,False,De Novo,193
m12426,False,True,False,De Novo,235
m12427,False,True,False,De Novo,171
m12428,False,True,False,De Novo,189
m12429,False,True,False,De Novo,223
m12430,False,True,False,De Novo,177
m12431,False,True,False,De Novo,819
m12432,False,True,False,De Novo,209
m12434,False,True,False,De Novo,179
m12435,False,True,False,De Novo,204
m12437,False,True,False,De Novo,233
m12438,False,True,False,De Novo,206
m12439,False,True,False,De Novo,268
m12440,False,True,False,De Novo,185
m12441,False,True,False,De Novo,212
m12442,False,True,False,De Novo,208
m12444,False,True,False,De Novo,166
m12445,False,True,False,De Novo,192
m12446,False,True,False,De Novo,184
m12447,False,True,False,De Novo,267
m12448,False,True,False,De Novo,171
m12449,False,True,False,De Novo,299
m12450,False,True,False,De Novo,185
m12451,False,True,False,De Novo,181
m12452,False,True,False,De Novo,583
m12453,False,True,False,De Novo,197
m12454,False,True,False,De Novo,197
m12455,False,True,False,De Novo,188
m12457,False,True,False,De Novo,236
m12458,False,True,False,De Novo,284
m12459,False,True,False,De Novo,278
m12461,False,True,False,De Novo,511
m12462,False,True,False,De Novo,198
m12463,False,True,False,De Novo,230
m12464,False,True,False,De Novo,271
m12465,False,True,False,De Novo,197
m12466,False,True,False,De Novo,189
m12467,False,True,False,De Novo,177
m12468,False,True,False,De Novo,180
m12469,False,True,False,De Novo,176
m12470,False,True,False,De Novo,330
m12471,False,True,False,De Novo,284
m12474,False,True,False,De Novo,291
m12475,False,True,False,De Novo,189
m12477,False,True,False,De Novo,171
m12478,False,True,False,De Novo,611
m12479,False,True,False,De Novo,206
m12480,False,True,False,De Novo,213
m12481,False,True,False,De Novo,177
m12482,False,True,False,De Novo,177
m12483,False,True,False,De Novo,201
m12485,False,True,False,De Novo,203
m12486,False,True,False,De Novo,196
m12488,False,True,False,De Novo,191
m12489,False,True,False,De Novo,163
m12490,False,True,False,De Novo,254
m12491,False,True,False,De Novo,162
m12493,False,True,False,De Novo,193
m12494,False,True,False,De Novo,200
m12495,False,True,False,De Novo,209
m12496,False,True,False,De Novo,216
m12498,False,True,False,De Novo,196
m12499,False,True,False,De Novo,172
m12500,False,True,False,De Novo,177
m12501,False,True,False,De Novo,204
m12502,False,True,False,De Novo,167
m12504,False,True,False,De Novo,275
m12505,False,True,False,De Novo,204
m12506,False,True,False,De Novo,187
m12507,False,True,False,De Novo,197
m12509,False,True,False,De Novo,198
m12510,False,True,False,De Novo,193
m12512,False,True,False,De Novo,282
m12514,False,True,False,De Novo,196
m12515,False,True,False,De Novo,173
m12516,False,True,False,De Novo,188
m12517,False,True,False,De Novo,227
m12518,False,True,False,De Novo,192
m12521,False,True,False,De Novo,197
m12524,False,True,False,De Novo,188
m12525,False,True,False,De Novo,231
m12526,False,True,False,De Novo,184
m12527,False,True,False,De Novo,184
m12528,False,True,False,De Novo,205
m12531,False,True,False,De Novo,190
m12532,False,True,False,De Novo,169
m12533,False,True,False,De Novo,302
m12535,False,True,False,De Novo,206
m12536,False,True,False,De Novo,258
m12537,False,True,False,De Novo,263
m12538,False,True,False,De Novo,175
m12540,False,True,False,De Novo,250
m12542,False,True,False,De Novo,236
m12544,False,True,False,De Novo,751
m12546,False,True,False,De Novo,185
m12549,False,True,False,De Novo,392
m12551,False,True,False,De Novo,188
m12552,False,True,False,De Novo,195
m12553,False,True,False,De Novo,204
m12554,False,True,False,De Novo,652
m12555,False,True,False,De Novo,195
m12556,False,True,False,De Novo,184
m12558,False,True,False,De Novo,257
m12559,False,True,False,De Novo,195
m12560,False,True,False,De Novo,185
m12561,False,True,False,De Novo,194
m12562,False,True,False,De Novo,186
m12563,False,True,False,De Novo,212
m12564,False,True,False,De Novo,279
m12567,False,True,False,De Novo,208
m12568,False,True,False,De Novo,177
m12569,False,True,False,De Novo,186
m12570,False,True,False,De Novo,169
m12571,False,True,False,De Novo,182
m12574,False,True,False,De Novo,195
m12575,False,True,False,De Novo,184
m12576,False,True,False,De Novo,303
m12577,False,True,False,De Novo,201
m12578,False,True,False,De Novo,208
m12579,False,True,False,De Novo,257
m12580,False,True,False,De Novo,209
m12581,False,True,False,De Novo,200
m12582,False,True,False,De Novo,237
m12583,False,True,False,De Novo,235
m12585,False,True,False,De Novo,187
m12586,False,True,False,De Novo,196
m12587,False,True,False,De Novo,218
m12589,False,True,False,De Novo,175
m12590,False,True,False,De Novo,153
m12591,False,True,False,De Novo,180
m12593,False,True,False,De Novo,172
m12594,False,True,False,De Novo,186
m12595,False,True,False,De Novo,857
m12597,False,True,False,De Novo,212
m12599,False,True,False,De Novo,184
m12600,False,True,False,De Novo,165
m12601,False,True,False,De Novo,273
m12602,False,True,False,De Novo,211
m12603,False,True,False,De Novo,213
m12604,False,True,False,De Novo,167
m12606,False,True,False,De Novo,202
m12607,False,True,False,De Novo,190
m12608,False,True,False,De Novo,229
m12609,False,True,False,De Novo,207
m12610,False,True,False,De Novo,223
m12611,False,True,False,De Novo,188
m12612,False,True,False,De Novo,178
m12613,False,True,False,De Novo,173
m12614,False,True,False,De Novo,205
m12615,False,True,False,De Novo,208
m12616,False,True,False,De Novo,153
m12617,False,True,False,De Novo,209
m12618,False,True,False,De Novo,169
m12620,False,True,False,De Novo,353
m12621,False,True,False,De Novo,221
m12622,False,True,False,De Novo,175
m12623,False,True,False,De Novo,293
m12624,False,True,False,De Novo,385
m12625,False,True,False,De Novo,199
m12626,False,True,False,De Novo,176
m12627,False,True,False,De Novo,185
m12628,False,True,False,De Novo,203
m12629,False,True,False,De Novo,238
m12632,False,True,False,De Novo,182
m12634,False,True,False,De Novo,516
m12635,False,True,False,De Novo,170
m12636,False,True,False,De Novo,262
m12639,False,True,False,De Novo,185
m12640,False,True,False,De Novo,235
m12641,False,True,False,De Novo,210
m12642,False,True,False,De Novo,257
m12643,False,True,False,De Novo,184
m12646,False,True,False,De Novo,251
m12647,False,True,False,De Novo,188
m12648,False,True,False,De Novo,173
m12649,False,True,False,De Novo,181
m12650,False,True,False,De Novo,200
m12651,False,True,False,De Novo,184
m12652,False,True,False,De Novo,181
m12653,False,True,False,De Novo,178
m12654,False,True,False,De Novo,170
m12655,False,True,False,De Novo,210
m12656,False,True,False,De Novo,219
m12659,False,True,False,De Novo,221
m12660,False,True,False,De Novo,160
m12661,False,True,False,De Novo,189
m12662,False,True,False,De Novo,248
m12663,False,True,False,De Novo,188
m12664,False,True,False,De Novo,181
m12666,False,True,False,De Novo,755
m12667,False,True,False,De Novo,171
m12668,False,True,False,De Novo,241
m12670,False,True,False,De Novo,174
m12671,False,True,False,De Novo,203
m12672,False,True,False,De Novo,182
m12673,False,True,False,De Novo,184
m12674,False,True,False,De Novo,175
m12676,False,True,False,De Novo,171
m12677,False,True,False,De Novo,186
m12678,False,True,False,De Novo,195
m12679,False,True,False,De Novo,198
m12681,False,True,False,De Novo,218
m12682,False,True,False,De Novo,202
m12683,False,True,False,De Novo,200
m12684,False,True,False,De Novo,176
m12685,False,True,False,De Novo,166
m12689,False,True,False,De Novo,205
m12690,False,True,False,De Novo,161
m12691,False,True,False,De Novo,199
m12692,False,True,False,De Novo,254
m12693,False,True,False,De Novo,177
m12694,False,True,False,De Novo,204
m12695,False,True,False,De Novo,172
m12696,False,True,False,De Novo,180
m12697,False,True,False,De Novo,193
m12698,False,True,False,De Novo,205
m12699,False,True,False,De Novo,186
m12700,False,True,False,De Novo,190
m12701,False,True,False,De Novo,188
m12702,False,True,False,De Novo,194
m12703,False,True,False,De Novo,187
m12704,False,True,False,De Novo,177
m12705,False,True,False,De Novo,192
m12706,False,True,False,De Novo,268
m12707,False,True,False,De Novo,205
m12708,False,True,False,De Novo,200
m12709,False,True,False,De Novo,193
m12710,False,True,False,De Novo,213
m12711,False,True,False,De Novo,179
m12712,False,True,False,De Novo,178
m12713,False,True,False,De Novo,172
m12714,False,True,False,De Novo,179
m12715,False,True,False,De Novo,185
m12717,False,True,False,De Novo,190
m12718,False,True,False,De Novo,184
m12719,False,True,False,De Novo,166
m12720,False,True,False,De Novo,183
m12721,False,True,False,De Novo,198
m12722,False,True,False,De Novo,184
m12723,False,True,False,De Novo,322
m12724,False,True,False,De Novo,209
m12725,False,True,False,De Novo,217
m12726,False,True,False,De Novo,185
m12727,False,True,False,De Novo,236
m12728,False,True,False,De Novo,170
m12729,False,True,False,De Novo,289
m12730,False,True,False,De Novo,198
m12732,False,True,False,De Novo,189
m12733,False,True,False,De Novo,219
m12734,False,True,False,De Novo,187
m12735,False,True,False,De Novo,184
m12736,False,True,False,De Novo,162
m12737,False,True,False,De Novo,172
m12738,False,True,False,De Novo,210
m12739,False,True,False,De Novo,195
m12740,False,True,False,De Novo,268
m12741,False,True,False,De Novo,187
m12742,False,True,False,De Novo,221
m12743,False,True,False,De Novo,249
m12745,False,True,False,De Novo,182
m12749,False,True,False,De Novo,197
m12750,False,True,False,De Novo,146
m12754,False,True,False,De Novo,171
m12755,False,True,False,De Novo,206
m12757,False,True,False,De Novo,357
m12759,False,True,False,De Novo,201
m12760,False,True,False,De Novo,169
m12761,False,True,False,De Novo,183
m12762,False,True,False,De Novo,243
m12763,False,True,False,De Novo,163
m12764,False,True,False,De Novo,161
m12768,False,True,False,De Novo,192
m12769,False,True,False,De Novo,199
m12770,False,True,False,De Novo,175
m12771,False,True,False,De Novo,165
m12772,False,True,False,De Novo,173
m12773,False,True,False,De Novo,200
m12774,False,True,False,De Novo,210
m12775,False,True,False,De Novo,230
m12776,False,True,False,De Novo,179
m12777,False,True,False,De Novo,222
m12779,False,True,False,De Novo,205
m12780,False,True,False,De Novo,264
m12781,False,True,False,De Novo,180
m12782,False,True,False,De Novo,246
m12783,False,True,False,De Novo,201
m12784,False,True,False,De Novo,213
m12785,False,True,False,De Novo,182
m12786,False,True,False,De Novo,181
m12788,False,True,False,De Novo,238
m12789,False,True,False,De Novo,205
m12790,False,True,False,De Novo,210
m12792,False,True,False,De Novo,189
m12793,False,True,False,De Novo,209
m12794,False,True,False,De Novo,756
m12795,False,True,False,De Novo,194
m12797,False,True,False,De Novo,634
m12799,False,True,False,De Novo,177
m12800,False,True,False,De Novo,173
m12801,False,True,False,De Novo,205
m12802,False,True,False,De Novo,185
m12803,False,True,False,De Novo,189
m12804,False,True,False,De Novo,191
m12805,False,True,False,De Novo,191
m12806,False,True,False,De Novo,191
m12807,False,True,False,De Novo,200
m12808,False,True,False,De Novo,183
m12811,False,True,False,De Novo,193
m12812,False,True,False,De Novo,193
m12814,False,True,False,De Novo,190
m12816,False,True,False,De Novo,198
m12817,False,True,False,De Novo,479
m12818,False,True,False,De Novo,164
m12819,False,True,False,De Novo,285
m12820,False,True,False,De Novo,235
m12821,False,True,False,De Novo,182
m12823,False,True,False,De Novo,207
m12824,False,True,False,De Novo,238
m12826,False,True,False,De Novo,190
m12829,False,True,False,De Novo,188
m12830,False,True,False,De Novo,293
m12833,False,True,False,De Novo,178
m12834,False,True,False,De Novo,180
m12835,False,True,False,De Novo,264
m12837,False,True,False,De Novo,196
m12839,False,True,False,De Novo,264
m12840,False,True,False,De Novo,247
m12841,False,True,False,De Novo,197
m12843,False,True,False,De Novo,244
m12844,False,True,False,De Novo,182
m12845,False,True,False,De Novo,222
m12847,False,True,False,De Novo,194
m12848,False,True,False,De Novo,277
m12849,False,True,False,De Novo,207
m12850,False,True,False,De Novo,174
m12851,False,True,False,De Novo,182
m12852,False,True,False,De Novo,200
m12854,False,True,False,De Novo,172
m12855,False,True,False,De Novo,176
m12856,False,True,False,De Novo,174
m12857,False,True,False,De Novo,276
m12858,False,True,False,De Novo,185
m12859,False,True,False,De Novo,173
m12860,False,True,False,De Novo,841
m12861,False,True,False,De Novo,180
m12862,False,True,False,De Novo,163
m12863,False,True,False,De Novo,199
m12864,False,True,False,De Novo,195
m12865,False,True,False,De Novo,171
m12866,False,True,False,De Novo,166
m12867,False,True,False,De Novo,296
m12868,False,True,False,De Novo,274
m12869,False,True,False,De Novo,181
m12870,False,True,False,De Novo,195
m12873,False,True,False,De Novo,253
m12874,False,True,False,De Novo,198
m12876,False,True,False,De Novo,190
m12877,False,True,False,De Novo,269
m12878,False,True,False,De Novo,172
m12879,False,True,False,De Novo,176
m12882,False,True,False,De Novo,159
m12883,False,True,False,De Novo,293
m12884,False,True,False,De Novo,196
m12885,False,True,False,De Novo,214
m12886,False,True,False,De Novo,169
m12888,False,True,False,De Novo,201
m12889,False,True,False,De Novo,160
m12890,False,True,False,De Novo,173
m12891,False,True,False,De Novo,177
m12893,False,True,False,De Novo,210
m12895,False,True,False,De Novo,188
m12897,False,True,False,De Novo,246
m12898,False,True,False,De Novo,179
m12899,False,True,False,De Novo,173
m12901,False,True,False,De Novo,288
m12903,False,True,False,De Novo,263
m12905,False,True,False,De Novo,251
m12906,False,True,False,De Novo,169
m12907,False,True,False,De Novo,227
m12909,False,True,False,De Novo,199
m12910,False,True,False,De Novo,216
m12911,False,True,False,De Novo,186
m12912,False,True,False,De Novo,198
m12913,False,True,False,De Novo,202
m12914,False,True,False,De Novo,229
m12915,False,True,False,De Novo,199
m12916,False,True,False,De Novo,212
m12917,False,True,False,De Novo,178
m12918,False,True,False,De Novo,189
m12919,False,True,False,De Novo,296
m12922,False,True,False,De Novo,197
m12923,False,True,False,De Novo,210
m12924,False,True,False,De Novo,224
m12925,False,True,False,De Novo,175
m12927,False,True,False,De Novo,151
m12928,False,True,False,De Novo,193
m12930,False,True,False,De Novo,217
m12931,False,True,False,De Novo,436
m12933,False,True,False,De Novo,275
m12934,False,True,False,De Novo,189
m12935,False,True,False,De Novo,488
m12936,False,True,False,De Novo,392
m12937,False,True,False,De Novo,201
m12939,False,True,False,De Novo,186
m12940,False,True,False,De Novo,167
m12941,False,True,False,De Novo,185
m12942,False,True,False,De Novo,198
m12943,False,True,False,De Novo,171
m12945,False,True,False,De Novo,777
m12947,False,True,False,De Novo,857
m12948,False,True,False,De Novo,230
m12949,False,True,False,De Novo,178
m12950,False,True,False,De Novo,294
m12951,False,True,False,De Novo,173
m12952,False,True,False,De Novo,206
m12954,False,True,False,De Novo,181
m12956,False,True,False,De Novo,184
m12957,False,True,False,De Novo,158
m12958,False,True,False,De Novo,182
m12959,False,True,False,De Novo,170
m12960,False,True,False,De Novo,372
m12961,False,True,False,De Novo,250
m12962,False,True,False,De Novo,177
m12963,False,True,False,De Novo,171
m12965,False,True,False,De Novo,172
m12966,False,True,False,De Novo,196
m12967,False,True,False,De Novo,278
m12968,False,True,False,De Novo,185
m12969,False,True,False,De Novo,198
m12970,False,True,False,De Novo,182
m12971,False,True,False,De Novo,180
m12972,False,True,False,De Novo,181
m12974,False,True,False,De Novo,187
m12975,False,True,False,De Novo,174
m12976,False,True,False,De Novo,190
m12977,False,True,False,De Novo,178
m12978,False,True,False,De Novo,206
m12980,False,True,False,De Novo,181
m12981,False,True,False,De Novo,170
m12982,False,True,False,De Novo,187
m12984,False,True,False,De Novo,211
m12985,False,True,False,De Novo,222
m12986,False,True,False,De Novo,203
m12988,False,True,False,De Novo,171
m12990,False,True,False,De Novo,158
m12991,False,True,False,De Novo,192
m12992,False,True,False,De Novo,173
m12993,False,True,False,De Novo,282
m12994,False,True,False,De Novo,170
m12995,False,True,False,De Novo,203
m12996,False,True,False,De Novo,207
m12999,False,True,False,De Novo,207
m13000,False,True,False,De Novo,225
m13001,False,True,False,De Novo,181
m13002,False,True,False,De Novo,181
m13004,False,True,False,De Novo,203
m13006,False,True,False,De Novo,173
m13007,False,True,False,De Novo,194
m13008,False,True,False,De Novo,438
m13009,False,True,False,De Novo,206
m13010,False,True,False,De Novo,166
m13011,False,True,False,De Novo,216
m13012,False,True,False,De Novo,202
m13013,False,True,False,De Novo,186
m13014,False,True,False,De Novo,189
m13015,False,True,False,De Novo,198
m13016,False,True,False,De Novo,639
m13017,False,True,False,De Novo,178
m13018,False,True,False,De Novo,188
m13019,False,True,False,De Novo,294
m13021,False,True,False,De Novo,194
m13022,False,True,False,De Novo,184
m13024,False,True,False,De Novo,172
m13025,False,True,False,De Novo,199
m13026,False,True,False,De Novo,179
m13028,False,True,False,De Novo,194
m13029,False,True,False,De Novo,422
m13030,False,True,False,De Novo,241
m13031,False,True,False,De Novo,192
m13034,False,True,False,De Novo,180
m13036,False,True,False,De Novo,204
m13037,False,True,False,De Novo,195
m13038,False,True,False,De Novo,190
m13039,False,True,False,De Novo,222
m13040,False,True,False,De Novo,377
m13042,False,True,False,De Novo,168
m13043,False,True,False,De Novo,163
m13045,False,True,False,De Novo,190
m13046,False,True,False,De Novo,170
m13047,False,True,False,De Novo,180
m13048,False,True,False,De Novo,199
m13049,False,True,False,De Novo,212
m13050,False,True,False,De Novo,167
m13051,False,True,False,De Novo,195
m13052,False,True,False,De Novo,213
m13053,False,True,False,De Novo,234
m13054,False,True,False,De Novo,284
m13055,False,True,False,De Novo,226
m13056,False,True,False,De Novo,175
m13057,False,True,False,De Novo,223
m13058,False,True,False,De Novo,203
m13059,False,True,False,De Novo,187
m13060,False,True,False,De Novo,193
m13061,False,True,False,De Novo,205
m13062,False,True,False,De Novo,197
m13063,False,True,False,De Novo,199
m13064,False,True,False,De Novo,764
m13065,False,True,False,De Novo,305
m13066,False,True,False,De Novo,208
m13069,False,True,False,De Novo,198
m13070,False,True,False,De Novo,167
m13072,False,True,False,De Novo,206
m13073,False,True,False,De Novo,180
m13074,False,True,False,De Novo,185
m13075,False,True,False,De Novo,190
m13076,False,True,False,De Novo,192
m13077,False,True,False,De Novo,198
m13079,False,True,False,De Novo,188
m13080,False,True,False,De Novo,199
m13081,False,True,False,De Novo,194
m13082,False,True,False,De Novo,186
m13083,False,True,False,De Novo,253
m13084,False,True,False,De Novo,256
m13087,False,True,False,De Novo,176
m13088,False,True,False,De Novo,178
m13089,False,True,False,De Novo,188
m13091,False,True,False,De Novo,188
m13093,False,True,False,De Novo,197
m13094,False,True,False,De Novo,175
m13095,False,True,False,De Novo,192
m13097,False,True,False,De Novo,211
m13098,False,True,False,De Novo,173
m13100,False,True,False,De Novo,183
m13101,False,True,False,De Novo,159
m13103,False,True,False,De Novo,201
m13104,False,True,False,De Novo,266
m13105,False,True,False,De Novo,241
m13106,False,True,False,De Novo,204
m13107,False,True,False,De Novo,191
m13108,False,True,False,De Novo,189
m13109,False,True,False,De Novo,182
m13110,False,True,False,De Novo,228
m13111,False,True,False,De Novo,186
m13112,False,True,False,De Novo,376
m13113,False,True,False,De Novo,212
m13114,False,True,False,De Novo,193
m13116,False,True,False,De Novo,183
m13117,False,True,False,De Novo,166
m13118,False,True,False,De Novo,177
m13119,False,True,False,De Novo,171
m13120,False,True,False,De Novo,176
m13121,False,True,False,De Novo,209
m13123,False,True,False,De Novo,201
m13124,False,True,False,De Novo,163
m13125,False,True,False,De Novo,167
m13126,False,True,False,De Novo,195
m13127,False,True,False,De Novo,182
m13129,False,True,False,De Novo,175
m13130,False,True,False,De Novo,308
m13131,False,True,False,De Novo,188
m13132,False,True,False,De Novo,175
m13133,False,True,False,De Novo,170
m13134,False,True,False,De Novo,756
m13136,False,True,False,De Novo,150
m13137,False,True,False,De Novo,191
m13139,False,True,False,De Novo,186
m13140,False,True,False,De Novo,160
m13141,False,True,False,De Novo,199
m13143,False,True,False,De Novo,251
m13144,False,True,False,De Novo,215
m13145,False,True,False,De Novo,161
m13146,False,True,False,De Novo,182
m13147,False,True,False,De Novo,220
m13148,False,True,False,De Novo,194
m13149,False,True,False,De Novo,207
m13150,False,True,False,De Novo,232
m13151,False,True,False,De Novo,192
m13152,False,True,False,De Novo,199
m13153,False,True,False,De Novo,223
m13154,False,True,False,De Novo,284
m13157,False,True,False,De Novo,170
m13158,False,True,False,De Novo,175
m13159,False,True,False,De Novo,234
m13160,False,True,False,De Novo,282
m13161,False,True,False,De Novo,224
m13162,False,True,False,De Novo,194
m13163,False,True,False,De Novo,183
m13164,False,True,False,De Novo,197
m13165,False,True,False,De Novo,203
m13167,False,True,False,De Novo,183
m13168,False,True,False,De Novo,205
m13169,False,True,False,De Novo,185
m13170,False,True,False,De Novo,217
m13172,False,True,False,De Novo,211
m13173,False,True,False,De Novo,167
m13174,False,True,False,De Novo,183
m13175,False,True,False,De Novo,186
m13177,False,True,False,De Novo,164
m13181,False,True,False,De Novo,165
m13182,False,True,False,De Novo,225
m13183,False,True,False,De Novo,175
m13184,False,True,False,De Novo,195
m13185,False,True,False,De Novo,209
m13186,False,True,False,De Novo,223
m13187,False,True,False,De Novo,195
m13189,False,True,False,De Novo,176
m13190,False,True,False,De Novo,217
m13191,False,True,False,De Novo,188
m13192,False,True,False,De Novo,186
m13193,False,True,False,De Novo,186
m13194,False,True,False,De Novo,202
m13195,False,True,False,De Novo,182
m13196,False,True,False,De Novo,181
m13197,False,True,False,De Novo,200
m13198,False,True,False,De Novo,169
m13199,False,True,False,De Novo,177
m13202,False,True,False,De Novo,185
m13203,False,True,False,De Novo,193
m13204,False,True,False,De Novo,192
m13205,False,True,False,De Novo,188
m13206,False,True,False,De Novo,269
m13209,False,True,False,De Novo,191
m13210,False,True,False,De Novo,173
m13211,False,True,False,De Novo,195
m13212,False,True,False,De Novo,256
m13213,False,True,False,De Novo,202
m13215,False,True,False,De Novo,191
m13216,False,True,False,De Novo,209
m13217,False,True,False,De Novo,219
m13218,False,True,False,De Novo,296
m13219,False,True,False,De Novo,198
m13220,False,True,False,De Novo,235
m13221,False,True,False,De Novo,184
m13222,False,True,False,De Novo,244
m13223,False,True,False,De Novo,166
m13224,False,True,False,De Novo,266
m13225,False,True,False,De Novo,191
m13226,False,True,False,De Novo,269
m13227,False,True,False,De Novo,195
m13228,False,True,False,De Novo,275
m13230,False,True,False,De Novo,172
m13231,False,True,False,De Novo,175
m13232,False,True,False,De Novo,349
m13235,False,True,False,De Novo,196
m13236,False,True,False,De Novo,274
m13237,False,True,False,De Novo,183
m13239,False,True,False,De Novo,185
m13240,False,True,False,De Novo,194
m13241,False,True,False,De Novo,175
m13242,False,True,False,De Novo,171
m13243,False,True,False,De Novo,201
m13246,False,True,False,De Novo,435
m13247,False,True,False,De Novo,249
m13248,False,True,False,De Novo,261
m13250,False,True,False,De Novo,197
m13251,False,True,False,De Novo,190
m13252,False,True,False,De Novo,191
m13253,False,True,False,De Novo,192
m13254,False,True,False,De Novo,223
m13255,False,True,False,De Novo,185
m13256,False,True,False,De Novo,169
m13258,False,True,False,De Novo,198
m13259,False,True,False,De Novo,168
m13261,False,True,False,De Novo,242
m13263,False,True,False,De Novo,304
m13264,False,True,False,De Novo,193
m13265,False,True,False,De Novo,176
m13267,False,True,False,De Novo,164
m13268,False,True,False,De Novo,245
m13269,False,True,False,De Novo,167
m13270,False,True,False,De Novo,193
m13271,False,True,False,De Novo,191
m13272,False,True,False,De Novo,190
m13273,False,True,False,De Novo,312
m13274,False,True,False,De Novo,165
m13275,False,True,False,De Novo,209
m13276,False,True,False,De Novo,177
m13277,False,True,False,De Novo,170
m13278,False,True,False,De Novo,233
m13279,False,True,False,De Novo,177
m13280,False,True,False,De Novo,230
m13281,False,True,False,De Novo,223
m13282,False,True,False,De Novo,179
m13283,False,True,False,De Novo,178
m13284,False,True,False,De Novo,207
m13285,False,True,False,De Novo,174
m13286,False,True,False,De Novo,198
m13287,False,True,False,De Novo,173
m13290,False,True,False,De Novo,170
m13291,False,True,False,De Novo,738
m13292,False,True,False,De Novo,191
m13293,False,True,False,De Novo,276
m13294,False,True,False,De Novo,183
m13295,False,True,False,De Novo,155
m13296,False,True,False,De Novo,198
m13297,False,True,False,De Novo,204
m13298,False,True,False,De Novo,178
m13301,False,True,False,De Novo,201
m13302,False,True,False,De Novo,186
m13304,False,True,False,De Novo,178
m13306,False,True,False,De Novo,279
m13308,False,True,False,De Novo,182
m13309,False,True,False,De Novo,183
m13310,False,True,False,De Novo,194
m13311,False,True,False,De Novo,217
m13312,False,True,False,De Novo,192
m13313,False,True,False,De Novo,191
m13314,False,True,False,De Novo,285
m13315,False,True,False,De Novo,192
m13317,False,True,False,De Novo,201
m13319,False,True,False,De Novo,182
m13320,False,True,False,De Novo,201
m13321,False,True,False,De Novo,242
m13322,False,True,False,De Novo,303
m13323,False,True,False,De Novo,179
m13324,False,True,False,De Novo,208
m13325,False,True,False,De Novo,164
m13326,False,True,False,De Novo,161
m13328,False,True,False,De Novo,191
m13329,False,True,False,De Novo,204
m13330,False,True,False,De Novo,244
m13331,False,True,False,De Novo,169
m13332,False,True,False,De Novo,157
m13334,False,True,False,De Novo,198
m13335,False,True,False,De Novo,207
m13336,False,True,False,De Novo,170
m13337,False,True,False,De Novo,186
m13338,False,True,False,De Novo,216
m13339,False,True,False,De Novo,200
m13340,False,True,False,De Novo,192
m13341,False,True,False,De Novo,185
m13343,False,True,False,De Novo,174
m13344,False,True,False,De Novo,186
m13346,False,True,False,De Novo,165
m13348,False,True,False,De Novo,188
m13349,False,True,False,De Novo,195
m13350,False,True,False,De Novo,192
m13353,False,True,False,De Novo,168
m13354,False,True,False,De Novo,202
m13355,False,True,False,De Novo,180
m13356,False,True,False,De Novo,210
m13357,False,True,False,De Novo,200
m13358,False,True,False,De Novo,507
m13359,False,True,False,De Novo,195
m13360,False,True,False,De Novo,274
m13363,False,True,False,De Novo,207
m13364,False,True,False,De Novo,408
m13365,False,True,False,De Novo,177
m13366,False,True,False,De Novo,233
m13367,False,True,False,De Novo,265
m13369,False,True,False,De Novo,201
m13370,False,True,False,De Novo,220
m13371,False,True,False,De Novo,170
m13372,False,True,False,De Novo,210
m13373,False,True,False,De Novo,207
m13375,False,True,False,De Novo,224
m13376,False,True,False,De Novo,187
m13378,False,True,False,De Novo,183
m13379,False,True,False,De Novo,188
m13381,False,True,False,De Novo,257
m13382,False,True,False,De Novo,182
m13383,False,True,False,De Novo,162
m13384,False,True,False,De Novo,175
m13385,False,True,False,De Novo,415
m13386,False,True,False,De Novo,186
m13387,False,True,False,De Novo,278
m13388,False,True,False,De Novo,169
m13389,False,True,False,De Novo,199
m13390,False,True,False,De Novo,774
m13392,False,True,False,De Novo,185
m13393,False,True,False,De Novo,203
m13394,False,True,False,De Novo,239
m13395,False,True,False,De Novo,189
m13397,False,True,False,De Novo,168
m13399,False,True,False,De Novo,185
m13400,False,True,False,De Novo,342
m13401,False,True,False,De Novo,581
m13403,False,True,False,De Novo,246
m13404,False,True,False,De Novo,170
m13405,False,True,False,De Novo,195
m13406,False,True,False,De Novo,203
m13407,False,True,False,De Novo,204
m13408,False,True,False,De Novo,200
m13409,False,True,False,De Novo,180
m13410,False,True,False,De Novo,213
m13411,False,True,False,De Novo,197
m13412,False,True,False,De Novo,186
m13413,False,True,False,De Novo,295
m13414,False,True,False,De Novo,179
m13415,False,True,False,De Novo,199
m13416,False,True,False,De Novo,207
m13417,False,True,False,De Novo,186
m13418,False,True,False,De Novo,183
m13419,False,True,False,De Novo,289
m13420,False,True,False,De Novo,191
m13421,False,True,False,De Novo,178
m13422,False,True,False,De Novo,182
m13423,False,True,False,De Novo,175
m13424,False,True,False,De Novo,167
m13425,False,True,False,De Novo,173
m13426,False,True,False,De Novo,180
m13427,False,True,False,De Novo,340
m13428,False,True,False,De Novo,279
m13431,False,True,False,De Novo,170
m13432,False,True,False,De Novo,197
m13433,False,True,False,De Novo,186
m13435,False,True,False,De Novo,220
m13436,False,True,False,De Novo,176
m13437,False,True,False,De Novo,192
m13438,False,True,False,De Novo,172
m13439,False,True,False,De Novo,199
m13440,False,True,False,De Novo,219
m13441,False,True,False,De Novo,378
m13442,False,True,False,De Novo,184
m13444,False,True,False,De Novo,185
m13445,False,True,False,De Novo,224
m13446,False,True,False,De Novo,255
m13447,False,True,False,De Novo,193
m13450,False,True,False,De Novo,202
m13452,False,True,False,De Novo,168
m13453,False,True,False,De Novo,176
m13455,False,True,False,De Novo,162
m13456,False,True,False,De Novo,186
m13457,False,True,False,De Novo,199
m13458,False,True,False,De Novo,186
m13460,False,True,False,De Novo,298
m13461,False,True,False,De Novo,173
m13463,False,True,False,De Novo,405
m13466,False,True,False,De Novo,177
m13467,False,True,False,De Novo,261
m13470,False,True,False,De Novo,189
m13471,False,True,False,De Novo,194
m13474,False,True,False,De Novo,305
m13475,False,True,False,De Novo,193
m13476,False,True,False,De Novo,166
m13477,False,True,False,De Novo,177
m13478,False,True,False,De Novo,186
m13480,False,True,False,De Novo,279
m13481,False,True,False,De Novo,193
m13482,False,True,False,De Novo,177
m13485,False,True,False,De Novo,187
m13486,False,True,False,De Novo,231
m13487,False,True,False,De Novo,166
m13488,False,True,False,De Novo,202
m13490,False,True,False,De Novo,199
m13491,False,True,False,De Novo,176
m13492,False,True,False,De Novo,152
m13493,False,True,False,De Novo,231
m13494,False,True,False,De Novo,336
m13496,False,True,False,De Novo,269
m13497,False,True,False,De Novo,238
m13498,False,True,False,De Novo,159
m13499,False,True,False,De Novo,196
m13501,False,True,False,De Novo,185
m13503,False,True,False,De Novo,162
m13504,False,True,False,De Novo,197
m13505,False,True,False,De Novo,170
m13506,False,True,False,De Novo,191
m13507,False,True,False,De Novo,173
m13508,False,True,False,De Novo,222
m13509,False,True,False,De Novo,375
m13510,False,True,False,De Novo,277
m13511,False,True,False,De Novo,676
m13512,False,True,False,De Novo,197
m13513,False,True,False,De Novo,178
m13514,False,True,False,De Novo,301
m13515,False,True,False,De Novo,216
m13516,False,True,False,De Novo,205
m13517,False,True,False,De Novo,203
m13518,False,True,False,De Novo,197
m13519,False,True,False,De Novo,183
m13520,False,True,False,De Novo,186
m13521,False,True,False,De Novo,193
m13522,False,True,False,De Novo,257
m13524,False,True,False,De Novo,189
m13525,False,True,False,De Novo,192
m13526,False,True,False,De Novo,243
m13528,False,True,False,De Novo,173
m13530,False,True,False,De Novo,196
m13531,False,True,False,De Novo,183
m13534,False,True,False,De Novo,196
m13535,False,True,False,De Novo,312
m13536,False,True,False,De Novo,201
m13537,False,True,False,De Novo,191
m13538,False,True,False,De Novo,191
m13539,False,True,False,De Novo,175
m13540,False,True,False,De Novo,173
m13541,False,True,False,De Novo,171
m13542,False,True,False,De Novo,381
m13543,False,True,False,De Novo,211
m13544,False,True,False,De Novo,185
m13545,False,True,False,De Novo,176
m13547,False,True,False,De Novo,172
m13548,False,True,False,De Novo,218
m13549,False,True,False,De Novo,195
m13550,False,True,False,De Novo,195
m13552,False,True,False,De Novo,201
m13553,False,True,False,De Novo,173
m13556,False,True,False,De Novo,270
m13557,False,True,False,De Novo,200
m13558,False,True,False,De Novo,311
m13559,False,True,False,De Novo,166
m13562,False,True,False,De Novo,177
m13564,False,True,False,De Novo,152
m13566,False,True,False,De Novo,300
m13567,False,True,False,De Novo,267
m13569,False,True,False,De Novo,199
m13570,False,True,False,De Novo,168
m13572,False,True,False,De Novo,198
m13573,False,True,False,De Novo,211
m13574,False,True,False,De Novo,224
m13575,False,True,False,De Novo,168
m13576,False,True,False,De Novo,192
m13577,False,True,False,De Novo,284
m13578,False,True,False,De Novo,188
m13579,False,True,False,De Novo,201
m13581,False,True,False,De Novo,185
m13582,False,True,False,De Novo,187
m13583,False,True,False,De Novo,187
m13584,False,True,False,De Novo,263
m13585,False,True,False,De Novo,264
m13586,False,True,False,De Novo,179
m13587,False,True,False,De Novo,184
m13588,False,True,False,De Novo,238
m13589,False,True,False,De Novo,234
m13590,False,True,False,De Novo,179
m13591,False,True,False,De Novo,187
m13592,False,True,False,De Novo,204
m13593,False,True,False,De Novo,187
m13595,False,True,False,De Novo,229
m13596,False,True,False,De Novo,184
m13597,False,True,False,De Novo,187
m13598,False,True,False,De Novo,388
m13600,False,True,False,De Novo,215
m13601,False,True,False,De Novo,171
m13602,False,True,False,De Novo,217
m13605,False,True,False,De Novo,303
m13606,False,True,False,De Novo,641
m13607,False,True,False,De Novo,174
m13609,False,True,False,De Novo,208
m13611,False,True,False,De Novo,829
m13613,False,True,False,De Novo,176
m13615,False,True,False,De Novo,183
m13616,False,True,False,De Novo,178
m13617,False,True,False,De Novo,215
m13618,False,True,False,De Novo,216
m13619,False,True,False,De Novo,215
m13620,False,True,False,De Novo,215
m13621,False,True,False,De Novo,194
m13622,False,True,False,De Novo,178
m13623,False,True,False,De Novo,202
m13624,False,True,False,De Novo,188
m13625,False,True,False,De Novo,199
m13626,False,True,False,De Novo,184
m13627,False,True,False,De Novo,184
m13628,False,True,False,De Novo,216
m13631,False,True,False,De Novo,193
m13632,False,True,False,De Novo,189
m13633,False,True,False,De Novo,199
m13634,False,True,False,De Novo,214
m13635,False,True,False,De Novo,277
m13636,False,True,False,De Novo,205
m13637,False,True,False,De Novo,241
m13638,False,True,False,De Novo,181
m13639,False,True,False,De Novo,167
m13640,False,True,False,De Novo,782
m13641,False,True,False,De Novo,207
m13642,False,True,False,De Novo,261
m13643,False,True,False,De Novo,258
m13645,False,True,False,De Novo,177
m13648,False,True,False,De Novo,246
m13649,False,True,False,De Novo,202
m13652,False,True,False,De Novo,195
m13653,False,True,False,De Novo,260
m13654,False,True,False,De Novo,192
m13655,False,True,False,De Novo,184
m13656,False,True,False,De Novo,204
m13657,False,True,False,De Novo,183
m13658,False,True,False,De Novo,158
m13660,False,True,False,De Novo,223
m13661,False,True,False,De Novo,310
m13662,False,True,False,De Novo,253
m13663,False,True,False,De Novo,195
m13664,False,True,False,De Novo,292
m13665,False,True,False,De Novo,184
m13666,False,True,False,De Novo,200
m13669,False,True,False,De Novo,197
m13670,False,True,False,De Novo,225
m13671,False,True,False,De Novo,188
m13672,False,True,False,De Novo,173
m13673,False,True,False,De Novo,186
m13674,False,True,False,De Novo,281
m13675,False,True,False,De Novo,169
m13676,False,True,False,De Novo,187
m13678,False,True,False,De Novo,197
m13679,False,True,False,De Novo,191
m13680,False,True,False,De Novo,267
m13684,False,True,False,De Novo,182
m13685,False,True,False,De Novo,268
m13686,False,True,False,De Novo,211
m13687,False,True,False,De Novo,160
m13688,False,True,False,De Novo,192
m13689,False,True,False,De Novo,199
m13690,False,True,False,De Novo,409
m13691,False,True,False,De Novo,214
m13692,False,True,False,De Novo,623
m13693,False,True,False,De Novo,222
m13695,False,True,False,De Novo,148
m13697,False,True,False,De Novo,182
m13698,False,True,False,De Novo,222
m13700,False,True,False,De Novo,869
m13701,False,True,False,De Novo,207
m13702,False,True,False,De Novo,279
m13703,False,True,False,De Novo,318
m13704,False,True,False,De Novo,169
m13706,False,True,False,De Novo,192
m13707,False,True,False,De Novo,196
m13708,False,True,False,De Novo,207
m13709,False,True,False,De Novo,197
m13710,False,True,False,De Novo,170
m13711,False,True,False,De Novo,171
m13712,False,True,False,De Novo,225
m13713,False,True,False,De Novo,174
m13714,False,True,False,De Novo,244
m13715,False,True,False,De Novo,204
m13716,False,True,False,De Novo,274
m13717,False,True,False,De Novo,175
m13718,False,True,False,De Novo,184
m13720,False,True,False,De Novo,212
m13723,False,True,False,De Novo,194
m13724,False,True,False,De Novo,404
m13726,False,True,False,De Novo,189
m13727,False,True,False,De Novo,173
m13728,False,True,False,De Novo,191
m13729,False,True,False,De Novo,254
m13730,False,True,False,De Novo,173
m13731,False,True,False,De Novo,267
m13732,False,True,False,De Novo,194
m13733,False,True,False,De Novo,182
m13734,False,True,False,De Novo,187
m13736,False,True,False,De Novo,809
m13737,False,True,False,De Novo,561
m13738,False,True,False,De Novo,192
m13739,False,True,False,De Novo,173
m13740,False,True,False,De Novo,194
m13741,False,True,False,De Novo,185
m13742,False,True,False,De Novo,199
m13743,False,True,False,De Novo,192
m13744,False,True,False,De Novo,165
m13746,False,True,False,De Novo,232
m13747,False,True,False,De Novo,274
m13749,False,True,False,De Novo,262
m13750,False,True,False,De Novo,208
m13751,False,True,False,De Novo,187
m13752,False,True,False,De Novo,202
m13753,False,True,False,De Novo,176
m13754,False,True,False,De Novo,190
m13755,False,True,False,De Novo,223
m13757,False,True,False,De Novo,226
m13758,False,True,False,De Novo,193
m13759,False,True,False,De Novo,171
m13760,False,True,False,De Novo,197
m13761,False,True,False,De Novo,196
m13762,False,True,False,De Novo,227
m13763,False,True,False,De Novo,185
m13764,False,True,False,De Novo,197
m13765,False,True,False,De Novo,288
m13766,False,True,False,De Novo,212
m13767,False,True,False,De Novo,190
m13768,False,True,False,De Novo,187
m13769,False,True,False,De Novo,196
m13770,False,True,False,De Novo,205
m13771,False,True,False,De Novo,216
m13772,False,True,False,De Novo,192
m13773,False,True,False,De Novo,205
m13774,False,True,False,De Novo,219
m13775,False,True,False,De Novo,188
m13776,False,True,False,De Novo,203
m13779,False,True,False,De Novo,206
m13780,False,True,False,De Novo,189
m13781,False,True,False,De Novo,208
m13783,False,True,False,De Novo,242
m13784,False,True,False,De Novo,198
m13785,False,True,False,De Novo,202
m13786,False,True,False,De Novo,192
m13787,False,True,False,De Novo,199
m13788,False,True,False,De Novo,215
m13789,False,True,False,De Novo,216
m13790,False,True,False,De Novo,313
m13792,False,True,False,De Novo,179
m13793,False,True,False,De Novo,281
m13794,False,True,False,De Novo,188
m13795,False,True,False,De Novo,198
m13796,False,True,False,De Novo,190
m13797,False,True,False,De Novo,185
m13798,False,True,False,De Novo,204
m13800,False,True,False,De Novo,174
m13802,False,True,False,De Novo,180
m13803,False,True,False,De Novo,185
m13804,False,True,False,De Novo,200
m13805,False,True,False,De Novo,191
m13807,False,True,False,De Novo,204
m13808,False,True,False,De Novo,186
m13809,False,True,False,De Novo,194
m13810,False,True,False,De Novo,193
m13811,False,True,False,De Novo,185
m13812,False,True,False,De Novo,294
m13813,False,True,False,De Novo,190
m13817,False,True,False,De Novo,216
m13818,False,True,False,De Novo,217
m13819,False,True,False,De Novo,192
m13820,False,True,False,De Novo,192
m13821,False,True,False,De Novo,187
m13822,False,True,False,De Novo,207
m13824,False,True,False,De Novo,206
m13825,False,True,False,De Novo,227
m13826,False,True,False,De Novo,175
m13827,False,True,False,De Novo,301
m13828,False,True,False,De Novo,222
m13829,False,True,False,De Novo,213
m13831,False,True,False,De Novo,195
m13833,False,True,False,De Novo,151
m13834,False,True,False,De Novo,187
m13835,False,True,False,De Novo,197
m13836,False,True,False,De Novo,213
m13837,False,True,False,De Novo,175
m13838,False,True,False,De Novo,180
m13839,False,True,False,De Novo,852
m13840,False,True,False,De Novo,170
m13842,False,True,False,De Novo,193
m13843,False,True,False,De Novo,265
m13844,False,True,False,De Novo,221
m13846,False,True,False,De Novo,193
m13847,False,True,False,De Novo,172
m13849,False,True,False,De Novo,187
m13851,False,True,False,De Novo,180
m13852,False,True,False,De Novo,389
m13853,False,True,False,De Novo,207
m13854,False,True,False,De Novo,243
m13855,False,True,False,De Novo,175
m13856,False,True,False,De Novo,264
m13857,False,True,False,De Novo,268
m13858,False,True,False,De Novo,178
m13860,False,True,False,De Novo,306
m13862,False,True,False,De Novo,177
m13864,False,True,False,De Novo,188
m13865,False,True,False,De Novo,198
m13867,False,True,False,De Novo,248
m13868,False,True,False,De Novo,286
m13870,False,True,False,De Novo,195
m13871,False,True,False,De Novo,389
m13873,False,True,False,De Novo,429
m13874,False,True,False,De Novo,188
m13875,False,True,False,De Novo,168
m13876,False,True,False,De Novo,196
m13877,False,True,False,De Novo,799
m13878,False,True,False,De Novo,190
m13879,False,True,False,De Novo,187
m13880,False,True,False,De Novo,272
m13881,False,True,False,De Novo,511
m13882,False,True,False,De Novo,189
m13883,False,True,False,De Novo,849
m13884,False,True,False,De Novo,197
m13885,False,True,False,De Novo,300
m13888,False,True,False,De Novo,199
m13889,False,True,False,De Novo,200
m13890,False,True,False,De Novo,190
m13891,False,True,False,De Novo,186
m13892,False,True,False,De Novo,275
m13894,False,True,False,De Novo,198
m13895,False,True,False,De Novo,168
m13896,False,True,False,De Novo,199
m13897,False,True,False,De Novo,225
m13898,False,True,False,De Novo,228
m13900,False,True,False,De Novo,200
m13902,False,True,False,De Novo,171
m13903,False,True,False,De Novo,286
m13904,False,True,False,De Novo,205
m13905,False,True,False,De Novo,373
m13906,False,True,False,De Novo,179
m13909,False,True,False,De Novo,174
m13911,False,True,False,De Novo,184
m13912,False,True,False,De Novo,165
m13913,False,True,False,De Novo,237
m13914,False,True,False,De Novo,405
m13915,False,True,False,De Novo,272
m13916,False,True,False,De Novo,185
m13918,False,True,False,De Novo,194
m13919,False,True,False,De Novo,195
m13920,False,True,False,De Novo,236
m13922,False,True,False,De Novo,166
m13924,False,True,False,De Novo,175
m13925,False,True,False,De Novo,218
m13927,False,True,False,De Novo,200
m13928,False,True,False,De Novo,164
m13929,False,True,False,De Novo,179
m13930,False,True,False,De Novo,198
m13931,False,True,False,De Novo,188
m13933,False,True,False,De Novo,180
m13935,False,True,False,De Novo,194
m13936,False,True,False,De Novo,174
m13937,False,True,False,De Novo,210
m13940,False,True,False,De Novo,218
m13941,False,True,False,De Novo,186
m13942,False,True,False,De Novo,198
m13943,False,True,False,De Novo,291
m13944,False,True,False,De Novo,374
m13945,False,True,False,De Novo,224
m13946,False,True,False,De Novo,190
m13947,False,True,False,De Novo,176
m13949,False,True,False,De Novo,189
m13950,False,True,False,De Novo,186
m13951,False,True,False,De Novo,178
m13952,False,True,False,De Novo,193
m13953,False,True,False,De Novo,185
m13954,False,True,False,De Novo,309
m13955,False,True,False,De Novo,164
m13956,False,True,False,De Novo,193
m13957,False,True,False,De Novo,170
m13958,False,True,False,De Novo,199
m13959,False,True,False,De Novo,314
m13961,False,True,False,De Novo,191
m13962,False,True,False,De Novo,199
m13964,False,True,False,De Novo,183
m13965,False,True,False,De Novo,192
m13966,False,True,False,De Novo,246
m13968,False,True,False,De Novo,189
m13969,False,True,False,De Novo,193
m13970,False,True,False,De Novo,181
m13971,False,True,False,De Novo,173
m13972,False,True,False,De Novo,345
m13974,False,True,False,De Novo,169
m13976,False,True,False,De Novo,191
m13977,False,True,False,De Novo,201
m13978,False,True,False,De Novo,197
m13979,False,True,False,De Novo,176
m13980,False,True,False,De Novo,168
m13981,False,True,False,De Novo,202
m13982,False,True,False,De Novo,499
m13984,False,True,False,De Novo,260
m13985,False,True,False,De Novo,182
m13987,False,True,False,De Novo,206
m13988,False,True,False,De Novo,221
m13989,False,True,False,De Novo,176
m13993,False,True,False,De Novo,198
m13994,False,True,False,De Novo,203
m13995,False,True,False,De Novo,239
m13996,False,True,False,De Novo,191
m13997,False,True,False,De Novo,162
m13999,False,True,False,De Novo,189
m14001,False,True,False,De Novo,168
m14002,False,True,False,De Novo,182
m14003,False,True,False,De Novo,198
m14005,False,True,False,De Novo,245
m14006,False,True,False,De Novo,165
m14007,False,True,False,De Novo,271
m14008,False,True,False,De Novo,188
m14009,False,True,False,De Novo,209
m14010,False,True,False,De Novo,181
m14011,False,True,False,De Novo,177
m14012,False,True,False,De Novo,179
m14013,False,True,False,De Novo,207
m14014,False,True,False,De Novo,182
m14015,False,True,False,De Novo,200
m14016,False,True,False,De Novo,220
m14017,False,True,False,De Novo,245
m14018,False,True,False,De Novo,186
m14019,False,True,False,De Novo,189
m14020,False,True,False,De Novo,197
m14021,False,True,False,De Novo,188
m14022,False,True,False,De Novo,197
m14023,False,True,False,De Novo,191
m14024,False,True,False,De Novo,242
m14025,False,True,False,De Novo,169
m14027,False,True,False,De Novo,670
m14028,False,True,False,De Novo,188
m14029,False,True,False,De Novo,189
m14030,False,True,False,De Novo,310
m14031,False,True,False,De Novo,178
m14032,False,True,False,De Novo,276
m14033,False,True,False,De Novo,183
m14034,False,True,False,De Novo,184
m14037,False,True,False,De Novo,216
m14038,False,True,False,De Novo,203
m14039,False,True,False,De Novo,165
m14040,False,True,False,De Novo,170
m14042,False,True,False,De Novo,215
m14043,False,True,False,De Novo,165
m14044,False,True,False,De Novo,220
m14045,False,True,False,De Novo,169
m14046,False,True,False,De Novo,184
m14047,False,True,False,De Novo,215
m14048,False,True,False,De Novo,223
m14049,False,True,False,De Novo,187
m14051,False,True,False,De Novo,232
m14053,False,True,False,De Novo,189
m14054,False,True,False,De Novo,190
m14055,False,True,False,De Novo,170
m14057,False,True,False,De Novo,188
m14058,False,True,False,De Novo,173
m14060,False,True,False,De Novo,181
m14061,False,True,False,De Novo,191
m14064,False,True,False,De Novo,186
m14065,False,True,False,De Novo,203
m14066,False,True,False,De Novo,193
m14067,False,True,False,De Novo,182
m14068,False,True,False,De Novo,186
m14069,False,True,False,De Novo,222
m14070,False,True,False,De Novo,253
m14071,False,True,False,De Novo,209
m14072,False,True,False,De Novo,195
m14073,False,True,False,De Novo,206
m14074,False,True,False,De Novo,188
m14075,False,True,False,De Novo,199
m14076,False,True,False,De Novo,177
m14077,False,True,False,De Novo,185
m14078,False,True,False,De Novo,165
m14079,False,True,False,De Novo,196
m14080,False,True,False,De Novo,199
m14081,False,True,False,De Novo,186
m14082,False,True,False,De Novo,321
m14083,False,True,False,De Novo,273
m14084,False,True,False,De Novo,183
m14086,False,True,False,De Novo,172
m14087,False,True,False,De Novo,189
m14088,False,True,False,De Novo,167
m14089,False,True,False,De Novo,177
m14090,False,True,False,De Novo,295
m14091,False,True,False,De Novo,198
m14092,False,True,False,De Novo,153
m14093,False,True,False,De Novo,200
m14094,False,True,False,De Novo,223
m14095,False,True,False,De Novo,224
m14096,False,True,False,De Novo,205
m14098,False,True,False,De Novo,193
m14099,False,True,False,De Novo,316
m14100,False,True,False,De Novo,193
m14101,False,True,False,De Novo,178
m14102,False,True,False,De Novo,221
m14103,False,True,False,De Novo,186
m14104,False,True,False,De Novo,186
m14106,False,True,False,De Novo,814
m14107,False,True,False,De Novo,201
m14108,False,True,False,De Novo,648
m14109,False,True,False,De Novo,186
m14111,False,True,False,De Novo,183
m14112,False,True,False,De Novo,197
m14113,False,True,False,De Novo,260
m14114,False,True,False,De Novo,241
m14115,False,True,False,De Novo,203
m14116,False,True,False,De Novo,192
m14117,False,True,False,De Novo,194
m14119,False,True,False,De Novo,193
m14120,False,True,False,De Novo,190
m14121,False,True,False,De Novo,558
m14122,False,True,False,De Novo,715
m14123,False,True,False,De Novo,314
m14125,False,True,False,De Novo,167
m14126,False,True,False,De Novo,183
m14127,False,True,False,De Novo,225
m14128,False,True,False,De Novo,183
m14129,False,True,False,De Novo,209
m14130,False,True,False,De Novo,198
m14131,False,True,False,De Novo,845
m14132,False,True,False,De Novo,181
m14133,False,True,False,De Novo,295
m14134,False,True,False,De Novo,168
m14135,False,True,False,De Novo,162
m14136,False,True,False,De Novo,193
m14137,False,True,False,De Novo,196
m14139,False,True,False,De Novo,204
m14141,False,True,False,De Novo,181
m14142,False,True,False,De Novo,172
m14143,False,True,False,De Novo,270
m14145,False,True,False,De Novo,191
m14146,False,True,False,De Novo,190
m14147,False,True,False,De Novo,184
m14148,False,True,False,De Novo,182
m14150,False,True,False,De Novo,188
m14154,False,True,False,De Novo,204
m14155,False,True,False,De Novo,170
m14156,False,True,False,De Novo,832
m14157,False,True,False,De Novo,177
m14158,False,True,False,De Novo,179
m14159,False,True,False,De Novo,164
m14160,False,True,False,De Novo,292
m14161,False,True,False,De Novo,272
m14163,False,True,False,De Novo,190
m14164,False,True,False,De Novo,195
m14166,False,True,False,De Novo,199
m14167,False,True,False,De Novo,195
m14168,False,True,False,De Novo,235
m14170,False,True,False,De Novo,198
m14171,False,True,False,De Novo,276
m14172,False,True,False,De Novo,205
m14173,False,True,False,De Novo,167
m14174,False,True,False,De Novo,180
m14175,False,True,False,De Novo,354
m14176,False,True,False,De Novo,206
m14177,False,True,False,De Novo,174
m14178,False,True,False,De Novo,170
m14179,False,True,False,De Novo,213
m14180,False,True,False,De Novo,168
m14181,False,True,False,De Novo,182
m14182,False,True,False,De Novo,191
m14184,False,True,False,De Novo,220
m14187,False,True,False,De Novo,172
m14188,False,True,False,De Novo,198
m14189,False,True,False,De Novo,246
m14191,False,True,False,De Novo,173
m14192,False,True,False,De Novo,164
m14193,False,True,False,De Novo,207
m14194,False,True,False,De Novo,183
m14195,False,True,False,De Novo,185
m14196,False,True,False,De Novo,189
m14197,False,True,False,De Novo,221
m14198,False,True,False,De Novo,166
m14200,False,True,False,De Novo,791
m14203,False,True,False,De Novo,225
m14205,False,True,False,De Novo,206
m14206,False,True,False,De Novo,190
m14207,False,True,False,De Novo,222
m14208,False,True,False,De Novo,285
m14209,False,True,False,De Novo,184
m14210,False,True,False,De Novo,180
m14211,False,True,False,De Novo,241
m14212,False,True,False,De Novo,183
m14213,False,True,False,De Novo,210
m14214,False,True,False,De Novo,862
m14215,False,True,False,De Novo,212
m14216,False,True,False,De Novo,184
m14217,False,True,False,De Novo,210
m14218,False,True,False,De Novo,170
m14219,False,True,False,De Novo,180
m14220,False,True,False,De Novo,193
m14221,False,True,False,De Novo,182
m14222,False,True,False,De Novo,203
m14223,False,True,False,De Novo,176
m14224,False,True,False,De Novo,180
m14225,False,True,False,De Novo,205
m14226,False,True,False,De Novo,178
m14227,False,True,False,De Novo,194
m14228,False,True,False,De Novo,210
m14229,False,True,False,De Novo,176
m14230,False,True,False,De Novo,185
m14231,False,True,False,De Novo,199
m14232,False,True,False,De Novo,171
m14233,False,True,False,De Novo,215
m14236,False,True,False,De Novo,185
m14237,False,True,False,De Novo,262
m14239,False,True,False,De Novo,188
m14240,False,True,False,De Novo,360
m14241,False,True,False,De Novo,170
m14242,False,True,False,De Novo,177
m14243,False,True,False,De Novo,239
m14244,False,True,False,De Novo,182
m14245,False,True,False,De Novo,212
m14246,False,True,False,De Novo,177
m14247,False,True,False,De Novo,239
m14248,False,True,False,De Novo,206
m14250,False,True,False,De Novo,198
m14251,False,True,False,De Novo,174
m14252,False,True,False,De Novo,213
m14253,False,True,False,De Novo,176
m14254,False,True,False,De Novo,316
m14255,False,True,False,De Novo,696
m14258,False,True,False,De Novo,189
m14259,False,True,False,De Novo,194
m14260,False,True,False,De Novo,176
m14262,False,True,False,De Novo,205
m14264,False,True,False,De Novo,257
m14265,False,True,False,De Novo,190
m14266,False,True,False,De Novo,323
m14267,False,True,False,De Novo,207
m14268,False,True,False,De Novo,189
m14269,False,True,False,De Novo,206
m14270,False,True,False,De Novo,201
m14272,False,True,False,De Novo,177
m14273,False,True,False,De Novo,285
m14274,False,True,False,De Novo,200
m14275,False,True,False,De Novo,214
m14276,False,True,False,De Novo,316
m14277,False,True,False,De Novo,206
m14278,False,True,False,De Novo,187
m14279,False,True,False,De Novo,220
m14280,False,True,False,De Novo,245
m14281,False,True,False,De Novo,207
m14285,False,True,False,De Novo,282
m14286,False,True,False,De Novo,202
m14287,False,True,False,De Novo,309
m14288,False,True,False,De Novo,188
m14289,False,True,False,De Novo,185
m14290,False,True,False,De Novo,196
m14291,False,True,False,De Novo,213
m14292,False,True,False,De Novo,203
m14293,False,True,False,De Novo,313
m14295,False,True,False,De Novo,171
m14296,False,True,False,De Novo,188
m14297,False,True,False,De Novo,258
m14298,False,True,False,De Novo,189
m14300,False,True,False,De Novo,182
m14301,False,True,False,De Novo,197
m14302,False,True,False,De Novo,199
m14303,False,True,False,De Novo,351
m14305,False,True,False,De Novo,176
m14307,False,True,False,De Novo,176
m14308,False,True,False,De Novo,175
m14309,False,True,False,De Novo,157
m14312,False,True,False,De Novo,239
m14313,False,True,False,De Novo,174
m14315,False,True,False,De Novo,199
m14318,False,True,False,De Novo,196
m14319,False,True,False,De Novo,265
m14320,False,True,False,De Novo,169
m14321,False,True,False,De Novo,164
m14322,False,True,False,De Novo,185
m14324,False,True,False,De Novo,171
m14325,False,True,False,De Novo,213
m14326,False,True,False,De Novo,201
m14327,False,True,False,De Novo,184
m14328,False,True,False,De Novo,285
m14329,False,True,False,De Novo,202
m14330,False,True,False,De Novo,272
m14331,False,True,False,De Novo,154
m14332,False,True,False,De Novo,186
m14333,False,True,False,De Novo,187
m14334,False,True,False,De Novo,185
m14335,False,True,False,De Novo,231
m14336,False,True,False,De Novo,167
m14337,False,True,False,De Novo,215
m14338,False,True,False,De Novo,165
m14339,False,True,False,De Novo,188
m14340,False,True,False,De Novo,188
m14341,False,True,False,De Novo,188
m14342,False,True,False,De Novo,223
m14343,False,True,False,De Novo,247
m14344,False,True,False,De Novo,191
m14345,False,True,False,De Novo,189
m14347,False,True,False,De Novo,179
m14350,False,True,False,De Novo,270
m14351,False,True,False,De Novo,401
m14352,False,True,False,De Novo,188
m14356,False,True,False,De Novo,179
m14357,False,True,False,De Novo,227
m14360,False,True,False,De Novo,186
m14361,False,True,False,De Novo,207
m14363,False,True,False,De Novo,176
m14364,False,True,False,De Novo,177
m14365,False,True,False,De Novo,217
m14366,False,True,False,De Novo,192
m14368,False,True,False,De Novo,180
m14370,False,True,False,De Novo,177
m14371,False,True,False,De Novo,188
m14372,False,True,False,De Novo,240
m14373,False,True,False,De Novo,164
m14374,False,True,False,De Novo,201
m14375,False,True,False,De Novo,197
m14376,False,True,False,De Novo,184
m14377,False,True,False,De Novo,245
m14378,False,True,False,De Novo,183
m14379,False,True,False,De Novo,729
m14380,False,True,False,De Novo,177
m14381,False,True,False,De Novo,197
m14382,False,True,False,De Novo,246
m14383,False,True,False,De Novo,178
m14384,False,True,False,De Novo,190
m14385,False,True,False,De Novo,184
m14386,False,True,False,De Novo,188
m14387,False,True,False,De Novo,184
m14388,False,True,False,De Novo,203
m14389,False,True,False,De Novo,182
m14390,False,True,False,De Novo,223
m14391,False,True,False,De Novo,201
m14392,False,True,False,De Novo,187
m14393,False,True,False,De Novo,261
m14394,False,True,False,De Novo,203
m14395,False,True,False,De Novo,227
m14396,False,True,False,De Novo,189
m14397,False,True,False,De Novo,186
m14398,False,True,False,De Novo,178
m14399,False,True,False,De Novo,178
m14400,False,True,False,De Novo,171
m14401,False,True,False,De Novo,228
m14402,False,True,False,De Novo,185
m14403,False,True,False,De Novo,230
m14404,False,True,False,De Novo,201
m14405,False,True,False,De Novo,594
m14406,False,True,False,De Novo,236
m14407,False,True,False,De Novo,182
m14408,False,True,False,De Novo,182
m14409,False,True,False,De Novo,172
m14410,False,True,False,De Novo,167
m14411,False,True,False,De Novo,191
m14412,False,True,False,De Novo,210
m14413,False,True,False,De Novo,220
m14415,False,True,False,De Novo,187
m14416,False,True,False,De Novo,302
m14417,False,True,False,De Novo,181
m14418,False,True,False,De Novo,195
m14419,False,True,False,De Novo,197
m14420,False,True,False,De Novo,187
m14421,False,True,False,De Novo,201
m14422,False,True,False,De Novo,187
m14423,False,True,False,De Novo,161
m14425,False,True,False,De Novo,256
m14426,False,True,False,De Novo,270
m14427,False,True,False,De Novo,190
m14429,False,True,False,De Novo,277
m14430,False,True,False,De Novo,202
m14431,False,True,False,De Novo,238
m14432,False,True,False,De Novo,181
m14434,False,True,False,De Novo,170
m14436,False,True,False,De Novo,183
m14437,False,True,False,De Novo,179
m14439,False,True,False,De Novo,204
m14440,False,True,False,De Novo,185
m14443,False,True,False,De Novo,181
m14444,False,True,False,De Novo,173
m14445,False,True,False,De Novo,186
m14446,False,True,False,De Novo,278
m14448,False,True,False,De Novo,302
m14449,False,True,False,De Novo,198
m14450,False,True,False,De Novo,190
m14451,False,True,False,De Novo,180
m14452,False,True,False,De Novo,174
m14455,False,True,False,De Novo,202
m14456,False,True,False,De Novo,291
m14457,False,True,False,De Novo,192
m14458,False,True,False,De Novo,222
m14459,False,True,False,De Novo,191
m14460,False,True,False,De Novo,226
m14461,False,True,False,De Novo,373
m14462,False,True,False,De Novo,158
m14463,False,True,False,De Novo,225
m14464,False,True,False,De Novo,186
m14466,False,True,False,De Novo,269
m14467,False,True,False,De Novo,222
m14468,False,True,False,De Novo,186
m14469,False,True,False,De Novo,199
m14470,False,True,False,De Novo,251
m14472,False,True,False,De Novo,187
m14473,False,True,False,De Novo,234
m14474,False,True,False,De Novo,248
m14475,False,True,False,De Novo,183
m14476,False,True,False,De Novo,159
m14477,False,True,False,De Novo,183
m14478,False,True,False,De Novo,248
m14479,False,True,False,De Novo,241
m14480,False,True,False,De Novo,169
m14481,False,True,False,De Novo,187
m14482,False,True,False,De Novo,201
m14483,False,True,False,De Novo,190
m14484,False,True,False,De Novo,201
m14485,False,True,False,De Novo,193
m14486,False,True,False,De Novo,193
m14487,False,True,False,De Novo,216
m14489,False,True,False,De Novo,197
m14491,False,True,False,De Novo,254
m14492,False,True,False,De Novo,233
m14493,False,True,False,De Novo,188
m14494,False,True,False,De Novo,179
m14495,False,True,False,De Novo,176
m14497,False,True,False,De Novo,173
m14498,False,True,False,De Novo,262
m14499,False,True,False,De Novo,250
m14500,False,True,False,De Novo,210
m14501,False,True,False,De Novo,194
m14503,False,True,False,De Novo,254
m14504,False,True,False,De Novo,194
m14505,False,True,False,De Novo,172
m14506,False,True,False,De Novo,201
m14507,False,True,False,De Novo,187
m14508,False,True,False,De Novo,217
m14510,False,True,False,De Novo,190
m14515,False,True,False,De Novo,207
m14516,False,True,False,De Novo,211
m14517,False,True,False,De Novo,193
m14518,False,True,False,De Novo,580
m14519,False,True,False,De Novo,243
m14520,False,True,False,De Novo,195
m14521,False,True,False,De Novo,198
m14522,False,True,False,De Novo,205
m14523,False,True,False,De Novo,195
m14524,False,True,False,De Novo,178
m14525,False,True,False,De Novo,203
m14526,False,True,False,De Novo,195
m14527,False,True,False,De Novo,191
m14528,False,True,False,De Novo,178
m14529,False,True,False,De Novo,189
m14530,False,True,False,De Novo,271
m14531,False,True,False,De Novo,192
m14533,False,True,False,De Novo,209
m14534,False,True,False,De Novo,296
m14535,False,True,False,De Novo,211
m14536,False,True,False,De Novo,209
m14538,False,True,False,De Novo,179
m14539,False,True,False,De Novo,190
m14540,False,True,False,De Novo,200
m14541,False,True,False,De Novo,202
m14542,False,True,False,De Novo,178
m14543,False,True,False,De Novo,197
m14544,False,True,False,De Novo,158
m14545,False,True,False,De Novo,178
m14546,False,True,False,De Novo,219
m14547,False,True,False,De Novo,180
m14548,False,True,False,De Novo,189
m14549,False,True,False,De Novo,222
m14550,False,True,False,De Novo,161
m14551,False,True,False,De Novo,200
m14552,False,True,False,De Novo,297
m14553,False,True,False,De Novo,203
m14554,False,True,False,De Novo,651
m14555,False,True,False,De Novo,284
m14556,False,True,False,De Novo,212
m14558,False,True,False,De Novo,202
m14559,False,True,False,De Novo,182
m14561,False,True,False,De Novo,181
m14562,False,True,False,De Novo,215
m14563,False,True,False,De Novo,182
m14564,False,True,False,De Novo,207
m14567,False,True,False,De Novo,264
m14568,False,True,False,De Novo,234
m14569,False,True,False,De Novo,206
m14570,False,True,False,De Novo,176
m14571,False,True,False,De Novo,198
m14573,False,True,False,De Novo,190
m14574,False,True,False,De Novo,204
m14575,False,True,False,De Novo,194
m14576,False,True,False,De Novo,189
m14578,False,True,False,De Novo,225
m14579,False,True,False,De Novo,200
m14580,False,True,False,De Novo,200
m14581,False,True,False,De Novo,184
m14582,False,True,False,De Novo,186
m14583,False,True,False,De Novo,172
m14585,False,True,False,De Novo,181
m14586,False,True,False,De Novo,180
m14587,False,True,False,De Novo,197
m14588,False,True,False,De Novo,195
m14589,False,True,False,De Novo,197
m14590,False,True,False,De Novo,240
m14591,False,True,False,De Novo,201
m14592,False,True,False,De Novo,186
m14593,False,True,False,De Novo,194
m14594,False,True,False,De Novo,841
m14595,False,True,False,De Novo,171
m14596,False,True,False,De Novo,192
m14597,False,True,False,De Novo,274
m14598,False,True,False,De Novo,261
m14599,False,True,False,De Novo,258
m14600,False,True,False,De Novo,191
m14601,False,True,False,De Novo,175
m14602,False,True,False,De Novo,224
m14604,False,True,False,De Novo,174
m14605,False,True,False,De Novo,179
m14607,False,True,False,De Novo,216
m14608,False,True,False,De Novo,260
m14609,False,True,False,De Novo,184
m14610,False,True,False,De Novo,181
m14611,False,True,False,De Novo,241
m14612,False,True,False,De Novo,163
m14613,False,True,False,De Novo,629
m14614,False,True,False,De Novo,186
m14615,False,True,False,De Novo,179
m14616,False,True,False,De Novo,184
m14619,False,True,False,De Novo,208
m14620,False,True,False,De Novo,166
m14621,False,True,False,De Novo,212
m14623,False,True,False,De Novo,302
m14625,False,True,False,De Novo,188
m14626,False,True,False,De Novo,239
m14627,False,True,False,De Novo,184
m14628,False,True,False,De Novo,190
m14629,False,True,False,De Novo,199
m14630,False,True,False,De Novo,223
m14631,False,True,False,De Novo,190
m14632,False,True,False,De Novo,191
m14634,False,True,False,De Novo,195
m14635,False,True,False,De Novo,191
m14637,False,True,False,De Novo,190
m14639,False,True,False,De Novo,222
m14640,False,True,False,De Novo,173
m14641,False,True,False,De Novo,317
m14642,False,True,False,De Novo,181
m14645,False,True,False,De Novo,198
m14647,False,True,False,De Novo,208
m14649,False,True,False,De Novo,178
m14650,False,True,False,De Novo,186
m14651,False,True,False,De Novo,204
m14652,False,True,False,De Novo,182
m14653,False,True,False,De Novo,169
m14654,False,True,False,De Novo,230
m14655,False,True,False,De Novo,186
m14657,False,True,False,De Novo,306
m14658,False,True,False,De Novo,302
m14659,False,True,False,De Novo,273
m14660,False,True,False,De Novo,273
m14661,False,True,False,De Novo,200
m14662,False,True,False,De Novo,221
m14663,False,True,False,De Novo,284
m14664,False,True,False,De Novo,168
m14665,False,True,False,De Novo,288
m14667,False,True,False,De Novo,180
m14668,False,True,False,De Novo,215
m14669,False,True,False,De Novo,173
m14670,False,True,False,De Novo,177
m14671,False,True,False,De Novo,198
m14674,False,True,False,De Novo,172
m14676,False,True,False,De Novo,180
m14677,False,True,False,De Novo,190
m14678,False,True,False,De Novo,181
m14680,False,True,False,De Novo,184
m14681,False,True,False,De Novo,265
m14682,False,True,False,De Novo,255
m14683,False,True,False,De Novo,233
m14684,False,True,False,De Novo,187
m14685,False,True,False,De Novo,222
m14688,False,True,False,De Novo,215
m14689,False,True,False,De Novo,183
m14691,False,True,False,De Novo,188
m14692,False,True,False,De Novo,276
m14693,False,True,False,De Novo,177
m14694,False,True,False,De Novo,173
m14696,False,True,False,De Novo,197
m14698,False,True,False,De Novo,232
m14699,False,True,False,De Novo,193
m14700,False,True,False,De Novo,213
m14701,False,True,False,De Novo,203
m14702,False,True,False,De Novo,184
m14703,False,True,False,De Novo,196
m14704,False,True,False,De Novo,197
m14705,False,True,False,De Novo,210
m14706,False,True,False,De Novo,194
m14707,False,True,False,De Novo,587
m14708,False,True,False,De Novo,247
m14709,False,True,False,De Novo,194
m14710,False,True,False,De Novo,203
m14711,False,True,False,De Novo,177
m14712,False,True,False,De Novo,206
m14713,False,True,False,De Novo,376
m14714,False,True,False,De Novo,291
m14715,False,True,False,De Novo,168
m14716,False,True,False,De Novo,207
m14717,False,True,False,De Novo,214
m14719,False,True,False,De Novo,186
m14720,False,True,False,De Novo,176
m14721,False,True,False,De Novo,260
m14723,False,True,False,De Novo,185
m14724,False,True,False,De Novo,197
m14725,False,True,False,De Novo,198
m14726,False,True,False,De Novo,187
m14727,False,True,False,De Novo,188
m14728,False,True,False,De Novo,329
m14729,False,True,False,De Novo,182
m14730,False,True,False,De Novo,184
m14731,False,True,False,De Novo,206
m14732,False,True,False,De Novo,175
m14734,False,True,False,De Novo,177
m14735,False,True,False,De Novo,226
m14737,False,True,False,De Novo,191
m14738,False,True,False,De Novo,185
m14739,False,True,False,De Novo,333
m14741,False,True,False,De Novo,194
m14742,False,True,False,De Novo,250
m14743,False,True,False,De Novo,190
m14744,False,True,False,De Novo,199
m14746,False,True,False,De Novo,193
m14747,False,True,False,De Novo,213
m14748,False,True,False,De Novo,279
m14749,False,True,False,De Novo,188
m14750,False,True,False,De Novo,212
m14751,False,True,False,De Novo,209
m14752,False,True,False,De Novo,237
m14753,False,True,False,De Novo,187
m14754,False,True,False,De Novo,252
m14755,False,True,False,De Novo,187
m14756,False,True,False,De Novo,180
m14757,False,True,False,De Novo,227
m14758,False,True,False,De Novo,194
m14759,False,True,False,De Novo,173
m14760,False,True,False,De Novo,185
m14761,False,True,False,De Novo,193
m14762,False,True,False,De Novo,240
m14765,False,True,False,De Novo,238
m14767,False,True,False,De Novo,209
m14768,False,True,False,De Novo,307
m14770,False,True,False,De Novo,191
m14772,False,True,False,De Novo,208
m14773,False,True,False,De Novo,745
m14775,False,True,False,De Novo,174
m14776,False,True,False,De Novo,211
m14778,False,True,False,De Novo,218
m14779,False,True,False,De Novo,186
m14780,False,True,False,De Novo,183
m14781,False,True,False,De Novo,175
m14782,False,True,False,De Novo,243
m14783,False,True,False,De Novo,194
m14784,False,True,False,De Novo,202
m14786,False,True,False,De Novo,423
m14787,False,True,False,De Novo,262
m14788,False,True,False,De Novo,231
m14789,False,True,False,De Novo,281
m14790,False,True,False,De Novo,203
m14791,False,True,False,De Novo,194
m14792,False,True,False,De Novo,179
m14793,False,True,False,De Novo,193
m14794,False,True,False,De Novo,256
m14796,False,True,False,De Novo,175
m14797,False,True,False,De Novo,178
m14798,False,True,False,De Novo,181
m14799,False,True,False,De Novo,277
m14800,False,True,False,De Novo,198
m14801,False,True,False,De Novo,191
m14802,False,True,False,De Novo,185
m14803,False,True,False,De Novo,207
m14804,False,True,False,De Novo,197
m14805,False,True,False,De Novo,175
m14806,False,True,False,De Novo,215
m14807,False,True,False,De Novo,186
m14808,False,True,False,De Novo,312
m14809,False,True,False,De Novo,185
m14811,False,True,False,De Novo,246
m14812,False,True,False,De Novo,212
m14813,False,True,False,De Novo,365
m14814,False,True,False,De Novo,223
m14818,False,True,False,De Novo,297
m14821,False,True,False,De Novo,170
m14822,False,True,False,De Novo,262
m14823,False,True,False,De Novo,183
m14824,False,True,False,De Novo,208
m14825,False,True,False,De Novo,194
m14826,False,True,False,De Novo,189
m14827,False,True,False,De Novo,232
m14828,False,True,False,De Novo,168
m14829,False,True,False,De Novo,204
m14836,False,True,False,De Novo,227
m14837,False,True,False,De Novo,189
m14838,False,True,False,De Novo,172
m14839,False,True,False,De Novo,226
m14840,False,True,False,De Novo,197
m14841,False,True,False,De Novo,271
m14842,False,True,False,De Novo,204
m14843,False,True,False,De Novo,171
m14845,False,True,False,De Novo,186
m14846,False,True,False,De Novo,188
m14847,False,True,False,De Novo,191
m14848,False,True,False,De Novo,200
m14849,False,True,False,De Novo,248
m14850,False,True,False,De Novo,183
m14851,False,True,False,De Novo,278
m14853,False,True,False,De Novo,649
m14854,False,True,False,De Novo,210
m14855,False,True,False,De Novo,250
m14856,False,True,False,De Novo,296
m14857,False,True,False,De Novo,203
m14858,False,True,False,De Novo,198
m14859,False,True,False,De Novo,200
m14860,False,True,False,De Novo,202
m14861,False,True,False,De Novo,192
m14864,False,True,False,De Novo,189
m14867,False,True,False,De Novo,166
m14868,False,True,False,De Novo,171
m14869,False,True,False,De Novo,198
m14870,False,True,False,De Novo,260
m14871,False,True,False,De Novo,186
m14872,False,True,False,De Novo,247
m14873,False,True,False,De Novo,172
m14874,False,True,False,De Novo,180
m14876,False,True,False,De Novo,213
m14877,False,True,False,De Novo,292
m14878,False,True,False,De Novo,273
m14879,False,True,False,De Novo,200
m14880,False,True,False,De Novo,192
m14882,False,True,False,De Novo,175
m14883,False,True,False,De Novo,177
m14884,False,True,False,De Novo,192
m14885,False,True,False,De Novo,199
m14886,False,True,False,De Novo,194
m14887,False,True,False,De Novo,180
m14888,False,True,False,De Novo,178
m14889,False,True,False,De Novo,205
m14890,False,True,False,De Novo,190
m14892,False,True,False,De Novo,194
m14893,False,True,False,De Novo,215
m14894,False,True,False,De Novo,208
m14895,False,True,False,De Novo,193
m14896,False,True,False,De Novo,207
m14897,False,True,False,De Novo,230
m14899,False,True,False,De Novo,255
m14900,False,True,False,De Novo,201
m14901,False,True,False,De Novo,182
m14904,False,True,False,De Novo,189
m14905,False,True,False,De Novo,217
m14906,False,True,False,De Novo,173
m14907,False,True,False,De Novo,233
m14908,False,True,False,De Novo,197
m14909,False,True,False,De Novo,241
m14910,False,True,False,De Novo,208
m14911,False,True,False,De Novo,190
m14913,False,True,False,De Novo,397
m14914,False,True,False,De Novo,202
m14915,False,True,False,De Novo,266
m14916,False,True,False,De Novo,186
m14917,False,True,False,De Novo,184
m14918,False,True,False,De Novo,182
m14919,False,True,False,De Novo,186
m14921,False,True,False,De Novo,198
m14923,False,True,False,De Novo,191
m14924,False,True,False,De Novo,167
m14925,False,True,False,De Novo,220
m14926,False,True,False,De Novo,176
m14927,False,True,False,De Novo,272
m14928,False,True,False,De Novo,205
m14929,False,True,False,De Novo,208
m14930,False,True,False,De Novo,255
m14932,False,True,False,De Novo,212
m14934,False,True,False,De Novo,167
m14935,False,True,False,De Novo,213
m14936,False,True,False,De Novo,210
m14937,False,True,False,De Novo,166
m14939,False,True,False,De Novo,199
m14940,False,True,False,De Novo,181
m14941,False,True,False,De Novo,179
m14942,False,True,False,De Novo,210
m14943,False,True,False,De Novo,182
m14945,False,True,False,De Novo,179
m14946,False,True,False,De Novo,226
m14947,False,True,False,De Novo,277
m14949,False,True,False,De Novo,216
m14950,False,True,False,De Novo,169
m14951,False,True,False,De Novo,195
m14952,False,True,False,De Novo,198
m14954,False,True,False,De Novo,206
m14955,False,True,False,De Novo,242
m14956,False,True,False,De Novo,171
m14957,False,True,False,De Novo,185
m14960,False,True,False,De Novo,220
m14962,False,True,False,De Novo,530
m14963,False,True,False,De Novo,208
m14964,False,True,False,De Novo,192
m14965,False,True,False,De Novo,183
m14966,False,True,False,De Novo,164
m14967,False,True,False,De Novo,193
m14968,False,True,False,De Novo,180
m14969,False,True,False,De Novo,189
m14970,False,True,False,De Novo,191
m14972,False,True,False,De Novo,184
m14973,False,True,False,De Novo,223
m14975,False,True,False,De Novo,174
m14976,False,True,False,De Novo,179
m14977,False,True,False,De Novo,209
m14978,False,True,False,De Novo,228
m14979,False,True,False,De Novo,199
m14980,False,True,False,De Novo,176
m14981,False,True,False,De Novo,196
m14982,False,True,False,De Novo,186
m14983,False,True,False,De Novo,195
m14984,False,True,False,De Novo,181
m14985,False,True,False,De Novo,193
m14986,False,True,False,De Novo,185
m14989,False,True,False,De Novo,378
m14991,False,True,False,De Novo,195
m14994,False,True,False,De Novo,171
m14995,False,True,False,De Novo,197
m14996,False,True,False,De Novo,299
m14997,False,True,False,De Novo,272
m14998,False,True,False,De Novo,179
m14999,False,True,False,De Novo,269
false_m15067,False,False,True,False,271
false_m15077,False,False,True,False,279
false_m15163,False,False,True,False,275
false_m15182,False,False,True,False,272
false_m15195,False,False,True,False,269
false_m15270,False,False,True,False,271
false_m15295,False,False,True,False,279
false_m15553,False,False,True,False,274
false_m15599,False,False,True,False,271
false_m15610,False,False,True,False,270
false_m15710,False,False,True,False,275
false_m15726,False,False,True,False,269
false_m15820,False,False,True,False,275
false_m16187,False,False,True,False,267
false_m16494,False,False,True,False,266
